,labels,probabilities
10001_at,7,0.857061388811264
10003_f_at,3,0.9997030787946083
10005_at,3,0.997950798413109
10010_at,5,0.9868157342744861
10011_at,7,0.7011174208127656
10012_at,6,0.6208053510130453
10019_at,5,0.9965487268510999
10021_at,2,0.994534826405533
10023_at,6,0.8610388741365912
10026_at,2,0.9569065248178112
10027_at,4,0.9980985361023672
10028_at,7,0.9996037623583283
10031_at,0,0.9851633283709305
10034_at,0,0.9805695405538327
10039_s_at,4,0.9581873200476219
10040_at,4,0.9844924978299039
10043_at,4,0.9994261077905682
10045_at,6,0.9954115941548705
10046_at,0,0.9980465153240454
10048_at,6,0.973332641951685
10049_at,7,0.9989555378718104
10050_at,4,0.6126714188364496
10051_at,0,0.7872942009394972
10053_at,3,0.9890334909436479
10054_at,5,0.9886678778831064
10055_at,7,0.9999347381914516
10056_at,4,0.9585341415267368
10058_at,6,0.9981371346592938
10059_at,3,0.9977028515410354
10060_at,4,0.998806063756536
10061_at,5,0.9823605330082473
10063_i_at,7,0.8875075282313365
10068_i_at,3,0.9994173811753716
10069_f_at,3,0.9989020944776158
10071_at,2,0.8059811158139076
10072_at,4,0.8975803871993704
10075_at,4,0.9989752751261137
10076_at,2,0.9653686067731865
10077_at,7,0.9996780156056299
10078_at,4,0.9881565506871745
10080_at,5,0.973248069051691
10085_at,0,0.9984896047621707
10087_at,7,0.9925803376214696
10089_at,4,0.9874774563430526
10091_at,0,0.9997848871686441
10092_at,0,0.9806576508418341
10097_at,3,0.9995670114380397
10099_at,4,0.9849430796352968
10100_at,4,0.9979955778535354
10101_at,7,0.9998392414301623
10103_at,6,0.526819435114712
10104_at,7,0.9926940347750866
10107_at,0,0.9995864006979233
10108_at,6,0.9630456078028884
10109_at,6,0.5320750745291869
10110_at,5,0.9950227076814904
10111_at,4,0.9965772575142934
10113_at,0,0.7372200794732209
10114_at,0,0.9991231689698398
10115_at,0,0.9967541983933038
10116_at,0,0.9876115916978419
10118_at,0,0.999480237755701
10120_at,2,0.9617585382570282
10121_at,3,0.9870414030846596
10124_at,2,0.93266790475552
10125_at,5,0.9869480969060481
10127_at,3,0.5825321370020562
10129_at,2,0.9696960753474682
10130_at,3,0.9973118350838363
10131_at,0,0.9965477275366309
10132_at,3,0.6764622079105471
10133_at,0,0.986154640870076
10136_at,2,0.9336457576089258
10138_g_at,2,0.8276737955187289
10139_i_at,7,0.6211567046367531
10141_at,7,0.9897979878639472
10142_at,7,0.9094009357187389
10143_at,2,0.9727419758381441
10144_at,2,0.8845788721030117
10146_at,2,0.9797301600958097
10148_at,7,0.999747420316384
10151_at,2,0.7235674741714355
10152_at,3,0.9973217677077648
10154_at,4,0.9843077068478626
10155_at,3,0.8495374271830779
10156_at,3,0.9994609772307851
10157_at,5,0.9866526497897964
10158_at,4,0.9989410677098071
10159_at,3,0.9996396573349533
10160_at,3,0.9997576461905333
10161_g_at,3,0.9807349034657059
10162_at,2,0.9224412966405192
10163_at,5,0.7392660486346847
10164_at,7,0.9999656965358
10166_at,3,0.9997461741832819
10167_at,0,0.9462930159564954
10169_at,7,0.8120664853698661
10171_at,2,0.9668072463686966
10173_at,0,0.6992964966891357
10176_at,3,0.9994239945244776
10177_at,0,0.5113840053596892
10179_at,4,0.9976346659412484
10180_at,3,0.9992758543782386
10181_at,4,0.98427254786158
10186_s_at,2,0.962450537399036
10188_at,7,0.9992595312672644
10189_at,6,0.9980191832577332
10192_at,6,0.9938613385408153
10198_at,2,0.9449804326833617
10203_at,0,0.9838022778174396
10205_at,5,0.9681388807531058
10206_at,5,0.9749138387182246
10207_at,5,0.9745609556243008
10208_at,3,0.9754909538545297
10211_at,2,0.9923834305570199
10212_at,0,0.9466775143791949
10213_at,7,0.9980137295837475
10214_at,4,0.9400551425957752
10219_at,7,0.9754695520031942
10221_at,4,0.9908971982318188
10222_at,7,0.9999131343051557
10224_at,3,0.9511035309082985
10225_at,3,0.9990663809425017
10227_at,6,0.5739301673916585
10228_at,4,0.9673307005981918
10231_at,5,0.9955957004726715
10235_at,6,0.985578757299555
10238_at,0,0.9998411006768472
10241_at,7,0.8602586605529904
10243_at,2,0.9957604599712265
10244_at,4,0.8981174141249545
10245_at,2,0.9921496882404292
10247_at,3,0.9994938637129794
10253_at,7,0.983310978639043
10254_at,7,0.9998095970079443
10255_at,2,0.5200202570702838
10256_at,3,0.999562088181666
10257_at,4,0.9973985799713665
10260_at,0,0.9498062773160431
10262_at,5,0.9677264803577972
10265_at,3,0.9903897208005205
10267_at,3,0.9993269769603124
10269_at,3,0.996830584753692
10270_at,3,0.9998262986894173
10272_at,0,0.9999293866812154
10273_at,6,0.7691769609525435
10274_at,3,0.8247220383464489
10276_at,7,0.9990560652561966
10277_at,0,0.9704210982667244
10278_at,7,0.9980981551739626
10279_at,4,0.9987052243101439
10282_at,0,0.9999848896793289
10283_at,6,0.9889944486683621
10289_f_at,2,0.9543646043637659
10290_at,5,0.9604152834420352
10291_at,5,0.9827188465317299
10292_at,3,0.9982636512305069
10294_at,7,0.9957702748634418
10297_at,7,0.990738024743306
10300_f_at,3,0.9932326278603677
10301_at,3,0.9997514897823181
10302_g_at,3,0.998938182421715
10304_at,7,0.993227976141623
10305_at,0,0.9951538960253883
10306_at,2,0.5592015919572569
10307_at,2,0.970814298591501
10308_at,5,0.9839124014616148
10310_at,0,0.9998418052651266
10313_at,0,0.9902684762607101
10316_at,3,0.9881557456399075
10318_at,0,0.9985426049830779
10319_at,3,0.6189928761481323
10322_at,7,0.8180751636048216
10323_at,7,0.9075381174545329
10324_at,6,0.9794989236341687
10325_at,3,0.9992608700055822
10326_g_at,3,0.9996387726494063
10327_at,6,0.9974425651699358
10328_at,2,0.698054599786636
10331_at,3,0.7786072680129779
10332_at,0,0.9984475521875765
10334_at,7,0.9436710335692634
10335_at,0,0.9998596241099315
10336_at,2,0.8684399197639916
10341_at,7,0.9989377963787659
10342_at,5,0.906508295840116
10343_at,2,0.9773441045126522
10344_at,0,0.5003420781146165
10346_at,3,0.9927452725890725
10348_at,2,0.975173673921206
10349_at,6,0.986920414793087
10350_at,7,0.9707064994961883
10351_at,0,0.999912506913513
10352_at,0,0.9999175531486746
10353_at,0,0.9704370281283108
10354_at,5,0.9878290657969524
10358_at,6,0.995803268241047
10360_at,4,0.6805795874692345
10361_f_at,2,0.964727028402195
10363_at,4,0.9980335164225338
10365_at,7,0.8641457592359395
10368_s_at,2,0.9613073886947402
10370_at,3,0.9247937964754845
10372_at,2,0.935436620920227
10374_at,6,0.9985610195112886
10376_at,7,0.9887390538167374
10377_at,3,0.9564330670300449
10378_at,3,0.9984228226761301
10381_at,2,0.95176457277961
10383_at,6,0.5349778869483964
10386_s_at,3,0.9996957254694986
10391_at,4,0.5968351423089812
10392_at,4,0.9973199293797527
10395_at,3,0.9979070919813882
10396_at,7,0.9197970644466585
10397_at,4,0.9243272532051718
10398_at,2,0.988185316065883
10401_at,7,0.9903574376645405
10404_at,4,0.48137774471964895
10405_at,2,0.6505584711554518
10408_at,3,0.973595859038645
10414_at,7,0.8998330330319114
10416_at,6,0.9760332463542339
10418_at,6,0.9982254991854224
10425_at,7,0.9958858362759616
10426_at,2,0.9899505495208845
10428_at,2,0.9838387472834508
10429_at,2,0.9438188521031736
10431_at,2,0.5036373132683737
10432_at,4,0.9981698262326241
10433_at,4,0.9908001108663806
10434_at,6,0.9412435186783362
10439_at,0,0.9923061766608604
10441_at,7,0.9714433643626615
10443_at,6,0.9982494132710885
10445_s_at,6,0.9112603079955315
10446_s_at,4,0.9990084002546812
10447_s_at,2,0.9876956869540926
10449_at,5,0.9700912113953765
10450_at,6,0.995143498601911
10455_at,2,0.967176968586734
10456_at,3,0.9963485704782037
10458_at,6,0.9976202421981736
10459_at,2,0.9898344465249801
10462_at,7,0.9992611582620639
10464_at,7,0.9999240975763635
10468_at,4,0.9976728648008061
10470_at,6,0.8787859195908746
10471_at,0,0.9991665208621068
10472_at,2,0.8773699638329336
10473_i_at,3,0.9997493536668763
10474_s_at,3,0.9996271260915542
10478_at,5,0.8976537481826113
10480_at,6,0.9756428595803116
10483_at,5,0.9636627388466392
10485_at,2,0.9943017199043369
10491_at,4,0.8849837919500074
10492_at,4,0.9985542590136928
10494_at,3,0.997880225580652
10498_at,2,0.8667360450440802
10500_at,2,0.9747581831305882
10501_at,4,0.993163001511863
10504_at,3,0.9552462901304097
10505_at,3,0.9993498519342253
10506_at,0,0.9968498136085038
10509_at,3,0.9593416262548591
10510_at,3,0.8743973702774088
10512_at,2,0.9902614658168176
10515_at,3,0.9463673197187603
10517_at,0,0.9740649539597869
10518_at,4,0.9938425470593204
10521_at,4,0.9951218241341765
10525_at,5,0.9927219831974912
10526_at,5,0.9608444341960953
10527_at,2,0.8791660824967175
10528_at,0,0.9102534315793567
10530_at,4,0.9979825536886856
10531_at,0,0.9996570833192253
10532_at,3,0.9961952161420641
10533_at,7,0.9997032424486312
10534_at,2,0.9227901132880356
10541_at,0,0.9999789117869722
10542_at,0,0.9995803403922956
10543_at,0,0.6773789582364932
10551_at,3,0.9883438289115812
10553_at,6,0.8704875225245371
10555_at,6,0.4989344779187187
10556_i_at,3,0.9996244768426817
10557_f_at,3,0.9998169212015101
10558_s_at,3,0.9896281276935522
10559_at,6,0.5485079814248898
10561_at,7,0.9933886473805139
10563_at,3,0.9995743402074286
10564_at,5,0.8629570556817636
10566_at,5,0.7721431726794692
10567_at,5,0.8921520977224182
10568_at,2,0.9713264818885204
10569_at,7,0.9981327557460322
10572_at,4,0.9980437867256214
10576_at,7,0.9999515275471267
10577_at,4,0.9935654346418373
10581_at,4,0.9983450128293386
10583_at,3,0.9975843035572773
10584_at,2,0.9600901302963968
10586_at,0,0.9166526033738475
10587_at,2,0.988036639799224
10591_at,5,0.9921695590991005
10592_at,2,0.9075772586860616
10593_at,3,0.9963622317876449
10598_at,0,0.999922331340745
10601_at,6,0.9576257226885229
10602_at,6,0.9983516782978248
10606_at,7,0.5821300845391493
10607_at,7,0.9997844101792209
10608_at,2,0.4849597466123331
10610_at,7,0.9990851680006081
10612_at,2,0.9166304642161863
10617_at,2,0.6448622611790499
10620_at,2,0.8935957155173092
10622_at,0,0.9996929071692326
10623_at,0,0.9944376664105372
10625_at,6,0.9692743658433215
10629_at,5,0.9971944689939626
10631_at,2,0.5221467515242776
10632_at,2,0.8773994418137497
10638_at,5,0.5147140256994904
10639_at,2,0.6612641096871243
10640_at,3,0.9856998683988234
10641_at,6,0.996528406764211
10643_at,7,0.9932121424915402
10645_at,2,0.9925757619881649
10646_at,4,0.9866124955297819
10647_at,5,0.5407933133813163
10648_at,4,0.9705444868064992
10652_at,7,0.991996642787457
10654_at,5,0.9552386633921547
10656_at,0,0.9963537977602984
10657_at,0,0.9998467258975232
10658_at,3,0.997646413132733
10659_at,3,0.9995643952631514
10662_at,0,0.9999424263680198
10670_at,3,0.9930407783618497
10671_at,7,0.9967351422933923
10675_at,7,0.9997958072288482
10676_at,7,0.9890511884849736
10677_at,6,0.9920976159139014
10678_at,6,0.8090755779012663
10679_at,2,0.9910063779296293
10681_at,2,0.9883767084062359
10683_at,7,0.9998856312752357
10684_at,2,0.932091676269993
10685_at,0,0.9994077296813548
10689_at,5,0.6253552754899002
10690_at,0,0.8120332951292398
10691_at,4,0.6305524453108792
10694_at,7,0.9982068245395709
10695_at,4,0.5819140314372118
10700_at,3,0.9985191681135779
10701_at,5,0.9879047944397322
10704_at,2,0.9804501706976018
10705_g_at,2,0.9896375916724873
10706_at,4,0.8799365374933457
10708_at,4,0.6945812671156913
10709_at,3,0.9996547561606971
10712_at,2,0.983759556661413
10713_at,2,0.9273445840211755
10714_at,3,0.9385901681877856
10715_at,7,0.9760072455585097
10717_at,3,0.9832799105491054
10718_at,7,0.947472422016584
10722_at,4,0.9471363439199959
10723_at,2,0.8646653457237845
10724_at,4,0.9984135774039736
10725_at,5,0.9274888250917608
10726_at,2,0.686072046323437
10729_at,0,0.9901050996332343
10730_at,0,0.9927574278877382
10731_at,4,0.8911849944564885
10732_at,5,0.9859165898919943
10733_at,4,0.8081844443141851
10735_at,7,0.9942224171867532
10736_at,7,0.9900039316829852
10737_at,3,0.8385977853388887
10738_i_at,3,0.9970334366641482
10746_at,6,0.9087497083184223
10747_at,0,0.9998634857440121
10748_at,4,0.7468552281648384
10749_at,7,0.8796199054452457
10750_at,5,0.8592276156241759
10751_at,4,0.8964661225476682
10752_at,7,0.9994612498515618
10753_at,3,0.9834375201455559
10754_at,7,0.9996901014214442
10755_at,4,0.9983842374191828
10756_at,6,0.9981041864569129
10757_at,4,0.8559179208367693
10758_at,2,0.7002233182955948
10761_at,3,0.6656665210902375
10762_at,5,0.6599787823625894
10763_at,2,0.7485279229653303
10765_at,2,0.5498711870413268
10766_at,2,0.9283182280491674
10767_at,5,0.5158687048890428
10768_at,7,0.9998202825677964
10769_at,4,0.9876375362433562
10770_at,7,0.9924299037198212
10771_at,0,0.9973660208499849
10774_at,2,0.9955867818802011
10775_at,4,0.9962787868667309
10776_at,4,0.9991226618054243
10778_at,4,0.9916505032757469
10781_at,2,0.776677337508045
10789_f_at,2,0.9634405058981674
10791_at,2,0.9328752165884624
10794_at,5,0.9705733426218034
10795_at,4,0.8893024358384831
10796_at,3,0.9559742301003592
10799_at,2,0.989776195671719
10800_at,3,0.9798101700365544
10802_at,4,0.9621498564326939
10807_at,6,0.9988307187822454
10811_at,2,0.686460469128398
10813_s_at,6,0.7935633536469155
10814_s_at,5,0.9677776608013904
10819_at,2,0.9711788910334382
10821_g_at,2,0.5061911840316324
10825_at,2,0.8838008790925889
10827_s_at,5,0.9648587759310039
10832_s_at,2,0.9793007105465857
10839_at,4,0.9582156545561146
10843_at,2,0.9331218909520478
10849_at,2,0.9228963856992826
10850_at,2,0.8390113504419467
10851_at,2,0.6229299399976937
10853_at,2,0.9906594022933715
10854_at,3,0.9745206092768678
10856_at,3,0.9911997546849368
10857_at,3,0.9720767576160688
10858_s_at,5,0.9909078400686849
10860_s_at,7,0.999491257661074
10862_s_at,5,0.962169107254408
10867_s_at,5,0.994011983517614
10868_at,5,0.9092807961508793
10874_at,7,0.8135075529175684
10880_at,3,0.997680714775579
10881_at,7,0.7705756457808429
10884_at,6,0.7132012730487362
10885_at,3,0.9876892378310154
10890_at,2,0.8249221201510837
10891_at,7,0.9619608869189253
10893_s_at,3,0.9959353462287426
10895_at,3,0.9990522031243614
10896_at,2,0.9139170061141197
10897_at,2,0.9730558055104692
10898_at,3,0.9974822471311273
10901_at,2,0.8846050742012694
10902_at,6,0.9529733247145795
10906_at,7,0.9864908344468672
10907_at,5,0.7308424851283634
10910_at,6,0.8450258193003505
10912_at,0,0.9997104366138888
10914_at,5,0.9907125340741855
10915_at,5,0.991435548763568
10916_at,3,0.9981490469057779
10917_at,3,0.995899012891947
10919_at,2,0.8155526516265302
10921_at,6,0.9881477719654324
10922_at,4,0.9446239188616045
10925_at,6,0.9903142909018955
10930_at,4,0.9658783578982292
10932_at,4,0.9986375670548815
10933_at,3,0.9988111381883309
10934_at,5,0.809998810310158
10935_at,2,0.7639140718050843
10936_at,0,0.9964283195042983
10937_at,5,0.980064866706876
10938_at,2,0.9667837036160574
10940_at,7,0.9987657245453181
10942_at,2,0.98951780228352
10943_at,2,0.9744328563856501
10945_at,6,0.5464380309481183
10947_at,0,0.9949661727736475
10949_at,2,0.7019291868272661
10953_at,3,0.9972880165856953
10954_at,0,0.9887237409350588
10955_at,0,0.9440659872113061
10956_at,0,0.9935945621112084
10957_at,5,0.952750018443141
10960_at,5,0.4303812069728115
10961_at,7,0.9994350121104453
10962_at,3,0.9978996191711652
10963_at,3,0.9937811112566767
10964_at,7,0.9977191767410362
10965_at,4,0.9706492281489327
10968_at,4,0.67886511067028
10970_at,0,0.9190213245480731
10973_at,4,0.9958802762351316
10974_at,5,0.5946368763150061
10975_at,6,0.988416098808069
10976_at,0,0.9998708371022106
10977_at,5,0.5171115382210901
10978_at,6,0.9760600080425228
10979_at,6,0.9780676466012757
10981_at,6,0.9826889817388083
10985_at,6,0.9187076411896712
10989_at,6,0.7104518974783958
10991_at,0,0.8784517940751563
10992_at,3,0.947167987497051
10993_at,3,0.841899654672627
10996_at,2,0.7788833904154882
10997_at,2,0.9190140909586271
11003_at,6,0.9900535866876082
11004_at,7,0.9999161962386603
11007_at,4,0.9839057201614485
11008_at,5,0.9554817102828468
11009_at,6,0.6972507556125208
11010_at,0,0.9937848887932442
11011_at,0,0.9971541464078131
11016_at,2,0.6895538762933773
11017_at,2,0.8254019416053807
11022_at,6,0.5403214143995289
11024_at,0,0.9990876955374328
11030_at,4,0.9975124825789587
11031_s_at,2,0.7678312202613127
11032_at,3,0.9969172007083159
11033_at,4,0.5388444889031208
11034_at,0,0.999953217049016
11035_at,2,0.6128115751635302
11041_at,6,0.7104862799061092
11042_at,0,0.9738708376242485
11044_at,6,0.777618494738629
11045_at,2,0.7685525476953126
11046_at,4,0.9920718185574479
11047_at,4,0.9920535427447104
11048_at,7,0.9970966779464148
11050_at,7,0.9794629346173654
11051_at,6,0.9826219775790453
11052_at,6,0.9926543242076652
11053_at,6,0.6752285826524633
11056_at,3,0.930681162436084
11058_at,7,0.9919992746285028
11059_at,2,0.9433630541560456
11060_at,2,0.98049761224074
11061_g_at,2,0.7966790803476265
11062_at,5,0.9970810166007164
11063_at,0,0.9965620058624225
11065_at,4,0.9881777945444503
11066_at,2,0.8643832745032988
11067_at,7,0.9995991810975459
11068_at,6,0.9915087588791545
11071_at,2,0.8277370269259327
11076_at,4,0.9716199274924551
11077_at,3,0.880124335319778
11078_at,6,0.9805263261836876
11079_at,2,0.6653519613352628
11083_at,7,0.9898892294624866
11084_at,7,0.9985930975321349
11088_at,0,0.9999576288338385
11089_at,2,0.9893636509869136
11091_at,5,0.9697023259961678
11094_at,7,0.9987321444540977
11098_at,2,0.7681819093296178
11100_at,4,0.9980306091529748
11104_at,0,0.9993009376152266
11106_at,7,0.9989777680097439
11110_at,5,0.9978089309014951
11113_at,4,0.9944894203703419
11114_at,6,0.9884591059319121
11118_at,6,0.9890520204123364
11119_at,2,0.658079184044016
11122_at,3,0.9955575723946739
11124_at,0,0.9992467212454061
11125_at,7,0.6018972547866406
11127_at,0,0.9969678732780999
11131_at,7,0.9998482037145408
11133_at,0,0.9837965018604267
11137_at,3,0.9286391065192127
11138_at,3,0.9516737283186495
11139_at,3,0.9668928557310681
11141_at,2,0.5890131736315183
11143_at,7,0.9978637092686565
11145_at,7,0.9996822439671217
11149_at,6,0.9186568700998147
11150_at,7,0.9997541868495653
11152_g_at,4,0.9892207793548834
11153_at,4,0.9872514146437259
11156_s_at,3,0.9970546558966604
11157_at,2,0.5582709860794505
11158_i_at,3,0.9871670139074826
11159_s_at,3,0.9794746123094956
11161_at,3,0.9919031000277716
11162_at,3,0.988872221538521
11163_at,2,0.8826007730184401
11164_at,5,0.579633326177097
11169_at,2,0.6580142822103419
11174_at,4,0.9381761537381955
11175_at,4,0.8308592425327979
11177_at,4,0.9674899239828916
11178_at,2,0.9453354259880089
11180_at,7,0.9978299553305288
11183_at,4,0.9970518852638155
11184_at,4,0.9126434929999396
11187_at,2,0.9739219862767415
11190_at,0,0.9983248316387459
11193_at,7,0.9998203512734559
11195_at,4,0.9223103293983737
11199_at,7,0.9993975859551736
11200_at,7,0.9819237806218323
11203_i_at,3,0.9997818478236549
11204_s_at,3,0.9997596164332425
11205_i_at,3,0.9997069137062711
11206_f_at,3,0.998579652451969
11213_at,6,0.6494785709518314
11216_at,4,0.8827459858354503
11218_at,3,0.9344192142875142
11221_at,2,0.6439794427984257
11225_at,7,0.9668488108155335
11226_at,3,0.9983044284879433
11227_at,4,0.9978612106923637
11228_at,0,0.9999325647529395
11229_at,3,0.7678218966536601
11234_at,3,0.9959086440130753
11236_at,3,0.9998576297570669
11237_at,3,0.9966312813977924
11248_s_at,3,0.997685469318174
11249_f_at,2,0.5450080967141216
11251_s_at,5,0.6791045108642062
11252_s_at,5,0.5245464956795692
11254_at,7,0.9943185224528126
11255_at,5,0.6858870148196209
11256_at,2,0.990821824905914
11258_at,2,0.9569726191746429
11259_at,7,0.9973572840462167
11260_at,0,0.999738664746561
11263_f_at,3,0.998424367622878
11264_f_at,3,0.9997399537110412
11272_at,5,0.99838356759257
11274_at,6,0.9227046041141945
11287_f_at,2,0.986062886294122
11289_at,4,0.8583228377397534
11294_g_at,2,0.9827229198601966
11296_s_at,2,0.913725741630494
11297_at,4,0.970769329858669
11313_at,2,0.893170298658508
11314_at,7,0.9981732632730524
11316_r_at,2,0.9199414600517766
11318_at,2,0.9651033717016683
11320_at,3,0.9997814273353604
11325_at,7,0.9984752587389246
11328_at,7,0.9998617350394673
11329_at,3,0.999018567517497
11330_at,3,0.9995403736745191
11331_at,2,0.9855436148974374
11333_at,3,0.9981362656857468
11336_at,4,0.9968934029601569
11337_at,4,0.9273462867908792
11338_at,3,0.9943612828161404
11339_at,4,0.9984426380450615
11340_at,2,0.9164851794423742
11342_at,0,0.9999748315660885
11343_at,3,0.9725007105190537
11344_at,7,0.9538906916661273
11348_at,3,0.9899544731616079
11350_at,2,0.8682135218019295
11355_at,3,0.999772145378164
11356_at,4,0.9986936745943922
11359_at,4,0.9921356042139661
11362_at,7,0.9978592052792346
11364_at,3,0.9979716414141119
11369_at,3,0.9536210541216665
11373_at,0,0.9990727751374316
11374_at,3,0.9937318433094551
11376_at,7,0.664493994859396
11377_at,6,0.7889736930168622
11386_at,2,0.7693274793411232
11387_at,4,0.9851607464571783
11388_at,5,0.9877885424534191
11389_at,0,0.999973060909184
11390_at,3,0.7679777222491285
11392_at,4,0.9276582818578698
11403_at,6,0.9806606913664336
2105_s_at,2,0.9830366925416444
2121_s_at,0,0.933417112235657
2162_g_at,7,0.9562425174499228
2163_s_at,7,0.9127908311662044
2175_s_at,6,0.9800409794664782
2176_s_at,6,0.8864418140713943
2177_s_at,6,0.9986672529913327
2179_at,2,0.9947449747401492
2183_s_at,3,0.632306661084863
2215_g_at,0,0.9905072330463547
2216_s_at,0,0.9877421929623614
2217_s_at,0,0.7171004816842839
2218_s_at,0,0.8846904091280432
2253_s_at,0,0.9852349880061302
2259_at,4,0.9955089481995323
2260_g_at,4,0.998083581033427
2261_s_at,4,0.9983866593006211
2275_g_at,3,0.9994198414760286
2280_s_at,3,0.9967966309091102
2281_s_at,3,0.9908433713319518
2282_s_at,3,0.9888686217723709
2302_at,2,0.9884929804536402
2337_at,2,0.9607874463001512
2358_at,2,0.8752598030428631
2362_s_at,0,0.9546030179661987
2364_s_at,3,0.7531797345536777
2381_s_at,3,0.7074487742873787
2382_s_at,3,0.9773275730335541
2395_at,2,0.9984555850533597
2397_at,2,0.8636249422801809
2405_at,2,0.9969449391992352
2410_g_at,0,0.999403407014784
2418_at,6,0.9273060458728892
2419_g_at,6,0.9951446559883796
2420_s_at,6,0.9923053471169189
2421_at,3,0.9298332882685194
2436_g_at,3,0.9973028014574792
2437_s_at,3,0.9515096375752856
2458_g_at,3,0.6836759121085836
2467_s_at,0,0.9998317229704001
2468_s_at,0,0.9923809745163251
2469_s_at,0,0.9925111067652678
2478_at,6,0.8662344372797527
2487_at,0,0.99981636951224
2488_at,3,0.7604850204289971
2564_s_at,2,0.9679207859722186
2566_s_at,2,0.9931996379773858
2591_s_at,3,0.9951727450758404
2592_s_at,0,0.9046797685824567
2593_s_at,0,0.8802209439981326
2595_at,3,0.9824404374318625
2599_s_at,3,0.9646582414337475
2605_s_at,2,0.9778926525152685
2606_s_at,2,0.972120365185005
2608_at,0,0.9523459187156961
2609_at,0,0.9314784025174427
2616_at,3,0.954211008627404
2622_s_at,6,0.9880760840221163
2623_s_at,6,0.909409183767006
2624_s_at,6,0.9238316543967433
2632_at,3,0.9885288214041108
2644_s_at,3,0.9904299227352749
2645_s_at,3,0.9958485671987132
2685_at,6,0.9627041609707374
2728_s_at,7,0.9965538707540368
2729_at,5,0.8709121101467284
2733_g_at,3,0.8316978844402146
2734_s_at,0,0.5047940456559713
2735_s_at,3,0.9671066696910925
2743_at,2,0.9855665593162647
2776_at,2,0.9906376981251344
2805_g_at,7,0.9954780001449456
2806_s_at,7,0.9577849876157397
2810_at,2,0.9562912613813546
2823_at,0,0.7414414589507938
2824_at,0,0.9989254759321683
2839_s_at,3,0.9399789404583715
2840_s_at,3,0.9222792965984898
2841_s_at,3,0.9975408903492265
2842_at,0,0.7649493291870417
2848_s_at,3,0.9620723385229342
2855_s_at,2,0.7592816251009957
2870_s_at,3,0.9984941869009125
2888_at,3,0.8928838488947568
2900_at,0,0.9999445830249164
2933_at,2,0.9781133632106394
2968_s_at,4,0.5922520631308674
2969_s_at,4,0.96658483105544
2970_s_at,2,0.9797263935741956
2971_at,0,0.8437374594818912
2972_at,0,0.9987764175009886
3011_s_at,5,0.9417799495646771
3012_s_at,5,0.9923266222565005
3033_s_at,3,0.9051975652439763
3046_at,0,0.9926183905147997
3057_s_at,5,0.9963531706996295
3058_s_at,5,0.9881585573145709
3090_s_at,4,0.6752423459135005
3106_s_at,2,0.9618469188288861
3184_s_at,7,0.9998308156799827
3187_s_at,7,0.9898992456201914
3190_f_at,5,0.7763990715320573
3207_i_at,5,0.9399691856182215
3208_f_at,5,0.8307737515833644
3215_f_at,2,0.9919293149219767
3216_at,2,0.9932349036688821
3232_f_at,2,0.43492923101238395
3234_at,2,0.9110733673837129
3236_f_at,5,0.9253184948928558
3255_at,2,0.5185460097378757
3259_at,2,0.9776233110555324
3279_f_at,5,0.9940730264598104
3296_at,2,0.9957464535798591
3305_at,5,0.7607958644598497
3309_s_at,5,0.3834287358924057
3316_f_at,5,0.9839125684177694
3326_at,2,0.9943831405654259
3327_f_at,2,0.8367652777522518
3328_at,2,0.744001566553951
3336_f_at,5,0.9612125835172501
3343_i_at,2,0.9463110875703347
3363_at,5,0.5471399086570752
3373_at,2,0.9355338420452926
3374_at,2,0.9774644833721302
3375_f_at,5,0.9078876474301744
3380_i_at,6,0.9629635706321661
3404_f_at,5,0.5581448314525156
3441_f_at,5,0.9099951454905997
3448_s_at,5,0.8707617238793696
3454_s_at,2,0.9895325464497099
3467_f_at,2,0.9840300657767417
3470_i_at,2,0.7553304613716619
3471_f_at,2,0.9931331788048323
3475_f_at,5,0.9150042999235068
3482_f_at,3,0.9396927702190667
3483_f_at,2,0.9705107526725446
3495_f_at,2,0.8846625745420081
3506_s_at,5,0.8033057336641718
3528_f_at,5,0.7389557049612928
3529_f_at,5,0.9862642662795315
3538_f_at,3,0.998513249293877
3541_at,5,0.7046977968489346
3543_s_at,7,0.9994376695395741
3552_f_at,5,0.9839310459827182
3553_f_at,5,0.5439399934699168
3558_f_at,5,0.966900525579614
3560_at,2,0.9925313561058504
3565_at,7,0.9992212623379706
3576_f_at,5,0.654631198216766
3577_at,2,0.7901260391625327
3594_f_at,3,0.9958827407712512
3602_at,2,0.5103293366487073
3611_f_at,5,0.9708690456605488
3617_f_at,5,0.9600756579216024
3624_at,5,0.8251541143560817
3629_f_at,2,0.9949852637864632
3646_s_at,7,0.9998479995146774
3647_f_at,2,0.9802897421082836
3648_f_at,2,0.9747119776993122
3650_f_at,5,0.8657219918595146
3661_at,2,0.8005604621537078
3663_f_at,2,0.49634022546401274
3665_f_at,5,0.9797673641620396
3670_f_at,2,0.7719705201604512
3680_i_at,2,0.9723653137501245
3686_f_at,2,0.7014096900068464
3691_f_at,5,0.9183458137388223
3693_f_at,5,0.6378606806064644
3694_at,2,0.9876536535414638
3704_f_at,7,0.9944525092397961
3709_f_at,3,0.9876713234238648
3730_at,2,0.9605610664735996
3731_s_at,7,0.9962063554680488
3733_s_at,7,0.9986595839272567
3734_s_at,7,0.9987368712702178
3736_s_at,7,0.9969296234351587
3737_s_at,7,0.9927989140638226
3739_f_at,2,0.9952874776086069
3744_i_at,5,0.9912587392034562
3758_f_at,3,0.9981495358468515
3764_s_at,7,0.786895036868586
3766_s_at,5,0.9606019498710884
3768_i_at,5,0.9865137653154916
3769_s_at,5,0.9876347871809003
3770_i_at,5,0.9706836670259752
3775_f_at,5,0.5215227082705691
3783_at,2,0.8850188048830591
3789_s_at,7,0.9987515408094167
3790_s_at,7,0.9705345104906318
3791_s_at,7,0.9725714758328089
3792_s_at,7,0.9852338830464693
3801_f_at,6,0.8899663195226896
3806_s_at,2,0.9846776242787983
3808_s_at,5,0.957720945203171
3812_at,2,0.9780322154456484
3817_f_at,5,0.9933101232688549
3834_s_at,7,0.9988768352872337
3842_f_at,3,0.7550491175871955
3852_f_at,2,0.9546737832752672
3853_f_at,2,0.9978369944943127
3855_s_at,7,0.6609384958896072
3858_s_at,6,0.9604477611109543
3878_s_at,7,0.9993430050881679
3887_f_at,2,0.8019123557777764
3915_s_at,2,0.8764589007877239
3925_f_at,5,0.9954567890371345
3937_g_at,5,0.9866473635110552
3938_at,0,0.9534700580109636
3939_at,2,0.9191231644256882
3941_at,7,0.8344362328451237
3942_at,7,0.9825414013094494
3945_at,5,0.9849201071107727
3946_at,5,0.9955262489882478
3948_s_at,2,0.6934404553920156
3949_i_at,5,0.9522518637777022
3950_at,4,0.5509956899698203
3951_at,5,0.9939229367675193
3952_at,5,0.9863864658530909
3953_at,2,0.9589425235353619
3970_s_at,5,0.9155725738459207
3975_at,5,0.9174956575252882
3981_at,5,0.9121443941912583
4008_at,5,0.9577823095588616
4009_at,6,0.9566507246979957
4024_at,2,0.9569275424701024
4029_at,5,0.975386502816428
4033_f_at,2,0.9907781011092045
4035_at,5,0.992882174701378
4037_at,2,0.7872484319321971
4038_at,5,0.8857235436117518
4043_s_at,5,0.9644513407444446
4045_s_at,2,0.9790940195957006
4056_at,5,0.9797812189464636
4057_at,7,0.9998661949685727
4059_at,3,0.9874741188804569
4060_at,7,0.9799970192503349
4062_at,0,0.99116375515653
4063_at,3,0.9992157315080771
4064_at,3,0.9651710082005766
4065_at,3,0.9995104593308136
4066_at,3,0.9994810721284584
4067_at,3,0.919831666508971
4070_at,3,0.9993845811974166
4072_at,4,0.9978931069547643
4073_at,2,0.9238890671432893
4074_at,4,0.8136044616776211
4075_at,5,0.9910964671617722
4076_f_at,2,0.9723848695156163
4077_at,7,0.9996290327012148
4078_i_at,5,0.8391904580885323
4079_at,6,0.9602490662998678
4084_at,5,0.9931143210140272
4093_at,0,0.9586528943199855
4095_at,4,0.9955909823133042
4096_at,2,0.8029396427333951
4097_at,4,0.9987586190413978
4103_at,7,0.9998464653607495
4107_at,2,0.5435107069641827
4109_at,7,0.9992660803416122
4114_at,2,0.9743151496860657
4116_at,5,0.6205921875669709
4121_at,5,0.7168504107421686
4126_at,4,0.7937037723881883
4127_at,7,0.9730502175754621
4129_at,2,0.9584641159538336
4130_at,2,0.9286353603915116
4132_at,7,0.9873979024800916
4135_at,2,0.9774974764474373
4138_at,4,0.9395464346128363
4145_at,7,0.9963584913752036
4147_at,2,0.4954685165649317
4149_at,7,0.9991649787639187
4150_at,5,0.9705249023647131
4152_at,5,0.9808122135248184
4153_at,3,0.9990067393363679
4158_at,5,0.9960592655427206
4159_at,5,0.8524291972366598
4160_at,4,0.9992582127467747
4162_at,4,0.9804420794533598
4165_i_at,3,0.999349771660726
4168_at,5,0.9863492453247958
4170_at,0,0.9990933511049171
4172_at,3,0.9989019028577988
4173_at,7,0.9998767511030536
4175_at,0,0.998729972110253
4177_at,2,0.953550635168966
4179_at,4,0.9922423331866649
4183_at,5,0.9772549344297273
4185_at,0,0.9999864505406684
4186_at,3,0.9938783110692707
4187_at,4,0.9575529575673916
4190_at,3,0.9993507299120589
4193_at,3,0.7116185241845207
4198_at,4,0.9975670731318459
4201_at,3,0.99827079421476
4203_at,5,0.9707857559544719
4204_at,4,0.9913188929724317
4205_at,4,0.8838004803908588
4206_at,0,0.9990680956127768
4207_at,3,0.9996032985790564
4209_at,4,0.9985767706937636
4210_at,5,0.7387234398617906
4211_at,4,0.9739361395195384
4212_g_at,4,0.9783450980665994
4213_at,7,0.9970023215078908
4214_at,2,0.9924063856672543
4215_g_at,7,0.9996849195235971
4216_at,7,0.9995454696281082
4219_at,7,0.6112017818098513
4220_at,4,0.9978463086354487
4222_at,7,0.9998045649948413
4223_at,3,0.9735146378241083
4225_at,7,0.90246088376411
4227_at,5,0.9766681674798632
4229_at,0,0.9984707680364737
4231_at,5,0.9969534996852096
4232_at,4,0.9987283660749892
4233_at,7,0.9952958119204334
4234_at,2,0.8660238455480367
4236_at,5,0.6701640050982638
4241_at,4,0.9990700979946836
4242_at,7,0.9677145984564249
4243_at,5,0.9972265815461372
4244_at,5,0.9964959915982109
4246_at,4,0.9917628533398456
4248_at,2,0.9080724156489695
4249_at,4,0.9747740689322016
4255_at,2,0.9751842913212067
4256_at,3,0.9996462912889733
4274_at,0,0.9994691335494995
4280_f_at,2,0.9621461110045629
4285_at,6,0.9981611550653017
4287_s_at,2,0.9762223062934178
4293_at,2,0.8422483600255661
4296_at,2,0.9982029287379224
4302_at,6,0.6074961585368246
4310_at,0,0.6991722443332206
4311_at,0,0.9519360240218533
4312_at,5,0.9974529962420494
4316_at,4,0.9971506219484486
4317_at,3,0.6433051356114361
4321_at,3,0.9998184060531446
4323_f_at,3,0.9934563876958656
4324_s_at,7,0.9797063140031446
4326_at,5,0.643586218909575
4333_at,5,0.9896210509493583
4335_at,5,0.9875379993192563
4336_at,7,0.9997828659402382
4338_at,2,0.9813151483425737
4340_at,5,0.48356467686520643
4342_at,3,0.9838300962341278
4343_at,7,0.99857945127952
4346_at,7,0.980946929109997
4350_at,2,0.9277420036189133
4354_at,5,0.9310661767322669
4355_at,2,0.8262066956373629
4357_at,2,0.9556814921645256
4358_at,7,0.999923971886831
4359_at,7,0.9970005722605052
4363_at,5,0.9831524766688327
4364_at,5,0.9855658329311766
4365_at,4,0.9803315980897808
4366_at,4,0.9904611457119586
4373_at,7,0.9976796719842301
4374_at,0,0.9998737882713523
4375_at,0,0.9867457298675075
4376_at,4,0.9971890005423615
4377_at,7,0.9987066552399303
4384_at,5,0.9850309212782922
4385_at,2,0.7789646288728189
4386_at,4,0.9987889748535256
4387_at,4,0.8182811102756593
4388_at,6,0.8687325418051918
4389_at,2,0.5523066774780442
4390_at,4,0.8364594792257019
4391_at,3,0.5685998220189908
4392_at,6,0.9632665783783654
4394_at,3,0.9778850592376132
4396_at,2,0.9168284026099847
4397_at,7,0.788366008868511
4398_at,0,0.9897816069791228
4399_at,7,0.9137698063749866
4400_at,4,0.9813607189798186
4402_at,7,0.9998512146194585
4403_at,5,0.8667715040250402
4406_at,2,0.8051070362825122
4409_at,5,0.8238058031924648
4413_at,7,0.9959862744475567
4414_at,7,0.9982720716573997
4420_at,0,0.9999356900720971
4421_at,7,0.9973746139428024
4422_at,3,0.9997002762131625
4423_at,4,0.9942774930044931
4424_at,0,0.9998844402672603
4425_at,3,0.9922718473869273
4427_at,5,0.9869147830489488
4428_at,0,0.9999513599999591
4432_at,4,0.7787079205506814
4433_at,4,0.9976607896476044
4434_at,4,0.9971063641136342
4435_at,7,0.9986801710666524
4436_at,7,0.9830856679901259
4438_at,2,0.4999185278003648
4439_at,2,0.9135153188076144
4442_at,4,0.9624418506284224
4443_at,4,0.9885514737446615
4444_at,4,0.9976248350993443
4445_at,7,0.9992634294674296
4446_at,3,0.9983603446711169
4447_at,0,0.9999385708457103
4448_at,5,0.9600486782186284
4449_at,3,0.9997883316969455
4450_at,0,0.9375291596055751
4451_at,0,0.9999323698257888
4452_at,6,0.9922729547532082
4453_at,3,0.7920155043679238
4455_at,5,0.9981430038006056
4456_at,4,0.9539861197886349
4457_at,7,0.7133426738147038
4462_at,4,0.9683440487224116
4465_at,5,0.9177556138841382
4467_at,0,0.9999350162787558
4468_at,5,0.8118611315123433
4469_at,0,0.9999344332103245
4472_s_at,7,0.9985852989622603
4474_at,3,0.9091931671620553
4475_at,0,0.9966121150455106
4476_at,2,0.9611055214931747
4478_at,3,0.9995984071997609
4479_at,3,0.9106977625621008
4480_at,5,0.7359478475398068
4481_at,5,0.9868572823568932
4482_at,0,0.9794692275113615
4483_s_at,2,0.7919600423894901
4485_at,2,0.9825943791142696
4487_at,7,0.9992034933328737
4489_at,5,0.979042818942587
4491_at,7,0.8368041896568567
4492_at,3,0.9936477352633685
4493_at,3,0.9994339346398485
4494_at,3,0.9934127691740904
4498_at,7,0.9993308436568794
4499_at,3,0.9715920594717724
4506_at,0,0.998734368428963
4509_at,2,0.8971713156956036
4511_at,5,0.9830674730614087
4512_at,7,0.9902166056660358
4515_i_at,3,0.8682675407508172
4516_f_at,3,0.9894838194475903
4517_at,5,0.9719154966220871
4518_at,5,0.9906185675984471
4519_at,5,0.9709345420291865
4520_at,3,0.9757481864838672
4521_at,5,0.9625590818954621
4523_at,7,0.9958417814523421
4524_at,6,0.98191870075847
4525_at,6,0.7900614730591721
4526_at,4,0.9383468396872826
4527_at,5,0.5723236349038057
4529_f_at,3,0.9990197863030292
4530_at,7,0.9552011725296684
4532_at,3,0.8478155151461364
4534_at,6,0.7261554684707593
4535_at,5,0.5121513179296943
4536_at,5,0.6496901189614364
4537_at,2,0.6057999618367224
4538_at,3,0.9994322806782857
4540_at,5,0.7737659417354895
4541_at,5,0.9943893870616205
4543_at,2,0.8201328430281555
4544_at,5,0.9884443802912787
4546_at,3,0.9878601752473368
4548_at,7,0.9998302446247552
4549_at,3,0.6593886987472145
4551_at,3,0.7258958141939984
4552_at,2,0.980635497244315
4554_at,7,0.8196507747096787
4555_at,3,0.8565693965938419
4556_at,5,0.9016962991077219
4558_at,7,0.999591810409796
4568_at,3,0.6977586987104714
4573_at,5,0.9872732175525305
4574_at,2,0.6946213965772601
4575_i_at,3,0.9991598450689946
4576_at,5,0.5380784127794276
4577_at,7,0.889302603656139
4578_at,2,0.9840681110261068
4580_at,5,0.7355763883429198
4582_at,3,0.8892101978619851
4584_at,4,0.9836705759086204
4586_at,3,0.8063776982001575
4588_at,5,0.5818290510186015
4589_g_at,5,0.7701220405307992
4590_at,5,0.7860042276088663
4591_at,5,0.8460511061025824
4598_g_at,6,0.9193416295006615
4601_at,2,0.975278119927593
4602_at,0,0.9771901637391563
4616_at,2,0.9914585572569338
4618_at,6,0.4534719481869179
4623_at,2,0.9226865689839203
4624_at,2,0.5532900285997802
4626_at,7,0.9842903430689791
4631_at,2,0.9630146097612944
4633_at,2,0.9844389475081853
4635_g_at,3,0.9878880045521692
4651_at,5,0.959210385246629
4652_at,5,0.9954327933575184
4653_at,5,0.9924446998107131
4654_at,2,0.997140614648268
4659_at,2,0.8723684571475743
4662_at,3,0.999776423082517
4668_at,6,0.9023795223077122
4670_f_at,0,0.9911565540776138
4672_at,2,0.9969038540521995
4675_at,7,0.9718863693364127
4679_at,7,0.8739848910069647
4681_at,2,0.524779926078118
4685_at,5,0.8609118832308232
4696_at,5,0.6774203493595751
4697_at,2,0.9907262352516942
4698_at,3,0.9966575688367512
4699_at,4,0.9835081378768457
4701_at,2,0.8894493423242226
4710_at,0,0.9993010360806667
4711_at,6,0.9953373543571613
4713_at,0,0.9841434951826199
4715_at,3,0.9950111557396903
4717_at,5,0.7712510199182588
4718_at,2,0.7188908845080062
4719_at,4,0.9579081086740179
4720_at,2,0.9650635582389491
4724_i_at,5,0.990901688293863
4727_s_at,5,0.986565096405692
4728_at,2,0.9958736244653308
4731_at,2,0.7251719334041287
4732_at,6,0.6183632184576058
4733_at,7,0.9992926494411108
4734_at,6,0.937176993002893
4737_at,5,0.7555323832099577
4740_at,3,0.9996746559688873
4741_at,3,0.998473757693798
4742_at,4,0.9858825118640361
4744_at,2,0.9025622780623992
4745_at,2,0.9560910610605377
4751_at,5,0.9980292802099112
4753_at,3,0.7199796331759762
4754_at,7,0.9991025829931591
4755_at,5,0.9551531012071091
4756_at,4,0.9985494401687669
4757_at,4,0.9949482143565838
4758_at,5,0.9874508958100888
4761_at,5,0.8138877962793161
4763_at,4,0.9188675936626821
4764_at,5,0.8578763210271421
4765_at,0,0.9999556460955296
4767_at,4,0.9586473327409231
4768_at,4,0.9961637006666725
4770_at,4,0.9137554752779468
4771_at,0,0.9988707390949694
4774_at,2,0.9925399875131086
4775_at,3,0.9979289905139522
4776_at,6,0.9570500161021651
4779_f_at,3,0.9994147818400784
4780_at,3,0.9980770485166814
4781_at,7,0.9996864171901761
4785_at,7,0.9902211230043118
4786_at,7,0.9990115347073804
4787_at,7,0.9999650092113915
4788_at,5,0.8648303456276988
4789_at,2,0.6692860614366294
4791_at,2,0.9962357038422479
4794_at,7,0.9972445250329404
4795_at,7,0.9803899193196495
4796_at,4,0.988971996987978
4797_at,0,0.9995496949377484
4799_at,5,0.8555734029711651
4801_at,3,0.9986932507785379
4803_at,5,0.9456262022062718
4804_at,5,0.9943213525701956
4805_at,3,0.9977327928432709
4806_at,2,0.8949097540690542
4807_at,5,0.884500336407996
4808_at,7,0.995004724464033
4809_at,7,0.8730568810304355
4810_at,0,0.8495650900833693
4811_at,2,0.9715633614917268
4813_at,4,0.9954092358050521
4814_at,3,0.7211360316872788
4815_at,4,0.9515062569105135
4816_at,2,0.9890693370299336
4817_at,7,0.9997843239791235
4818_at,3,0.9994987136248927
4820_at,7,0.9999120850775319
4821_at,3,0.9972143755807632
4822_at,5,0.9891033089918889
4823_at,2,0.9830735755905535
4824_at,7,0.7215120057000605
4826_at,5,0.6901858312776065
4827_at,7,0.9992686319112385
4828_at,3,0.9841528605181066
4829_at,5,0.9978185145800353
4830_at,6,0.9324477474979987
4832_at,7,0.9930708572304786
4834_at,7,0.9980904659450895
4836_at,7,0.9978538758664407
4838_at,5,0.7313365401438432
4842_at,6,0.9749081837234592
4843_at,2,0.7527250398950296
4845_at,0,0.9999449158508174
4846_at,4,0.9901448421108859
4847_at,7,0.9811352964061871
4848_at,3,0.9996577682360993
4849_at,4,0.8971389952434434
4850_at,7,0.9803408314066474
4851_i_at,3,0.9936709402135696
4852_s_at,3,0.9930531112190213
4853_at,3,0.9984174330516966
4855_at,6,0.9938995018162232
4856_at,3,0.9574603524720963
4858_at,5,0.7778272311101133
4859_at,3,0.7392278527401825
4860_at,0,0.9963414692600848
4861_at,0,0.721122835769877
4862_at,6,0.7099469775934287
4863_at,3,0.9998405888237664
4864_at,5,0.886441961994513
4866_at,3,0.8688245780354701
4868_at,0,0.7834884957686074
4869_at,3,0.9996555620975055
4870_at,3,0.9961275879509308
4871_at,2,0.8637447467858103
4872_at,4,0.9988231454462572
4873_at,0,0.9652647218314424
4875_at,4,0.9989366666298709
4877_at,5,0.9929322998765018
4884_i_at,3,0.9995493420952217
4886_at,7,0.9214416783811824
4888_at,5,0.9875216514893055
4889_at,7,0.9072519671213093
4891_at,7,0.9989694558434331
4892_at,2,0.7970370040515257
4893_at,0,0.9842574263606116
4898_at,5,0.9977914080100363
4899_at,7,0.9999014939638039
4900_at,4,0.9492146720105403
4902_at,5,0.9958265335780206
4903_at,5,0.8304681013769708
4908_at,2,0.9821461168848924
4912_at,7,0.9998541817583865
4913_at,4,0.7319713471576041
4914_at,3,0.9433950224549733
4918_at,7,0.9999358848729073
4919_at,0,0.5094297163122952
4920_at,7,0.998725526739485
4921_i_at,3,0.9987602065464475
4922_at,4,0.9942554821624756
4923_at,0,0.9650424956218744
4924_at,4,0.8635288686895796
4926_at,3,0.8986435886321609
4930_at,3,0.968066466321147
4931_at,0,0.971606408516941
4933_at,6,0.7005291870333742
4934_at,2,0.9686215258013002
4935_at,3,0.9978557112705485
4936_at,0,0.9807156386242687
4939_at,3,0.9679558621300471
4941_at,6,0.9687509377406611
4942_at,3,0.9994466528315894
4943_at,7,0.9998292265906358
4946_at,7,0.840300781687416
4947_at,6,0.9985332265789524
4948_at,5,0.9045643332618478
4949_at,0,0.9932212360055916
4950_at,5,0.7009238149832112
4951_at,2,0.9906155378033275
4956_at,7,0.9881054875123307
4957_at,6,0.8147234081892255
4958_at,4,0.9685026518013116
4959_at,7,0.8967081808710523
4960_at,4,0.9288992108652045
4961_at,3,0.8631716143629057
4963_at,5,0.9860757226234389
4964_at,5,0.9587479429924518
4967_at,2,0.9779714783274888
4969_at,4,0.9955281729975219
4970_at,4,0.994539385499879
4971_at,2,0.9877302282513536
4976_at,2,0.9932996145426409
4978_at,4,0.9951254114547152
4980_at,4,0.8871096256906197
4982_at,2,0.975542705602097
4983_g_at,2,0.9927205619670445
4984_at,4,0.791070128196949
4987_at,7,0.9999230557283388
4988_at,5,0.8969036303468534
4990_at,7,0.7520610737113782
4992_at,4,0.8490908594054636
4994_at,7,0.9999137548835435
4996_at,5,0.9128626116665699
5001_f_at,3,0.9789193326794269
5005_at,7,0.7341450374367717
5007_at,4,0.9457142994525233
5008_at,7,0.9533590637174663
5009_at,3,0.7780242403986362
5011_at,4,0.9937106843984114
5014_at,2,0.9865334927004155
5015_at,2,0.6930772796459846
5016_at,7,0.9990449166715636
5018_at,3,0.4991912053203904
5021_at,3,0.9922355107534512
5022_at,7,0.9952293830362011
5023_at,2,0.5998003891598918
5024_at,7,0.5011493535041703
5025_at,4,0.994229435521047
5026_at,2,0.9772174198773736
5027_at,2,0.9200512895924405
5030_at,6,0.7254960015923235
5031_at,3,0.9988429512082205
5033_at,0,0.9998940839257293
5034_at,4,0.7799365374812929
5035_at,7,0.9996886817695783
5040_at,7,0.9985650052146905
5041_at,5,0.9985775545591336
5045_at,6,0.997933102156476
5048_at,6,0.5665882883878524
5051_at,5,0.6354872138711519
5052_at,2,0.9826585580493281
5054_at,4,0.5742718280409285
5055_at,2,0.8201558786616806
5057_at,3,0.8560783574800521
5058_at,7,0.7842139690172958
5060_at,2,0.9070721630438505
5061_at,6,0.9681579484596142
5062_at,6,0.9946784003929495
5064_at,3,0.9093167932482839
5067_at,7,0.9998707315866621
5068_at,7,0.9010519433729486
5069_at,5,0.9973653819044853
5070_at,4,0.4372851267449539
5071_at,4,0.994897116425812
5073_at,0,0.9799357126014556
5075_i_at,3,0.9953963021682795
5076_f_at,3,0.9983652814698014
5079_at,2,0.7711109484533001
5081_at,7,0.9989262053889072
5082_at,3,0.9847437056430367
5083_at,7,0.9947880735083227
5084_at,7,0.9989298830759643
5085_at,7,0.9966153080754366
5087_at,7,0.9198922287124521
5088_at,7,0.9997071082551537
5089_at,7,0.9886008454115365
5090_at,7,0.9995220241106672
5091_at,7,0.9996711187734741
5093_at,4,0.6594774978290395
5094_at,3,0.999043261751334
5097_at,7,0.5830579798792176
5098_at,0,0.8747240792492618
5100_at,3,0.9329794796483315
5101_at,4,0.9984245543390489
5104_at,5,0.9943912304148078
5105_at,7,0.9994888491634115
5110_at,2,0.992961740550225
5113_at,5,0.9894273956374745
5116_at,2,0.9856367848586365
5119_at,3,0.9990496290598198
5121_at,6,0.8052306342141874
5122_at,0,0.99991012894474
5126_at,4,0.9173860291481367
5127_at,7,0.9973872740840486
5131_at,0,0.8792377100114663
5133_at,2,0.9845340599319993
5135_at,7,0.9994434192872286
5137_at,2,0.9446334854880047
5141_at,3,0.9593119682934201
5146_at,7,0.999889848498652
5148_at,2,0.8829184670215433
5152_at,5,0.8362735978648288
5154_at,2,0.9575728481774907
5156_at,2,0.8129616303068862
5159_at,7,0.9970508102160708
5161_at,3,0.9426692359276002
5164_at,0,0.9128548074212296
5165_at,2,0.9912442860524031
5166_at,3,0.9909612099473603
5169_at,2,0.7501438108929422
5174_at,2,0.6053319070666577
5175_at,2,0.9793004996249309
5179_at,4,0.9986016998962394
5181_at,4,0.9402220219722164
5183_at,4,0.9861237195311648
5184_at,3,0.8374154906119881
5187_at,2,0.9206483625869946
5188_at,5,0.9932624455259828
5189_at,2,0.6602080655573953
5191_f_at,3,0.9991547829033345
5192_at,2,0.982211218016202
5193_at,5,0.9959105465257558
5194_at,3,0.9994422081304073
5196_at,6,0.8502796378283927
5200_at,6,0.9933001484761643
5201_at,5,0.9714332815117155
5202_at,3,0.9965266571764485
5203_at,3,0.9929278785443607
5206_at,5,0.9874299536495985
5216_at,2,0.9730297584909883
5219_at,5,0.9880001439456998
5220_at,4,0.9993728448327467
5222_at,3,0.8793307584218705
5223_at,3,0.999255984148203
5225_at,7,0.9996911698735269
5228_at,2,0.9867018883155922
5229_at,6,0.956673970974858
5231_at,2,0.9493002846332087
5232_at,7,0.9998911353038396
5234_at,3,0.9995734966962936
5235_at,2,0.6777184486495815
5240_at,2,0.695511567453805
5241_at,4,0.8710204647860115
5242_at,4,0.9865336856978426
5244_at,7,0.9971159669535328
5245_at,7,0.6082164968793581
5248_at,2,0.8498571315883173
5253_g_at,5,0.9903955866820701
5255_s_at,2,0.9299959795375834
5258_at,0,0.9988988784866873
5260_at,7,0.9978371435928041
5261_at,5,0.6688213026029829
5263_at,4,0.6922995632191984
5265_at,2,0.9862928703256572
5267_at,3,0.9876166590112684
5273_at,6,0.915496440805978
5277_at,7,0.9168993740111319
5281_f_at,5,0.9469772154167171
5283_at,4,0.7290912731443174
5291_at,2,0.9945258891936396
5292_at,2,0.993451721245442
5296_i_at,3,0.9969092167124797
5298_at,2,0.9923321051813292
5299_at,5,0.9839820584136729
5300_at,7,0.7614993959005274
5303_at,5,0.9981628240642322
5304_at,2,0.514084990505664
5305_at,7,0.9990440903001453
5307_at,5,0.9958464343352259
5310_at,3,0.9978627796832207
5312_s_at,4,0.9947868460776361
5317_s_at,4,0.88968014673124
5318_s_at,7,0.9984866942976548
5322_at,7,0.994480766110412
5323_at,7,0.9893122971905188
5324_at,7,0.9829354640620648
5327_at,3,0.9997138025486275
5328_at,7,0.9949114923341811
5329_s_at,3,0.9981641129040497
5330_at,0,0.9993647540283532
5331_at,3,0.9998500785965396
5332_at,5,0.9982405622119185
5333_at,3,0.991462080293367
5340_at,7,0.898782618029541
5343_at,2,0.9704385744113382
5345_at,4,0.8603585705270155
5346_at,2,0.985771194129184
5348_at,2,0.9798252243803085
5349_at,7,0.9978098956381645
5350_at,2,0.9923920077082091
5351_at,3,0.999515944927879
5353_at,7,0.999850202624339
5357_at,2,0.6530675340010019
5359_at,4,0.9991014267401792
5361_at,2,0.8083656402310524
5362_at,7,0.9993940416456442
5366_s_at,5,0.9757121176326217
5369_at,5,0.5209934140958937
5372_at,4,0.5404798510907803
5378_at,3,0.9852585343140268
5380_at,7,0.9998788303384812
5381_at,4,0.9976269538834771
5382_at,4,0.9962411554871273
5384_at,5,0.8794237998226712
5386_at,3,0.995719669570532
5387_at,3,0.8617076342591471
5389_at,2,0.9915308938404236
5390_at,7,0.964789517287891
5392_at,2,0.8927682097813925
5393_at,5,0.9921448716973068
5394_at,5,0.997020991545313
5395_at,7,0.9953968798673912
5398_at,2,0.9943978680649252
5400_at,5,0.9977912835690581
5401_at,2,0.5571166894570065
5403_at,6,0.8654151156625506
5405_at,7,0.9101297507327968
5406_at,2,0.9899342863085874
5407_at,0,0.9982053053879635
5408_at,3,0.9997721904160746
5413_at,5,0.9907414297081104
5417_at,7,0.523433193151242
5419_at,3,0.9704092747614459
5427_at,2,0.937755144606228
5428_at,5,0.9413426949660326
5429_at,5,0.5136672712402223
5433_at,3,0.9990748421049013
5434_at,2,0.9817870285671234
5435_at,7,0.9618659448651804
5445_i_at,6,0.7454149627837665
5448_at,3,0.9671990533588692
5451_at,2,0.9873693136544305
5454_at,4,0.9994459916036819
5456_at,2,0.5767041713250727
5462_at,6,0.8820911659047294
5465_f_at,3,0.9485089886748066
5467_f_at,3,0.99964095194245
5468_at,6,0.7623708869141999
5473_at,6,0.9662469975438994
5475_at,6,0.9583711429383491
5476_at,6,0.9905745183641784
5478_i_at,3,0.596920522472214
5481_at,4,0.9378371063228078
5482_at,6,0.9522759784102623
5485_at,2,0.9922548327199564
5491_at,2,0.9355615798940985
5500_at,5,0.6749637134321956
5501_at,6,0.9964575397583268
5503_at,3,0.9847380502320717
5506_s_at,4,0.8392991836291614
5514_at,3,0.9621246306630057
5517_at,3,0.548830900187243
5522_at,3,0.9958844431296588
5523_at,6,0.8987189262666866
5526_at,2,0.9918495847605862
5527_at,2,0.996372283094599
5528_at,2,0.9972498083723331
5531_at,5,0.9859901813086649
5538_at,7,0.9522323985987302
5539_at,4,0.9847303015991004
5542_at,3,0.9908628043577167
5544_at,4,0.9783651926336366
5547_at,6,0.6378241024570195
5548_at,7,0.9991561212050095
5550_at,3,0.9993727643383038
5552_at,3,0.9984713104744471
5553_at,6,0.5485620486797996
5555_at,6,0.9632325169423411
5556_at,7,0.9997881984928326
5558_at,3,0.9982918528191789
5560_at,6,0.9489491604033813
5561_at,3,0.9984217414186873
5562_at,6,0.9959737268197661
5563_at,7,0.9270253032949874
5566_at,0,0.9979524710268944
5567_at,0,0.9999558906848036
5570_at,3,0.9340035464608928
5571_at,3,0.9997462311095447
5572_at,3,0.9988784438074434
5574_at,2,0.9701953695778358
5575_at,7,0.9982352856825234
5576_at,2,0.9826546520210068
5577_at,2,0.9761301802180654
5578_at,0,0.9357851124174722
5579_at,6,0.9970446317156858
5581_at,5,0.9986737504238499
5582_at,2,0.9955822205370524
5583_at,4,0.9584582114870464
5584_at,4,0.9504281924256431
5585_at,7,0.9317968119246404
5588_at,6,0.9756036969811109
5589_at,2,0.6794194318734343
5591_at,6,0.9945074499800648
5595_at,3,0.8521003193282078
5598_at,3,0.8786778449581142
5600_at,4,0.8374065195422334
5601_at,6,0.9979055370188652
5602_at,3,0.9989166535552566
5606_at,4,0.9974831601793701
5607_at,7,0.6434272323407105
5609_at,6,0.9298180605284975
5610_at,0,0.9995944974039054
5612_at,6,0.9915483252611207
5614_at,0,0.9939154203078531
5615_at,7,0.9999185237222411
5620_at,3,0.9909005449660673
5623_at,7,0.6646311046402674
5624_at,7,0.9808831191863131
5625_at,4,0.9777520258455631
5626_at,2,0.8935027758174876
5627_at,6,0.9980109297362717
5629_at,7,0.9537185260035451
5631_at,4,0.9664156557116963
5632_at,4,0.8011271494166207
5633_at,0,0.9997442680093885
5634_at,5,0.9619069201564394
5635_at,3,0.9918499652355902
5636_at,5,0.994567621436816
5637_at,4,0.9989214491659458
5640_at,5,0.6035874845911842
5642_at,6,0.9971208799824236
5643_at,7,0.9999176590319404
5645_at,3,0.7889313140109329
5647_s_at,3,0.9998179119559568
5651_at,7,0.5687257508812554
5652_at,4,0.9935281864651706
5653_at,2,0.8032914155412846
5654_at,3,0.9927356551434819
5656_at,3,0.9901531543621699
5659_at,5,0.97180877474698
5660_at,5,0.5844848697917693
5661_at,0,0.9324757803293087
5662_at,7,0.9940340110241657
5665_at,5,0.9200870279119946
5666_at,4,0.9991967458567931
5667_at,3,0.9865925719600686
5668_at,3,0.7899150512139816
5669_g_at,3,0.647759742893366
5670_i_at,3,0.9998048923102772
5671_s_at,3,0.9995827300653258
5673_at,7,0.9996381970514968
5674_at,2,0.681612826605359
5677_at,3,0.558870176916923
5678_at,5,0.9977629852595838
5679_at,4,0.9296734470446164
5680_at,3,0.9989542434511184
5681_at,5,0.9975091882227358
5683_at,6,0.9986267639604821
5685_at,2,0.5673140988838286
5687_at,5,0.994539078331167
5688_at,2,0.5893330442724308
5689_at,6,0.9675515132252503
5690_at,6,0.9935554191015774
5691_at,0,0.9883119209864082
5692_at,6,0.9987340201058028
5694_at,4,0.9614620008611341
5697_at,6,0.9788273444271743
5698_at,7,0.9888174664156315
5699_at,5,0.7851316284441884
5701_at,0,0.9985592166395624
5702_at,7,0.9993662440230126
5703_at,4,0.9984478920355112
5704_at,3,0.9964170420940618
5705_at,0,0.9779269849976466
5707_at,3,0.9112541723335889
5709_at,3,0.8238154998439048
5710_at,4,0.9802628374838062
5711_at,6,0.9631292752244055
5712_at,2,0.9878397775935103
5714_at,4,0.883354245758032
5715_at,4,0.997760915536007
5716_at,7,0.998203210037562
5717_at,5,0.9680247738330796
5718_at,7,0.9985808222546235
5719_at,7,0.9995202936747108
5722_at,2,0.9937472148342295
5725_at,6,0.9471321252886331
5726_at,0,0.7484145431160101
5728_i_at,3,0.9498726230999193
5730_at,5,0.8392360815016165
5734_at,2,0.5661952119896747
5735_at,4,0.9974030413439675
5738_at,4,0.9931904333169972
5740_at,3,0.9951819326757076
5746_at,7,0.5067423619997262
5748_at,3,0.9989885179228373
5749_at,4,0.9606466985741126
5750_at,3,0.8021334429221658
5751_at,2,0.9439715805308557
5752_at,6,0.9759621210161058
5754_at,0,0.9800806007990317
5755_at,2,0.9075673975051888
5757_at,6,0.7852787562441739
5761_at,3,0.9792412771016022
5762_at,6,0.9833493039508874
5764_at,0,0.9740388625922791
5766_at,5,0.9959782010627241
5768_at,3,0.9860218335267886
5771_at,3,0.991528678563471
5773_at,5,0.7318192705351316
5774_at,4,0.9968448887946468
5775_at,6,0.9918975740656794
5778_at,4,0.9981047983557036
5780_at,3,0.9997938862554242
5781_i_at,3,0.9997520483546296
5783_at,5,0.9951146320614384
5785_at,7,0.9999158899710673
5788_at,5,0.6854486469139319
5791_at,2,0.9724257088170867
5800_at,4,0.9971676782104518
5802_at,6,0.5839551861171023
5804_at,3,0.9881027511076307
5807_at,3,0.9905084245127455
5812_at,3,0.999678324923394
5813_at,7,0.9218845594775192
5820_at,4,0.9947956329260279
5828_at,2,0.9786798579610491
5831_at,2,0.7211676573281643
5838_at,4,0.9968278467863602
5840_at,2,0.942085088408679
5842_at,2,0.9832392609094642
5856_at,5,0.5913081341560389
5859_at,4,0.7988691108167205
5860_g_at,4,0.9261774641214944
5861_at,4,0.9981124503596395
5864_at,2,0.8048577745798005
5867_at,6,0.7298584201070888
5874_at,6,0.6895448253500287
5875_s_at,2,0.9860525116507987
5877_i_at,2,0.8004928913119717
5879_at,6,0.9850040615878582
5885_at,7,0.9929068503349989
5887_i_at,2,0.963507052228575
5892_at,2,0.9740761294651546
5901_at,2,0.9861070045003504
5903_at,2,0.5362293067861463
5909_at,6,0.5129749482419718
5913_at,2,0.9776937469265318
5915_at,2,0.7656448021186979
5921_at,4,0.9991148863645397
5929_at,0,0.9904628926960221
5933_at,4,0.998379052784996
5934_at,2,0.9768856655480536
5935_at,7,0.5837996992595715
5936_at,2,0.9863946689036897
5937_at,4,0.996130123308233
5938_at,3,0.9087148803314743
5939_at,7,0.9983958802215832
5940_at,5,0.9974638617114526
5941_at,5,0.9564967706489091
5942_at,7,0.9985218677779982
5950_at,0,0.7989049764171247
5951_at,0,0.9995598484008053
5952_at,3,0.9955842868407919
5953_at,5,0.9823562369327403
5957_at,6,0.9766797030147959
5958_at,3,0.9310319936272605
5959_at,2,0.9832262464433273
5960_at,6,0.9935311104457185
5962_at,7,0.9999153955714846
5963_at,7,0.9608362572265927
5965_at,0,0.9988254494995895
5966_at,5,0.9941584915212263
5969_at,3,0.9961479601064243
5970_at,7,0.9997331749099351
5972_at,7,0.9708759297954489
5973_at,4,0.9794781271287435
5974_at,4,0.738847067797617
5975_at,6,0.8922400478933225
5976_at,7,0.9998186485851731
5977_at,0,0.8103460682982647
5978_at,0,0.9998955975771288
5980_at,4,0.6109268144401147
5985_at,3,0.9956078979816821
5986_at,3,0.8036532649462512
5991_at,2,0.9792674665251644
5992_at,3,0.9949362865200198
5993_at,2,0.9711449958716292
5994_at,7,0.9980303111376381
5996_at,3,0.9459203028441233
5998_at,7,0.9969788731071654
5999_at,6,0.9221802907974352
6004_at,2,0.5722251524633974
6005_at,7,0.9989816619087772
6009_at,0,0.9857382547301864
6010_at,5,0.9965727648182419
6011_at,4,0.7813500629540612
6012_at,2,0.6640493834992361
6013_at,3,0.9991552515436577
6014_at,2,0.9367269428151728
6015_at,5,0.9694636007069638
6022_at,7,0.9923078208095452
6023_at,6,0.896079167609158
6025_at,0,0.9996616579212733
6026_at,3,0.9384137509452519
6030_at,2,0.9919874472360947
6031_at,2,0.685120815122056
6032_at,2,0.9543230425204937
6034_at,3,0.9987133967069092
6035_at,3,0.9996486614465244
6036_at,7,0.9843692354120316
6038_at,3,0.9830517636901106
6039_g_at,3,0.9994586374281778
6040_i_at,3,0.996668277210646
6042_at,4,0.9937828415127089
6043_at,4,0.997830447311691
6045_at,7,0.8624798834242933
6046_at,3,0.9869480602364437
6047_at,7,0.9995294022900465
6048_at,3,0.9889450506759994
6049_at,0,0.9999677020316414
6050_at,3,0.9927818001409212
6051_at,7,0.8601354156529432
6053_at,2,0.9696869207672929
6054_at,2,0.9212643895651866
6056_at,5,0.6615904094396565
6057_at,5,0.4677359027094572
6059_at,3,0.9920241300057482
6060_at,2,0.9362762635480092
6061_at,3,0.7753693703240807
6062_at,4,0.9315759988165992
6063_at,0,0.7748048303033047
6064_at,0,0.7962887649567074
6066_at,3,0.7955476126027863
6069_i_at,3,0.9997409603938615
6070_s_at,3,0.9994945863428051
6072_at,7,0.9933564021604648
6073_at,7,0.9997898255769665
6074_at,5,0.91823343685861
6077_at,4,0.9992193931528857
6078_at,5,0.8302942548318568
6079_at,2,0.9864499752992026
6080_at,3,0.9998041804205292
6081_at,2,0.7650743432245155
6082_at,4,0.9958626963986073
6085_at,2,0.7964174792853705
6086_at,5,0.7379826850426838
6090_at,7,0.9987072042562616
6092_at,3,0.9942066731890206
6095_at,6,0.3991033822803243
6097_at,5,0.9758251020556105
6098_at,4,0.9945074063594466
6099_at,4,0.9978491087140843
6100_at,4,0.9735174526739515
6102_at,0,0.9958847521059054
6106_at,0,0.726790144320644
6107_at,0,0.9901224662959031
6110_at,4,0.7880965269414563
6117_at,3,0.9732001865872463
6123_at,7,0.9996514786505764
6125_at,0,0.931573920171272
6127_at,3,0.9996272618651847
6128_f_at,2,0.9721200969548126
6129_f_at,2,0.9729141080669208
6133_at,7,0.9998472810875101
6134_at,7,0.9072692539931101
6136_at,2,0.9714263479171087
6139_at,7,0.9919950548345275
6141_at,6,0.996327022882353
6142_i_at,3,0.9946315798223186
6143_f_at,0,0.9985026257944933
6144_at,4,0.9953755024222558
6146_at,2,0.8242223584536186
6147_at,7,0.9998295966434757
6149_at,2,0.8987421082457997
6150_at,2,0.9928814913449513
6151_at,2,0.9805246904342405
6152_at,3,0.7910816330455077
6153_at,7,0.9999079977795884
6154_at,7,0.9906622148514558
6155_at,2,0.9287164022681847
6156_at,0,0.9988998598729356
6159_at,2,0.9417225923777752
6160_at,4,0.990368483466688
6161_at,4,0.9720825950157183
6162_at,4,0.9897532170365398
6166_at,7,0.9975681154134781
6167_at,4,0.9988313302530704
6168_at,4,0.9964901627883759
6170_at,7,0.9998650477862893
6171_at,3,0.9966151089508706
6172_at,7,0.9818990958339615
6173_at,0,0.9979989975958141
6174_at,3,0.9990046901562927
6179_at,2,0.5765802534742027
6181_r_at,2,0.9890943784585841
6183_at,4,0.8892941384307886
6184_at,2,0.990172182093936
6186_at,7,0.5057170141469192
6187_at,3,0.973896501169715
6188_at,7,0.9999080747515318
6192_at,2,0.8397072633922368
6194_at,2,0.8801988845296019
6196_at,4,0.9674875662766962
6199_at,7,0.6925998822400999
6201_at,3,0.9908114294595504
6202_at,5,0.9944743471884108
6205_at,2,0.963154260346939
6206_at,5,0.973608290204721
6209_at,2,0.8459696137067994
6210_at,3,0.9996758239394558
6211_at,4,0.9932432573634777
6212_at,4,0.9118917119176807
6216_at,5,0.943020837087889
6218_at,3,0.9995953288076638
6219_at,5,0.9524667897625175
6220_at,4,0.9962595901955579
6221_at,4,0.999291221428034
6223_at,2,0.9909843363217504
6225_at,6,0.9956411227952657
6226_at,7,0.9998896746107709
6227_at,6,0.9977021897768833
6228_at,7,0.9997483234515785
6231_at,3,0.7598186059720341
6233_at,0,0.999657013170546
6234_at,4,0.9989521730576817
6235_at,5,0.9906984616976884
6237_at,7,0.9990187935072502
6240_at,4,0.8471686059249547
6241_at,2,0.9176794336970135
6242_at,4,0.9397548220954474
6243_at,3,0.9948744138073181
6245_at,3,0.9994817780340327
6246_at,3,0.9950480315203339
6248_at,7,0.9999215180515617
6259_at,4,0.8380572215877932
6260_at,2,0.9689610945947604
6261_at,4,0.997889222992176
6264_at,6,0.9593593724543726
6265_at,2,0.9238284978328176
6267_at,7,0.5239518452361535
6268_at,3,0.9990579942400788
6270_at,6,0.7420293944566082
6271_at,6,0.8811602914491138
6273_at,5,0.9594781071968634
6275_at,6,0.971488502133441
6276_at,5,0.9886870120426882
6279_at,5,0.9977751592572135
6283_at,2,0.995987239201059
6284_at,5,0.901814540918209
6285_at,7,0.7521556574208328
6286_at,0,0.9998724101402557
6287_at,2,0.9916511790269086
6296_at,7,0.9999168662807105
6298_at,4,0.9939079050017174
6299_at,2,0.9670558087972521
6300_g_at,2,0.9804793665139873
6301_at,2,0.7765823225221304
6302_at,0,0.9888387990591044
6308_at,2,0.972711253429939
6311_at,0,0.9963573617634983
6312_at,2,0.7117482270484953
6313_at,3,0.9977489920953354
6315_at,2,0.9938651179188569
6316_at,7,0.7629017591765511
6317_at,4,0.9648087549245888
6319_at,4,0.5725878774834527
6321_at,7,0.9994341595518521
6323_at,2,0.9438133609332665
6324_g_at,2,0.920864901710322
6325_at,3,0.5349380548937845
6333_at,2,0.6887124791549186
6335_at,7,0.9956591528755367
6337_at,5,0.9882141650912051
6339_at,5,0.9957109383523708
6341_at,2,0.9449785993252607
6343_at,3,0.9979689542186241
6345_at,2,0.9858847468932226
6346_at,4,0.9978788800507028
6348_at,7,0.9997198896917026
6350_at,7,0.9996116339179477
6351_at,7,0.9999167403753036
6352_at,3,0.8703212713019692
6353_at,2,0.9839488343627502
6355_at,0,0.9979796657106543
6356_at,3,0.9924148336560045
6357_at,4,0.998052174685371
6363_at,4,0.8628079880645343
6364_at,2,0.7869472294804604
6365_at,5,0.9918173887323256
6368_at,3,0.9993456480644836
6370_at,3,0.9924850317190512
6372_at,7,0.999914025727832
6373_g_at,7,0.9994076784352166
6374_at,7,0.9992534662305075
6376_at,2,0.7122728446666853
6377_at,7,0.9996816107823954
6378_at,3,0.9997420111018884
6379_at,2,0.9112501471957859
6380_at,2,0.7871930932047305
6381_at,0,0.9972893630245153
6382_at,4,0.43214574339989853
6386_at,2,0.9794140017973366
6389_at,6,0.9933427081575456
6394_at,4,0.9680347424010207
6397_at,2,0.9927854868485796
6398_at,4,0.9989824244215924
6399_at,0,0.9891582401486436
6401_at,4,0.9969746256284193
6403_at,7,0.9880568655031091
6407_at,0,0.9982855188349214
6408_at,5,0.9919770794941285
6409_at,4,0.9947428034448285
6411_at,0,0.9999415818143546
6413_at,7,0.9978930355481955
6414_at,3,0.4707133866086032
6415_at,3,0.9980249757219235
6417_at,4,0.9203414060205953
6418_at,0,0.9780366343715831
6424_at,4,0.9961552200473335
6428_at,4,0.9973314809267058
6429_at,0,0.99692508590484
6430_at,7,0.9896479674259562
6431_at,7,0.6322013039766478
6432_at,2,0.9000079090310787
6433_at,3,0.9998236405600577
6436_at,0,0.9999456771144682
6437_at,6,0.9730414872916553
6438_at,3,0.9747011545440228
6440_at,3,0.9991033633480768
6441_at,5,0.9910959897530575
6442_at,5,0.9770622406735143
6444_at,4,0.49380996950667183
6445_at,5,0.9840105459271173
6446_at,4,0.9799050162466629
6449_at,4,0.9808439405501239
6450_at,6,0.995714456751978
6451_at,5,0.9835160556735137
6452_at,0,0.8105586482728039
6456_at,7,0.9998743144160713
6457_at,3,0.9982961600365177
6459_at,7,0.9999479875634121
6462_at,6,0.9762761078974059
6463_at,3,0.9903549134505782
6464_at,4,0.9954863729019265
6467_at,6,0.9264306568170612
6468_at,2,0.9669794334670385
6471_at,5,0.5374283355369629
6472_at,6,0.9013699835482268
6473_i_at,3,0.9970331862939426
6477_at,5,0.8623261038399322
6479_at,4,0.9992131274593142
6480_at,3,0.998564361055853
6481_at,0,0.993344497609187
6482_at,2,0.7116431367463145
6483_at,2,0.9846293268755195
6484_at,2,0.9153297176969454
6485_at,4,0.9795029982791452
6486_at,2,0.9888662764165526
6487_at,6,0.7782505016413593
6488_at,4,0.9838671525712078
6489_at,5,0.9663976671334524
6493_at,0,0.5661040165769318
6495_at,7,0.9412849650258394
6497_at,7,0.9984179676487737
6498_at,7,0.9657086098791978
6500_at,2,0.9912296398709108
6503_at,5,0.9981746711521827
6505_at,4,0.9955188941576327
6506_at,7,0.9996619681461576
6507_at,5,0.5659833096480115
6508_at,7,0.9992921627228516
6512_at,7,0.9993712898249393
6513_at,0,0.9999747016848943
6514_at,0,0.99980529859787
6515_at,0,0.9993107108604209
6516_at,0,0.9703862372654444
6517_at,6,0.631098738065839
6519_at,7,0.9907601769594059
6521_at,0,0.9998471034158668
6523_at,2,0.7144446512354524
6525_at,2,0.9837046092782253
6527_at,2,0.9918227135170526
6528_at,2,0.861452372745515
6529_at,3,0.6696944995102225
6531_at,7,0.9078504221639345
6532_at,7,0.9991040248311727
6535_at,0,0.9967962681624476
6536_at,0,0.9883582361777876
6537_f_at,3,0.9992318363530739
6538_at,0,0.9897624455010056
6539_at,3,0.9561696678674202
6544_at,4,0.9815348270900567
6546_at,7,0.9995287410668584
6547_at,0,0.8114058016248694
6548_at,0,0.995453557569506
6549_at,5,0.996153478591226
6550_at,2,0.7244599164181438
6555_at,4,0.9867441628384227
6556_at,4,0.9989005119885868
6558_i_at,3,0.9991649289452246
6559_f_at,3,0.9996990933191123
6560_at,3,0.9996540011655795
6562_at,3,0.9995617213002147
6563_at,5,0.9623068383531983
6564_at,5,0.9760574207825065
6565_at,4,0.9978366733694366
6567_at,2,0.9765383366244857
6568_f_at,3,0.9984233568799162
6569_at,3,0.9993372384571149
6572_at,4,0.9659251979553997
6573_at,2,0.9718912515424897
6574_at,3,0.8414849707965288
6575_at,0,0.9613557730325826
6576_at,4,0.9992509758411362
6579_at,5,0.9890001766113499
6580_at,2,0.7451165367891541
6583_at,7,0.9998684695898897
6584_at,7,0.9997612601811731
6585_at,7,0.9323649933726681
6586_at,2,0.9253220615350579
6588_at,3,0.9980690991137556
6591_at,7,0.9996783770067879
6593_at,7,0.9991041153194375
6594_at,3,0.9688476345313185
6595_at,4,0.9961051383136963
6596_at,4,0.9700109025926958
6597_at,3,0.9997257151645487
6598_at,4,0.594893892845227
6599_at,3,0.999560623776891
6600_at,3,0.9976893902780273
6601_at,6,0.9782786106497934
6605_at,4,0.9227558267163041
6607_at,4,0.9288032373912609
6608_at,6,0.7268091860245144
6609_at,0,0.7893249227885004
6611_at,5,0.9518088294288651
6612_at,5,0.9788618131811297
6614_at,2,0.9183805910140314
6616_at,2,0.8067710608962063
6622_at,0,0.9983512787802465
6625_at,0,0.9915283405415771
6626_at,6,0.9170090798392186
6627_at,0,0.9967535217214836
6628_at,4,0.9567986637471042
6630_at,7,0.9993757766382759
6633_at,4,0.9912864194724025
6638_at,5,0.8807136255988042
6639_at,5,0.8675363050665705
6640_at,2,0.9772484004049933
6641_at,4,0.9011043794726044
6642_at,7,0.9925000389199083
6646_at,5,0.764582507438102
6650_at,6,0.9915881212671495
6651_at,4,0.9775627742397147
6652_at,6,0.9921582013633311
6654_at,3,0.9992672880939606
6656_at,7,0.999924739750941
6660_at,2,0.9568887052830573
6663_at,6,0.763907805299002
6664_at,4,0.9984656705832001
6665_at,7,0.9977587048255835
6666_at,2,0.5836280453305165
6669_at,2,0.6074125081550061
6670_at,4,0.9723028014818992
6671_at,7,0.8974856602320221
6672_s_at,3,0.9997358769316806
6675_at,3,0.7107829038880691
6676_at,2,0.5011899602787481
6677_at,6,0.5981098605155303
6682_at,3,0.9977071219049003
6683_g_at,3,0.9933721639182999
6684_at,5,0.8805652049509168
6685_at,3,0.9947908344105258
6688_at,7,0.9764065131799073
6689_at,3,0.918992095888325
6690_at,6,0.9990580697144135
6692_at,2,0.7103491160324068
6693_at,4,0.9985591859817702
6694_at,4,0.9993102936990077
6695_at,0,0.9996317607525885
6697_at,7,0.9970008972271992
6699_at,0,0.8876607703899559
6700_at,3,0.6295767563365442
6702_at,2,0.9904612719316734
6703_at,7,0.9998288446042316
6704_at,4,0.9880502547702809
6706_at,7,0.9999617737130122
6707_at,0,0.8905849471338464
6710_at,5,0.961715607459346
6714_at,2,0.7804692945914722
6715_at,4,0.8943170889589198
6717_at,3,0.9972097255995961
6718_at,3,0.998673191858192
6719_at,4,0.9960315192607206
6720_at,2,0.9720661368300667
6721_at,7,0.9155521469325929
6722_at,3,0.7800276257258344
6724_at,3,0.9986865679005464
6727_at,7,0.8442673544201924
6729_at,4,0.9775587977800934
6730_at,4,0.6123994078907099
6731_at,2,0.839924770530881
6732_at,6,0.9643094928423295
6733_at,6,0.6460133961450132
6738_at,0,0.9163757312315715
6741_at,6,0.9894908693495261
6743_at,5,0.7520148481166703
6744_at,6,0.9040672068764157
6747_at,0,0.9994360763114915
6756_at,3,0.8814458943546738
6759_at,7,0.9993682319753088
6760_g_at,7,0.9991248964804249
6764_g_at,2,0.9834916775739312
6765_at,6,0.9970434692102269
6766_at,2,0.9790542904879405
6777_at,4,0.803798594663851
6781_at,0,0.9826028599043543
6782_at,3,0.5357856605464306
6783_at,5,0.9601267454511394
6786_at,4,0.8978515245980083
6787_at,3,0.9992610481921762
6788_at,2,0.9839912601145012
6792_s_at,2,0.9533565955525621
6793_at,5,0.9402897401370088
6794_at,2,0.7810528687416417
6795_at,2,0.9608307683103576
6798_f_at,4,0.9764211361509413
6803_at,4,0.9986292853934555
6805_at,0,0.6571099674066229
6806_at,7,0.9988547724119744
6808_at,7,0.997857241550841
6811_at,2,0.7208285107909715
6812_at,7,0.9996935226890762
6813_at,0,0.9999786064375079
6815_at,2,0.98444265340686
6816_at,2,0.9810280163364423
6817_at,4,0.9704517643854448
6819_at,4,0.9592476830630517
6821_at,2,0.9748708355478676
6822_at,4,0.6888189323034174
6825_at,0,0.9978413573036067
6828_at,2,0.9725033783330824
6830_at,6,0.6944693888737463
6831_at,3,0.999626198655478
6834_at,7,0.9994826736318733
6835_at,0,0.9943827571988172
6837_at,6,0.9912746659400451
6843_at,0,0.9952394202409037
6844_at,3,0.9977290686022247
6846_at,4,0.9982930175283153
6847_g_at,4,0.998269324741367
6848_at,0,0.9988789769494294
6849_at,2,0.6048751240727258
6850_at,4,0.6588450958221993
6852_at,7,0.8875606903595188
6854_at,6,0.9967854106264775
6856_at,2,0.5634551614890674
6857_at,7,0.9984632319310257
6858_f_at,6,0.9782058769337634
6863_at,5,0.7263249693248263
6864_at,5,0.9772450870824663
6865_at,4,0.9732297746278938
6866_at,3,0.9988959984943833
6869_at,3,0.9855125455480266
6880_at,7,0.9990060404801081
6881_at,7,0.9998471940846477
6882_at,4,0.9933267318220644
6883_at,7,0.9730393036890298
6884_at,4,0.8696310823990859
6885_at,3,0.9993654506795155
6887_at,4,0.9978156246947555
6890_at,2,0.922543699805888
6891_at,6,0.9351209900836016
6893_at,4,0.9639247728949166
6894_at,6,0.9073180909007325
6895_at,0,0.8329098727220668
6896_at,0,0.9999774063020725
6897_at,4,0.9782733559023966
6899_at,2,0.7385220972923631
6905_at,2,0.9946564821090975
6906_at,3,0.9840586185135545
6907_at,3,0.9949549813577158
6909_at,3,0.6842249184136595
6910_at,7,0.9485958450813676
6911_at,3,0.9921979511805453
6912_at,5,0.8914692919383431
6913_at,5,0.824143374891739
6916_at,5,0.9772733306804394
6917_at,7,0.9990267388890011
6918_at,0,0.9616967425690509
6921_at,6,0.848137865161725
6922_at,6,0.9048462666722884
6923_at,0,0.9974058123898776
6924_at,2,0.9850832231992502
6927_at,5,0.9260317079779591
6932_at,6,0.9944422371593331
6934_at,2,0.8100587681763373
6935_at,2,0.9861028068541006
6936_g_at,4,0.9976257120427142
6937_at,4,0.9921779964305498
6944_at,5,0.9495906151612732
6946_at,5,0.592616466189736
6949_f_at,2,0.9945749907810938
6950_at,3,0.9984787632176091
6952_at,7,0.9995207564849213
6963_at,4,0.9991465495267046
6964_s_at,4,0.9155082185234245
6966_r_at,2,0.9462907577442097
6967_at,6,0.931288386814394
6970_at,2,0.6955335345669639
6976_at,0,0.9937358861793631
6977_at,3,0.9988351155595726
6978_at,7,0.965348575338979
6979_at,3,0.9404532359677628
6981_at,7,0.9950957651554313
6982_at,6,0.520185751650233
6984_at,5,0.8749208655908647
6987_at,2,0.9377955317677484
6993_f_at,3,0.9783832704472893
6995_at,4,0.983558039639136
7009_g_at,2,0.7354543272367089
7011_g_at,3,0.9937259465661027
7018_at,2,0.43372509765773753
7022_at,2,0.6515792769270182
7025_at,6,0.9947685282429735
7026_at,6,0.989878388913459
7033_at,3,0.7213602182522827
7034_i_at,4,0.9780909781625311
7035_s_at,4,0.9940698768519567
7036_s_at,0,0.9927424376115517
7037_s_at,4,0.980383086188043
7041_s_at,0,0.998666069499748
7043_at,6,0.8849290632532114
7045_i_at,2,0.9779136716175679
7046_s_at,2,0.9876476866762788
7047_at,2,0.8581103064231645
7048_i_at,2,0.9964361058783554
7057_at,2,0.9430836683790046
7058_at,4,0.9941335759950468
7059_at,4,0.9787638874619632
7062_at,2,0.9671891938573545
7064_at,3,0.9994666090981212
7066_at,3,0.9984578202279577
7067_at,7,0.9975216008741477
7068_at,4,0.9989744758704784
7070_at,5,0.982674097478737
7071_s_at,2,0.9868058313914715
7072_s_at,5,0.9747340095367085
7078_at,4,0.997274234274377
7081_at,3,0.997535530656031
7082_at,7,0.9375195355947064
7086_at,7,0.9998183075079796
7087_at,4,0.9667332820122907
7088_at,4,0.9230980999123555
7089_at,0,0.9999381176342077
7090_at,2,0.9939333111728813
7091_at,2,0.9800424915991371
7093_at,7,0.9999186733702934
7096_at,2,0.9864144682607133
7098_at,4,0.9967317798857105
7100_at,7,0.9997871882738204
7103_at,0,0.9861815932533721
7105_at,3,0.9845641313056591
7106_at,4,0.9936010351454981
7108_at,7,0.9997929098015791
7110_at,7,0.7802954814859696
7112_at,0,0.999774108614832
7116_at,7,0.9995572592765087
7117_at,7,0.39597343101711674
7120_at,6,0.7409500072233421
7121_at,4,0.5838839945319296
7122_at,6,0.9858801769423153
7124_at,4,0.9987853794720669
7127_at,6,0.9316870174404267
7129_at,3,0.9956043011937947
7130_g_at,3,0.9996452081272947
7131_at,2,0.9963105597748014
7132_at,6,0.9974307828957182
7133_at,2,0.6015505062343907
7135_at,4,0.9940395760545451
7137_at,0,0.9875341260418543
7139_at,6,0.9872265710014283
7140_at,4,0.9992244960308745
7141_at,6,0.983232789642053
7147_at,3,0.9972104631725758
7148_at,7,0.989507220471968
7153_at,6,0.9027215046572762
7158_at,2,0.9875509205397496
7159_at,2,0.9790296697569847
7160_at,7,0.9995476149365636
7161_g_at,7,0.991914085582947
7162_at,7,0.999085276886878
7168_at,4,0.9911032366828941
7169_at,3,0.9996060984017121
7170_at,4,0.9991410026183085
7171_at,6,0.9686183533217608
7174_at,3,0.999703694424338
7182_at,6,0.9966525309616819
7184_at,4,0.9933862282399976
7186_at,7,0.9979952984620944
7188_at,3,0.9140604038232406
7190_i_at,3,0.9983166135430762
7191_f_at,3,0.9996009762624429
7195_at,4,0.9909389058572031
7197_at,2,0.7257184567419525
7200_at,0,0.9849913447363622
7201_at,0,0.9999620527513836
7203_at,6,0.9943733268859145
7204_at,4,0.8584911492594627
7205_at,5,0.9875534523377889
7207_at,6,0.9758730133637558
7208_at,5,0.6361043864904562
7209_at,7,0.8715360043409023
7211_at,3,0.8968962078232127
7212_at,2,0.968737609365842
7214_at,4,0.9922419280831237
7217_at,4,0.9989616741624427
7219_at,4,0.9532747511557309
7222_at,6,0.9958398718188711
7223_at,5,0.3701608503410121
7224_at,5,0.7941261173917727
7227_at,4,0.7302768031897906
7228_at,4,0.9759311785568033
7229_at,5,0.6669040672397126
7230_at,4,0.9991386218001655
7231_at,2,0.9906590325037127
7232_at,0,0.9999606886287303
7233_at,0,0.9834718951525079
7234_at,3,0.9987551153787066
7237_at,7,0.9993086160940123
7239_at,5,0.9763526115704511
7241_at,0,0.9996576845409993
7242_at,3,0.9997413546626489
7244_at,2,0.9853521805168539
7245_at,2,0.9457218111740273
7250_at,0,0.9997868706517166
7251_at,3,0.9947610216545946
7252_at,4,0.517682050414662
7253_g_at,4,0.6713232400793973
7254_at,4,0.7742666482748168
7255_at,6,0.9966743116403666
7256_at,7,0.9999310198220777
7257_at,3,0.9989474364235459
7258_at,7,0.9998868765883439
7259_at,5,0.7752072029788076
7260_at,3,0.9637557891441084
7262_at,3,0.9993255987309688
7266_at,7,0.9996114568143231
7267_at,7,0.998644811322492
7268_at,4,0.7571790078843437
7269_g_at,2,0.6666922833752796
7270_i_at,4,0.8506324949107784
7272_at,7,0.9615275853449374
7273_at,3,0.9995535582622419
7275_at,6,0.9298991029038389
7277_at,5,0.5701330268123377
7278_at,5,0.5219657294538693
7280_at,4,0.9486257092984453
7281_at,7,0.9804262094576216
7282_at,6,0.9977193563792481
7284_at,0,0.9451834808767148
7285_at,4,0.9851649170195784
7286_at,6,0.9835312702343093
7287_at,6,0.9006633093254371
7289_at,3,0.9990813386660765
7290_at,4,0.8446438849199113
7293_at,7,0.9970326851772957
7294_at,2,0.9923680226506514
7295_at,2,0.6963883320432843
7296_at,7,0.9993988314803736
7297_at,3,0.9964393392212898
7298_at,3,0.9993598092032291
7299_at,6,0.597967206247718
7300_at,4,0.8143089743125557
7301_at,7,0.9973295971083482
7302_at,7,0.9741305895547203
7303_at,3,0.9993582956892877
7304_at,3,0.7080088537228256
7306_at,5,0.9467610186205437
7307_at,5,0.9916442420979918
7309_at,5,0.8718123354846872
7311_at,4,0.9982656224242188
7312_at,5,0.9774354799209829
7313_at,4,0.8923360451580065
7314_at,4,0.9148442342256871
7315_at,6,0.9880740103030543
7316_s_at,3,0.9993793456854524
7319_at,2,0.8729329421607136
7320_at,5,0.9496469364442635
7321_at,4,0.99496666735122
7322_at,6,0.9973997010597051
7324_at,4,0.9923299983664952
7325_at,6,0.9007440519978821
7327_at,4,0.9463633837270621
7329_at,2,0.9557658233687385
7331_at,2,0.8934667629812397
7334_at,3,0.9995501140306489
7337_at,2,0.719540370536091
7338_at,3,0.8541276351969168
7339_at,4,0.9946455339807196
7341_at,7,0.7144420070093994
7345_s_at,3,0.9996885150148208
7347_at,7,0.9998313285294389
7348_at,0,0.9998863832724723
7349_at,4,0.5892291537596481
7350_at,5,0.8660387789270794
7351_at,7,0.9060857308919104
7352_at,7,0.9986215852471056
7353_at,3,0.9576193502007404
7354_at,4,0.9667459089111797
7355_at,6,0.9790567142958969
7357_at,0,0.9734186863584797
7358_s_at,5,0.9969090836604664
7359_at,7,0.9936739928078391
7361_at,4,0.9965245740077922
7362_at,0,0.8168971308230111
7363_at,7,0.9952057985061454
7364_at,3,0.9996645081968955
7365_at,6,0.7053824818674899
7366_at,3,0.8267219624057232
7368_i_at,7,0.5284608460549726
7369_s_at,5,0.9953203865943425
7374_at,7,0.6679795312505578
7375_at,7,0.8854683850990049
7376_at,3,0.9992848322577433
7377_at,0,0.9996416638117593
7378_s_at,3,0.999416766629798
7383_at,3,0.7281484366729803
7384_at,3,0.5279859817065631
7385_at,5,0.9644535657853236
7386_at,7,0.9937537392509698
7387_at,3,0.9974170569133389
7392_at,5,0.9790873887325443
7396_at,5,0.9736698775861222
7397_at,7,0.9788634728724211
7398_at,0,0.9652888560371053
7403_at,6,0.989731990172959
7404_at,6,0.9346529037132782
7405_at,4,0.981722561559273
7407_at,5,0.9595878789248801
7411_at,2,0.9848791223186986
7413_at,0,0.9992667675487955
7414_at,7,0.9997747832320832
7415_at,5,0.9924947409421981
7416_at,0,0.9792162258367136
7417_at,7,0.9999439075317795
7418_at,7,0.999858834555922
7419_at,6,0.9327680057641631
7420_at,5,0.9713583657811149
7421_at,3,0.9686123495740979
7422_at,6,0.9982150320945916
7425_s_at,3,0.9995888310015149
7426_at,6,0.9117081296463996
7428_at,3,0.9908219459246815
7429_at,4,0.9962672195304221
7430_at,7,0.9637812464294706
7431_at,2,0.9970640418387816
7432_at,4,0.996850983407712
7433_at,5,0.5491574675884723
7434_at,3,0.997678929299615
7435_at,3,0.992302249291551
7437_at,7,0.9918969752943327
7438_at,7,0.9998701080137087
7439_at,2,0.7448115504724974
7440_at,3,0.9969526535546366
7442_at,3,0.9941020044665466
7446_at,5,0.6020735023275315
7448_at,3,0.9997645497724847
7451_at,7,0.9998610591996915
7454_s_at,3,0.9992741523838675
7455_at,4,0.9962355549608408
7459_s_at,3,0.9965550790581367
7460_at,3,0.5016708604694088
7461_at,3,0.9990953093239622
7462_at,5,0.9943822771421984
7464_at,4,0.9942416119825012
7466_at,5,0.7751960842399672
7471_at,2,0.9636306097340307
7474_at,2,0.8655788289128857
7475_at,2,0.9618440341436951
7478_s_at,2,0.8932609545216648
7479_at,7,0.9784726086975414
7480_at,4,0.9904225506036477
7484_at,4,0.9978764175753
7485_at,6,0.5507032722166141
7486_at,5,0.8749925073902319
7487_at,5,0.9758110670197377
7490_at,5,0.9725426872766189
7491_at,4,0.9921455833240239
7494_at,2,0.5154416731525653
7499_at,5,0.9201968774149338
7501_at,7,0.8580989986029341
7505_at,4,0.9971743027511235
7506_at,4,0.9769640701660846
7514_at,6,0.9987280096357587
7525_at,2,0.9790231726939133
7533_at,2,0.7099129032484103
7537_at,6,0.9933401234954037
7538_at,3,0.964114001930274
7539_at,3,0.989867821793187
7542_at,3,0.9886608207409031
7543_at,5,0.8703336229119637
7545_at,4,0.9823478694417949
7551_at,2,0.8119095963658678
7552_at,2,0.5252775222815323
7553_at,4,0.9805495809464039
7556_at,4,0.9901844936501836
7557_at,5,0.8950296066770671
7561_at,3,0.9977094279078333
7562_at,6,0.9727856182447343
7564_at,7,0.985357633558924
7565_at,3,0.9989768814189252
7567_at,0,0.9997400318564554
7570_at,4,0.9983999568828095
7573_at,7,0.9998802645969113
7574_at,7,0.9986140761515376
7580_at,4,0.9980807168259938
7581_at,7,0.8757231491997818
7582_at,4,0.9968228496137654
7584_at,7,0.9982686204823596
7585_at,0,0.993680848037139
7586_at,0,0.9985285189124851
7587_at,0,0.999977120392201
7588_at,3,0.8649094208770786
7589_at,5,0.9401823556584586
7590_at,5,0.9804608827442911
7591_at,2,0.9902553559348878
7592_at,4,0.9986977240711088
7593_at,4,0.9938991742555762
7594_at,4,0.9986340001419153
7595_at,6,0.9793235210022132
7597_at,2,0.5909984685041808
7598_at,2,0.8772986673975642
7602_at,6,0.9937722814131268
7603_at,3,0.9174901698410242
7604_at,4,0.9931224433846545
7605_at,3,0.7341258404297057
7607_at,3,0.8885764472808015
7610_at,7,0.9927305515595864
7611_at,3,0.9980595077888875
7613_at,6,0.9512766873604596
7614_at,6,0.8370811446478311
7618_f_at,3,0.9936328995618986
7621_at,7,0.998571469222596
7622_at,2,0.9874548944711435
7625_at,0,0.9709848801832253
7626_at,3,0.5175461050986113
7629_at,7,0.9658542688508076
7630_at,7,0.9475709564877167
7632_i_at,3,0.9982098950067719
7634_at,2,0.9931344054865128
7637_at,2,0.9895013696603249
7639_at,2,0.9645215197397979
7640_at,5,0.9474604485079677
7641_at,0,0.972337011563232
7643_at,6,0.9256558554508831
7644_at,0,0.9936723454294585
7645_at,7,0.5835728496514948
7646_at,7,0.8168391250063461
7649_at,2,0.8660893136994197
7651_at,5,0.9984259397742784
7658_at,5,0.6226280341184104
7661_at,6,0.9795902384761417
7664_at,3,0.874330417139793
7667_at,2,0.9896195864744115
7669_at,6,0.6908660477694089
7673_at,2,0.9872489851992744
7674_at,4,0.6408456100086312
7677_at,3,0.8759768417737798
7680_at,3,0.9996830437355274
7681_at,2,0.8777475933374098
7687_at,5,0.990601862847566
7694_at,3,0.9870198358154588
7699_at,6,0.8914826591204674
7700_at,6,0.9885183961668472
7701_at,6,0.5410779064793813
7705_at,3,0.9993258454573101
7706_at,2,0.9890384066152987
7707_i_at,3,0.9994109905905124
7708_f_at,3,0.9994136372297217
7712_at,7,0.998133336162701
7713_at,0,0.9992162343978921
7714_at,6,0.9668805852090535
7717_at,5,0.9960125862863242
7718_g_at,5,0.9981137800348986
7719_at,2,0.8030791578545157
7723_at,3,0.8813415259081969
7724_at,7,0.7628423256929863
7725_at,7,0.9521397366139095
7727_at,7,0.9962569353350779
7728_at,7,0.9994332736501305
7731_at,5,0.9947216806966026
7733_at,4,0.9989392141073478
7735_at,2,0.9582720913367587
7736_at,4,0.9918066576049493
7741_at,3,0.9983504882940843
7747_at,2,0.9891678992790626
7748_at,2,0.6068663260366131
7749_at,4,0.9994742075905791
7750_at,4,0.9066291263014842
7753_at,4,0.9994237250188099
7754_at,5,0.8758057038359724
7755_at,2,0.9945902040330322
7756_at,7,0.9973402905927001
7757_at,2,0.9955582126452412
7758_at,4,0.9990090774964128
7760_at,4,0.987177059536755
7761_at,0,0.9989507186941281
7762_at,0,0.5777594610685666
7763_at,7,0.9997774279866092
7764_at,7,0.5444459227640724
7765_at,3,0.7512585301937068
7766_at,7,0.9970156329367387
7768_at,0,0.999907501627647
7769_at,7,0.9662963535957358
7770_at,2,0.9866973448882642
7775_at,3,0.9971980054174584
7779_at,7,0.8670356221745282
7780_at,2,0.9724948680288497
7781_at,4,0.9972797306713472
7783_at,5,0.9925271826810584
7785_at,7,0.9912874354663018
7786_at,0,0.9996251862227599
7789_at,4,0.9758366116017729
7791_at,6,0.9891570801912535
7793_at,3,0.9985081545500061
7796_at,0,0.994011514562017
7797_at,6,0.9799944005891312
7800_at,0,0.9998882858156474
7802_at,2,0.9062667056179206
7803_at,7,0.999252013483899
7805_at,6,0.8690963039759511
7807_at,6,0.9982353369229913
7810_at,6,0.9916624378098493
7811_at,3,0.9994933811403004
7812_at,5,0.9908086290339515
7814_at,0,0.9021913089622524
7817_at,5,0.9230334681011547
7822_at,7,0.9993205647170139
7824_at,6,0.49811424290390105
7826_at,7,0.995909798413468
7828_at,2,0.9597173502626338
7832_at,2,0.9740574845325642
7835_at,2,0.978071870986256
7836_at,2,0.9464558538857143
7837_at,5,0.996834802621729
7838_at,7,0.9998321242972388
7839_at,2,0.9785048254399404
7842_at,0,0.995172508856575
7843_at,4,0.9798132707528631
7845_s_at,3,0.9995201349955083
7846_at,6,0.6441044631358063
7847_at,3,0.9988591992632732
7848_at,5,0.9930371814218101
7849_at,0,0.9639980604253042
7851_at,4,0.9507017550236432
7852_at,3,0.9709422501756823
7854_i_at,3,0.8745362117758102
7855_f_at,3,0.9804336397420391
7857_at,4,0.9985956265528398
7860_at,2,0.9534779683615423
7861_at,4,0.9955014303345006
7862_at,7,0.9760326630127286
7863_at,6,0.9897731910774307
7864_at,5,0.9900471999032129
7866_at,2,0.8405367612550341
7867_at,4,0.9990445765610858
7871_at,4,0.9907280363890277
7872_at,0,0.9468531704477878
7876_at,7,0.9996982018355933
7877_at,7,0.9989419193379426
7879_at,0,0.9999317113625782
7880_at,7,0.9597601243511187
7881_at,3,0.9453192502545091
7882_f_at,3,0.9998383707500423
7884_at,5,0.9251809740762736
7887_at,6,0.9889198493728596
7890_at,4,0.9640500752006983
7891_at,5,0.9607673469764871
7893_at,7,0.9394844955771976
7894_at,3,0.9993075481442999
7895_at,6,0.9909004284954661
7898_at,5,0.9986364763481923
7899_at,0,0.9998293098255598
7901_at,7,0.9999311044364456
7903_at,6,0.8811466634112964
7904_at,2,0.9440843770352568
7905_at,4,0.9624419218629188
7906_at,2,0.5796798387720271
7907_at,7,0.99995830738639
7908_at,2,0.7381450531659516
7909_at,2,0.9935728434485018
7910_at,3,0.9976297970241006
7911_at,0,0.6610851701155503
7912_at,4,0.9963322836091684
7913_at,6,0.8524393619056119
7916_at,4,0.9948569442049805
7917_at,7,0.9998399480831229
7918_at,4,0.9964018782496649
7922_at,4,0.7062525935662567
7923_at,4,0.9987342552806583
7926_at,6,0.8482913368065144
7927_at,3,0.9485275886687806
7928_at,4,0.9974854879975741
7929_at,2,0.5224176993325806
7931_at,7,0.9999085263470545
7932_at,0,0.9797638161242549
7938_at,6,0.9793122258380412
7942_at,7,0.9997790603589338
7943_at,7,0.9997871691384765
7944_at,6,0.9986191793471741
7945_at,6,0.973510512921187
7947_at,0,0.9990778773842461
7949_at,7,0.9754298830627364
7951_at,3,0.9993384081249327
7954_at,0,0.5512404034075857
7955_at,4,0.9981710229171327
7957_at,4,0.9859546384807548
7958_at,4,0.9790131657333279
7959_at,3,0.9994716997666594
7960_i_at,3,0.9990271483955051
7961_f_at,3,0.9977131604171948
7962_s_at,3,0.9938088167220293
7964_at,2,0.9943433166460907
7967_at,6,0.9945823598784121
7969_at,2,0.9809334708383415
7974_at,4,0.978906124829215
7978_at,0,0.5712254443075807
7980_at,5,0.9682792068479813
7981_at,6,0.9982838717870476
7982_at,4,0.9951961615592865
7984_s_at,3,0.978978134082253
7985_at,2,0.5328343555891124
7986_at,5,0.9939350163932801
7987_at,0,0.9975490145561078
7989_at,7,0.9996942309744214
7990_at,3,0.9776341336216686
7991_at,3,0.9082199481345345
7992_at,6,0.6255038913124947
7993_at,7,0.9999630264425103
7994_at,7,0.9998834849307124
7997_at,7,0.999830368682168
7998_at,7,0.9700282388109385
7999_at,6,0.9898912641115949
8000_i_at,3,0.9997440088571975
8002_at,2,0.9359014280328415
8003_at,4,0.9978276060031718
8005_at,3,0.9985150830615177
8006_at,3,0.9984220832331174
8007_at,2,0.9691060387452184
8008_at,2,0.9819640545035307
8009_at,7,0.9999260219306554
8010_i_at,6,0.630415128488807
8011_at,0,0.9999475835321163
8012_at,3,0.9991912474067942
8013_at,3,0.9971147907544754
8014_at,4,0.7492260996891262
8015_at,3,0.911817364528061
8019_s_at,6,0.5251750511511052
8020_s_at,4,0.9808767325540205
8022_at,3,0.9564914481557336
8028_at,7,0.9993180911120854
8029_at,0,0.9883081384436606
8031_at,2,0.9655086535598131
8032_at,3,0.9992592288366994
8033_at,5,0.9927714452738399
8037_at,7,0.9997478861785851
8038_at,4,0.9779558263807684
8040_at,3,0.9893596619642014
8047_at,2,0.8683864220570425
8048_at,3,0.999708581651138
8049_at,2,0.998375049360179
8050_at,2,0.9476141391147218
8051_i_at,2,0.9983414032941815
8052_r_at,2,0.9924394248278102
8054_at,7,0.9512777131030604
8056_at,7,0.8688882631563128
8062_at,7,0.6191444600472576
8064_at,4,0.9902125344447483
8066_at,5,0.6171937878196541
8070_at,2,0.9826915040264254
8077_at,2,0.8213698473128999
8078_at,2,0.9823675106677098
8085_at,6,0.9505212916166382
8086_at,6,0.9931944758562815
8087_at,3,0.9453806961225185
8089_at,4,0.5293907105160922
8091_at,4,0.9689985355241733
8092_i_at,3,0.999347314727635
8093_r_at,3,0.9990145609991528
8094_f_at,3,0.9995094747211882
8096_at,6,0.9977789785259092
8113_at,4,0.9942139643337439
8117_i_at,2,0.9201450861706433
8120_at,6,0.9915230834894059
8124_at,5,0.9782000097060103
8125_at,6,0.9292286524379854
8126_at,2,0.7460207653372913
8129_at,2,0.9923908805134942
8130_at,2,0.9935161805423975
8133_at,4,0.982545841786273
8137_at,0,0.9656349631540819
8138_at,2,0.9731429137570239
8140_at,2,0.9939781847957214
8142_s_at,4,0.9826645356816482
8143_at,2,0.9030018235198755
8144_g_at,4,0.93627118674109
8146_at,2,0.6392993040011106
8147_s_at,2,0.9966266634439477
8149_at,6,0.9485367971260346
8151_s_at,7,0.99993330068397
8152_f_at,7,0.9999413337147691
8153_at,6,0.9944468412232792
8154_at,2,0.9906932261724362
8157_at,6,0.9821398714451718
8158_g_at,6,0.9870482995145934
8159_at,6,0.9965471903773654
8160_at,6,0.8922647059416525
8161_at,2,0.9915900481595197
8162_at,4,0.978510228332877
8165_at,2,0.9969995841022145
8166_at,2,0.6317762578330374
8167_at,7,0.999609354224753
8168_at,3,0.9975178351406099
8172_at,7,0.9998250030654209
8173_at,4,0.9809840402033894
8179_at,2,0.981640217848966
8181_at,5,0.9644984740847488
8182_at,4,0.9838211617161837
8184_at,0,0.9975211480744357
8185_at,3,0.9596494663481872
8187_at,2,0.8979135577368859
8191_at,2,0.9624621386447803
8192_at,2,0.6962127055020964
8194_at,6,0.9901177452748474
8196_at,2,0.9705033890433905
8198_at,7,0.9998280316005614
8199_at,6,0.9914178572426624
8200_at,5,0.5926324496061021
8203_at,0,0.9999327993137082
8205_at,3,0.9996969524420909
8207_at,4,0.9985263358929529
8213_at,3,0.9984155486073014
8214_at,2,0.5479965512687359
8215_at,2,0.9663675799204438
8216_at,7,0.9998123825008263
8217_at,6,0.5897074144989972
8218_at,6,0.9982336525585457
8219_at,2,0.9121305545153948
8225_at,3,0.999392079888218
8227_at,0,0.6911825176045373
8228_at,0,0.9998644459620821
8231_at,2,0.9760499341392546
8232_at,3,0.9800440968443502
8233_g_at,3,0.9946923377015712
8236_at,6,0.9982041809409772
8237_at,6,0.9962659389423689
8241_at,0,0.9998905880477414
8242_at,0,0.9950350597594847
8243_at,0,0.8940306206717503
8244_i_at,0,0.8273414700443478
8245_r_at,0,0.8882462450164744
8246_s_at,3,0.9995605152981093
8247_at,3,0.598024756947398
8248_at,0,0.6795751736990324
8252_at,3,0.9996353842597864
8255_at,3,0.9810998201890917
8256_at,7,0.9084799043529753
8259_at,0,0.9986132329482733
8261_at,4,0.6804890515781478
8262_at,7,0.9991329870637959
8263_at,0,0.9990420318808867
8264_at,7,0.9761685564980492
8265_at,2,0.8341707511243367
8268_at,2,0.9921635604991645
8269_f_at,3,0.9994357793531858
8270_f_at,3,0.9997521608033063
8271_at,0,0.9999659104477391
8272_at,3,0.967391597708972
8278_at,6,0.4841514424904335
8280_at,2,0.8028296646077322
8281_at,3,0.9923248156998569
8282_at,4,0.9925772447280378
8284_at,2,0.978238856086468
8285_at,4,0.9943043115741272
8287_at,7,0.9955627318466043
8292_at,3,0.9959211094044116
8293_at,0,0.9998793733158717
8294_at,4,0.997510293327567
8295_at,3,0.9945914065186193
8297_at,2,0.9570735966671584
8298_at,7,0.9987832009533453
8300_f_at,3,0.9995898649246676
8302_at,6,0.7327825191925789
8305_at,3,0.9983894108846758
8306_at,3,0.9934202193401495
8307_at,3,0.9868082029573398
8309_at,0,0.9734881077683234
8312_at,3,0.9953727496604757
8313_at,5,0.6307016520138624
8314_g_at,5,0.6706981396143192
8315_i_at,5,0.5139147038068843
8318_at,6,0.9892282126972297
8319_at,0,0.9991405476386606
8320_at,3,0.9993131149373944
8325_at,2,0.992414082878841
8326_at,4,0.9984250081347676
8328_at,3,0.9803509593196489
8330_at,2,0.9862294665465787
8331_at,2,0.9892945805670809
8334_at,3,0.9956416500626696
8335_at,4,0.9461318786406773
8336_at,3,0.9992217139078668
8337_at,3,0.9591993421060692
8338_at,3,0.9926752054859517
8339_at,4,0.9980810453397271
8340_at,2,0.7118445208377038
8341_at,6,0.9735602791242041
8342_at,4,0.9956393112502421
8343_at,7,0.996602452306837
8344_at,3,0.9997006236174624
8350_at,2,0.9931541251596002
8355_at,7,0.9990514217177398
8358_at,7,0.7478995711264774
8360_at,0,0.6465956836450587
8361_at,3,0.9613435826368154
8362_at,7,0.9928461965936783
8363_at,0,0.9866374985702248
8364_at,0,0.6088011689430206
8365_at,2,0.9936347540060365
8366_at,7,0.9992430950308651
8369_f_at,3,0.9986143092319202
8370_at,3,0.6835459408074396
8375_at,4,0.9990007377755711
8376_at,3,0.7310850535920206
8377_at,2,0.9896966543252489
8378_at,2,0.964195246551084
8379_at,4,0.9586381527911247
8380_at,4,0.993214539016433
8382_at,4,0.9309594663282719
8384_f_at,3,0.9985191629021115
8386_at,3,0.998384028878336
8387_at,4,0.9985470851518984
8388_at,6,0.9983884717496504
8389_at,2,0.7692772642183661
8390_at,3,0.9979350085528372
8391_at,7,0.8945472655526614
8392_at,0,0.9993382256283532
8393_at,0,0.9978062482104214
8395_at,6,0.9747150005117055
8397_at,7,0.9623265351092903
8399_at,4,0.8860989545127947
8400_at,3,0.9996118121003651
8402_at,4,0.9244045240490153
8404_at,2,0.8663575416223356
8405_at,7,0.9470108542496601
8408_at,4,0.9839665918518093
8409_at,4,0.9936714259294405
8411_at,2,0.543301642060521
8412_at,4,0.9970801606398274
8413_at,2,0.9789372104469242
8417_at,5,0.9868577145766461
8419_at,3,0.8794410147763475
8420_at,3,0.9995438221327748
8423_at,7,0.9994077007775892
8424_at,2,0.7139549580120418
8425_s_at,3,0.9964896290370097
8426_at,4,0.8621499053858825
8427_at,7,0.9754752431664709
8428_at,7,0.9999196437756457
8429_at,2,0.7453745863534029
8433_at,4,0.9969542358031442
8437_at,5,0.949917047974855
8438_at,0,0.9998234390955061
8439_at,2,0.9555570423761824
8444_at,6,0.9729026078397758
8445_at,3,0.8174680622614781
8449_at,7,0.9880712874247551
8450_at,4,0.5620471858548532
8451_at,5,0.958293491787872
8452_at,3,0.988392428957512
8453_at,3,0.9921964155866447
8455_at,2,0.5730498695399853
8456_at,0,0.9904545778734795
8458_at,6,0.9554907266372664
8459_at,0,0.9992590286821447
8460_at,3,0.977854290540256
8465_at,4,0.9871548011573135
8467_at,2,0.5227324494939868
8468_at,5,0.9733973502282242
8470_at,5,0.9891650716641285
8473_at,0,0.9871320070671493
8477_at,0,0.8934747487048811
8478_at,3,0.9986802895592704
8479_at,3,0.999020586062009
8480_at,2,0.9152937430883101
8481_at,2,0.6802325595639495
8482_at,4,0.7333533212100445
8484_at,0,0.9431046960740299
8486_at,5,0.5656123125298028
8490_at,4,0.9597782736112773
8491_at,3,0.999606578039498
8493_at,5,0.997911330995645
8504_at,4,0.9973761490199563
8505_at,6,0.8593424390518271
8506_at,7,0.9978653482338703
8507_at,4,0.984462281510446
8508_at,2,0.9795201814048239
8509_at,4,0.9989147276399027
8510_at,7,0.9992558152543581
8511_at,7,0.9949953513299195
8513_at,6,0.994244834077846
8515_at,2,0.6622699544068849
8517_at,6,0.9977551335032033
8518_at,7,0.9733428247719487
8519_at,3,0.925061364471363
8521_at,0,0.9856152027564294
8524_at,0,0.9997775864391848
8526_at,2,0.9870803168099672
8527_at,2,0.9696817829794883
8528_at,6,0.9744693467395693
8529_at,0,0.9981899691068571
8530_g_at,0,0.9999507038886394
8531_at,0,0.999801610273558
8533_at,2,0.4526754348579803
8535_at,7,0.9965538008893475
8536_at,4,0.9881432717170825
8537_at,6,0.7394405650707859
8538_at,5,0.8905893508595439
8539_at,3,0.9416746810717678
8543_at,5,0.7944999909869325
8544_at,5,0.7971841358373326
8545_at,6,0.9466668780927712
8546_at,4,0.8656710972524165
8549_at,4,0.8428647100704096
8550_at,5,0.9955810880164849
8551_at,2,0.9451084278122868
8552_at,0,0.9986734003999737
8555_at,7,0.9999565549669814
8561_at,2,0.958292246890568
8562_at,0,0.9996711825327128
8563_at,2,0.5785897237901051
8564_at,4,0.9425754907275365
8565_at,0,0.9999399076398724
8567_at,0,0.9998261017355551
8568_at,6,0.9892429785933112
8569_at,2,0.9224064481194588
8574_at,7,0.9999573696659129
8575_at,4,0.9987545244978767
8576_at,7,0.9956920335588522
8577_at,7,0.9845349387083305
8578_at,3,0.9943345258712024
8579_at,3,0.9985644028890054
8581_at,4,0.9854545942853982
8582_at,2,0.8152199942895411
8583_at,2,0.9951662876785734
8584_at,7,0.9998946858681483
8585_at,0,0.9995486775305965
8587_at,3,0.9990791987882158
8588_at,7,0.979863237413227
8589_at,2,0.9502049383083718
8590_at,7,0.9999505758893481
8591_at,5,0.6187403699956086
8592_at,6,0.9800512906575215
8593_at,6,0.9938626639870596
8595_at,3,0.9665905112865724
8596_at,3,0.9991429305156092
8597_at,6,0.9402478221839374
8598_at,5,0.997746321937104
8599_at,4,0.9920094204773964
8600_at,3,0.9998077218680792
8603_at,5,0.9312852538147984
8604_at,4,0.9949263174755374
8607_at,0,0.9783474991121893
8608_at,4,0.991413937450318
8611_at,0,0.9997096559606141
8612_at,3,0.9996049774571154
8613_at,3,0.9956376665852656
8614_at,4,0.8433011885624032
8615_at,4,0.9984391938082793
8616_at,4,0.9855607279748164
8617_at,6,0.9740431767268671
8618_at,0,0.998149106899755
8621_at,0,0.9960582763884589
8624_at,4,0.5262357222532574
8626_at,5,0.995480260503473
8627_at,2,0.9912141945712282
8628_at,5,0.45582400134783946
8630_at,2,0.7626057849658024
8631_at,0,0.9968034373839936
8632_at,4,0.9976742472730769
8633_at,3,0.9948688124694163
8635_at,7,0.995781071843225
8636_at,3,0.7441624130742249
8637_at,4,0.9972711265815336
8638_at,4,0.8564028385712912
8639_at,6,0.9220749881405216
8643_at,4,0.9710789407535603
8644_at,2,0.5084429604929004
8645_at,3,0.9780274270922846
8646_at,3,0.9150313641049937
8647_at,5,0.7515614653862295
8650_at,0,0.5290218735639403
8651_at,0,0.9766356027507068
8653_at,7,0.9996325059230016
8654_at,2,0.9849998086248823
8655_at,2,0.946354246518411
8656_at,4,0.9925532946519003
8657_at,7,0.9998167783724633
8659_at,4,0.9971652194620944
8660_at,2,0.9958592336368141
8661_at,3,0.9980838754499236
8662_at,3,0.9795941434526474
8663_at,4,0.9989252550674671
8664_at,0,0.990632018692974
8665_at,0,0.9996040634394581
8668_at,3,0.9994869733261289
8669_at,6,0.8778022538409984
8674_at,2,0.9725959491512493
8675_at,5,0.9983771138466748
8677_at,2,0.9677998618494875
8678_at,4,0.9986237866785452
8683_at,6,0.9983558801200938
8684_at,6,0.9959922997215229
8687_at,4,0.9968011859530204
8690_at,0,0.9999691189307919
8694_at,6,0.990410125110865
8698_at,0,0.9999398086221502
8701_at,6,0.6954385064274006
8703_at,6,0.9943066762079517
8704_at,0,0.9992020683058951
8707_at,2,0.9953625375972915
8708_at,6,0.9714239253937221
8724_at,4,0.9920844481191995
8725_g_at,4,0.9688838516447438
8726_at,4,0.9875711862048477
8727_at,4,0.9957785108309825
8728_at,5,0.9567660534820992
8729_at,3,0.647522626088894
8730_g_at,3,0.9789221464808198
8733_at,0,0.9999515826270011
8737_i_at,2,0.9921305923917821
8738_s_at,2,0.987325415062174
8753_at,2,0.5296959414678173
8760_at,2,0.9601199266620578
8764_at,6,0.5829031681677498
8766_at,2,0.9779656159067616
8773_at,3,0.9403254873259586
8774_at,6,0.9606949912414694
8779_at,4,0.5897092278936947
8780_at,6,0.9967482288000381
8787_at,6,0.8894655353176533
8788_at,4,0.9949999440676917
8789_s_at,4,0.8072653308742656
8793_at,2,0.9846770027345418
8794_i_at,4,0.9957416995079017
8795_r_at,2,0.96109845962523
8796_at,2,0.9254303064122231
8802_at,2,0.9746244569232815
8803_at,5,0.9795084143951658
8804_at,0,0.8471832722408601
8808_at,3,0.9996314015976134
8811_at,0,0.999964444155529
8812_at,0,0.9998656540933819
8813_at,0,0.9704487690188531
8815_at,5,0.9107190806730581
8819_at,2,0.9867557823154921
8820_at,6,0.6990010732365585
8822_at,0,0.997196195272285
8823_at,7,0.9998714097715414
8825_at,7,0.9642110397958173
8829_at,0,0.9932026756469067
8830_at,0,0.9999064240996686
8836_at,5,0.9942577455304451
8837_at,4,0.98913299732255
8838_at,2,0.9247063683977723
8839_at,5,0.9974769019279462
8840_at,7,0.9958882477545817
8841_at,0,0.999787245185861
8842_at,6,0.9931265348638774
8843_at,7,0.9998824509887988
8846_at,2,0.949567115349132
8847_at,0,0.9996988861368385
8848_at,3,0.9901635133673712
8849_at,5,0.994534884383796
8850_at,2,0.5804075966733055
8851_at,0,0.9708436290439838
8855_at,4,0.9906686390747257
8857_at,7,0.9901879165549566
8860_at,0,0.9990242510579828
8861_at,0,0.9961731188116486
8862_at,3,0.9678006361110619
8863_at,3,0.9140292714819537
8864_at,2,0.9371010833417113
8865_at,7,0.9995174681150403
8866_at,3,0.9995271231388743
8867_at,2,0.5093532263933038
8868_at,2,0.8375469986817737
8869_at,5,0.9982918468204053
8870_at,6,0.4991044971917729
8871_at,3,0.8127787711333961
8872_at,0,0.9927918962274637
8874_at,3,0.9992409867594647
8879_at,3,0.996508843589538
8880_at,4,0.9864595534376646
8881_at,6,0.9976850372704535
8882_at,6,0.99484963539867
8883_at,4,0.670669893215663
8884_at,5,0.7248269055833032
8885_at,3,0.9965582466811914
8886_at,4,0.9991160966137894
8888_at,6,0.9967422382720884
8890_at,7,0.9997123007180841
8891_at,2,0.6482644734334511
8892_at,0,0.9936416319487066
8896_at,2,0.9799900128813205
8897_at,2,0.9889948468988707
8899_at,3,0.755671428792998
8901_at,3,0.9779154547357153
8904_at,7,0.9996514284655362
8905_at,4,0.6254993009878775
8906_at,3,0.96300394696966
8909_at,6,0.9127346496401274
8910_at,5,0.9947855703522164
8911_s_at,5,0.9978659074926075
8912_at,3,0.9080917095114316
8914_at,7,0.9938770000159396
8915_at,7,0.9995187173325683
8916_at,5,0.9316706621126993
8918_at,3,0.9995648804564896
8919_at,0,0.961690299965957
8921_s_at,3,0.9982170387909755
8922_at,6,0.9618969468130067
8923_at,0,0.9857211289590128
8926_at,0,0.9998554891652571
8927_at,0,0.9934601885453729
8929_at,2,0.8511054114693763
8930_at,5,0.5365179462945848
8932_at,5,0.6777527599136833
8935_at,7,0.9671760431449773
8936_at,3,0.9997514312536789
8937_at,0,0.9994529818520418
8939_at,2,0.527916004172675
8940_at,6,0.9845621128062557
8941_at,4,0.5820707915183723
8945_at,3,0.9976484346154242
8946_at,6,0.956857899724917
8949_at,7,0.9358281102467015
8950_at,7,0.968880144893539
8951_at,7,0.821575508006001
8953_at,5,0.6243115933321349
8954_at,2,0.9556600359537357
8955_at,6,0.9941410083505443
8957_at,0,0.9999749574831641
8959_at,5,0.9947375690228561
8960_at,4,0.962115571846486
8961_at,4,0.9957621853668847
8963_at,0,0.9976493676610053
8964_at,0,0.9997560104382536
8965_at,0,0.9991140140844252
8967_at,0,0.9997538396079199
8969_at,0,0.9595890798083054
8973_at,2,0.9823467830509035
8974_at,6,0.9470136498960313
8975_at,7,0.9998930739385048
8976_at,3,0.8779066246505555
8977_at,5,0.9979287522120778
8979_at,2,0.8388975347053708
8981_at,3,0.9996654080987927
8985_at,7,0.9999332517194085
8988_at,6,0.9906300439528439
8990_at,0,0.9944548871975131
8991_at,5,0.9954232510959078
8992_at,5,0.8021267471462872
8994_at,0,0.9561175007020143
8997_at,4,0.9957588168627513
8998_at,0,0.9989001552590882
8999_at,0,0.840334725131417
9000_at,5,0.9737577095486453
9001_at,7,0.9599504103838542
9003_at,0,0.9998647327105022
9004_at,2,0.8420584012337577
9005_at,0,0.9994030810634484
9006_s_at,3,0.991447770733229
9008_at,6,0.968479718837932
9009_at,4,0.9593456699619206
9017_at,0,0.8285981305168004
9019_at,2,0.9928598703740702
9020_at,6,0.7857457371247358
9022_at,2,0.9879136406788191
9026_at,3,0.9927597594683365
9027_at,0,0.9996329297087083
9028_at,0,0.9899096930991771
9029_at,7,0.9998557300181757
9030_at,7,0.999878229133208
9032_at,0,0.999877342672382
9034_at,4,0.9960599728614643
9036_at,7,0.9995336019788911
9038_at,0,0.9651991591250931
9039_at,0,0.8667721629272856
9040_at,4,0.9923127675698614
9044_at,5,0.5748488664955544
9046_at,5,0.9840589540655467
9047_at,7,0.7347827731736907
9048_at,2,0.8653448192420522
9049_at,6,0.9376781062978835
9050_at,4,0.9950595885592112
9051_at,0,0.9830881772012138
9056_at,4,0.9955530620127813
9057_at,4,0.999294286387366
9058_at,0,0.999655271382467
9059_at,4,0.998418636584161
9062_at,5,0.9738487896502402
9063_at,4,0.9598412584140815
9064_at,4,0.9982175795984403
9065_at,4,0.9962768245210442
9067_at,2,0.9666679463322994
9068_at,6,0.6860541118143343
9073_at,2,0.7097599457691901
9075_at,0,0.9997349055586752
9076_at,0,0.9741765339814134
9080_at,2,0.9546629337941754
9082_at,0,0.7915546111122882
9083_at,3,0.9988801997332993
9086_at,7,0.8827446201961632
9088_at,2,0.9634759979937347
9089_at,5,0.622651971344973
9090_at,7,0.9968923073773353
9091_at,2,0.9661224675506158
9094_s_at,3,0.9997216884294252
9097_at,7,0.9997635175623065
9099_at,6,0.7829110972969958
9100_at,2,0.853713273163562
9101_at,0,0.997926607026065
9102_at,3,0.999006186520672
9106_at,7,0.4716512817414552
9109_at,6,0.8715760069522367
9110_at,3,0.708992490973811
9111_at,4,0.9959846127117987
9115_at,7,0.9771423792076949
9117_at,3,0.9990557644096177
9119_at,4,0.5242393767828611
9120_at,4,0.9957535355370725
9121_at,7,0.9896684833740321
9123_at,6,0.8078239927151711
9124_at,4,0.9934627686252956
9129_at,2,0.97890834613477
9131_at,7,0.9515021279676145
9132_at,7,0.9998550692478183
9135_at,2,0.9729793679069159
9138_at,0,0.7776603254452074
9139_at,3,0.9821912420370218
9141_at,3,0.9541558746080046
9142_at,2,0.7053262045647005
9144_at,7,0.5798401676866239
9146_at,2,0.9834304806523697
9147_at,3,0.9993312965455435
9148_at,7,0.961268937654669
9149_at,7,0.9749802264853981
9150_at,7,0.9999472152561968
9154_at,2,0.9822945652255181
9155_at,7,0.9996593013859483
9156_at,7,0.9969868440213058
9157_at,0,0.9997698426759973
9161_at,7,0.997972649319596
9162_at,3,0.9958910596562557
9163_at,2,0.5719505330830664
9166_at,6,0.8562370191310583
9169_at,7,0.9959734114412984
9171_at,3,0.9989211607002629
9172_at,7,0.9434047797824433
9176_at,0,0.999939151180338
9178_at,7,0.9951461439802862
9179_at,4,0.9554820708037529
9183_s_at,3,0.9724741098461701
9184_at,3,0.9990868410101102
9185_at,7,0.9999199306290927
9186_at,3,0.9905415132046773
9189_at,3,0.9994566759125323
9190_at,3,0.9696795316738652
9191_at,3,0.9958856207079515
9193_at,6,0.9745560108648454
9194_at,3,0.9992515228024953
9195_at,7,0.9860535299656783
9196_s_at,4,0.984369417783662
9197_s_at,7,0.8790557292785822
9198_s_at,7,0.9998840643400329
9199_at,7,0.9738308854123815
9200_at,5,0.967806693229646
9201_at,5,0.8955803928140597
9202_at,2,0.9844486168045709
9203_at,4,0.993570006692827
9204_at,3,0.983095028091524
9207_at,3,0.9833624382066914
9209_at,5,0.9961997349524817
9210_at,2,0.9615709783189784
9215_at,6,0.6905555923101988
9219_i_at,2,0.6262908223162392
9220_r_at,4,0.7555083304264193
9221_f_at,2,0.9747276918719222
9222_at,2,0.9967245065020265
9224_at,2,0.699851411822629
9225_at,2,0.9878169749506266
9226_at,2,0.9859668832082198
9227_i_at,2,0.9739989018201056
9228_r_at,2,0.9870441818872154
9235_at,2,0.9627091089961325
9237_at,4,0.9841973643154277
9238_at,2,0.9793636400582049
9245_at,2,0.8384725758987976
9260_at,2,0.9588387528811277
9262_at,7,0.6820544321662073
9264_at,2,0.6819719213741545
9267_at,0,0.9183931877763443
9268_at,4,0.7325357969438405
9279_at,3,0.996480967070422
9280_at,5,0.6972171942704852
9281_at,5,0.522648049558064
9286_s_at,3,0.9961836597165881
9287_s_at,4,0.996685433844185
9288_s_at,4,0.995981197889081
9289_at,2,0.9804019390910149
9290_f_at,4,0.9899678263677283
9291_at,5,0.9975146808994051
9292_at,2,0.9823275820028617
9294_at,2,0.7432548965381925
9301_at,2,0.9255751607924289
9304_at,6,0.9945373081330413
9306_at,3,0.8718285839881591
9307_at,3,0.9735193608413255
9308_at,5,0.8658742426080762
9309_at,4,0.9938578520415262
9310_at,4,0.9977799307577911
9311_at,7,0.9496887372595015
9312_at,7,0.9998190006978954
9315_at,7,0.9979046982277435
9316_at,3,0.99868105410789
9317_at,3,0.99874439196916
9318_at,0,0.9702815526282489
9319_at,2,0.9899172834585668
9320_at,0,0.9930797330922185
9321_at,6,0.6723948104094163
9323_at,2,0.9077154624661617
9326_at,3,0.9849075447800976
9328_at,2,0.9522804351514299
9330_at,5,0.6614335555766129
9332_at,3,0.545710618554179
9333_at,6,0.8618486056170285
9334_at,3,0.8478906208333848
9335_at,7,0.591476490482207
9336_at,7,0.9958864932667366
9339_at,0,0.9955895649827347
9341_at,4,0.9988196718496818
9342_at,7,0.9964630626345675
9343_at,7,0.9911496688137942
9346_at,7,0.9985020834612159
9347_at,3,0.9888426525752188
9348_at,4,0.9991478247536792
9350_at,5,0.7862228122834298
9351_at,7,0.853553302006533
9352_at,2,0.961460257080475
9354_at,3,0.9992572995046749
9355_at,5,0.9623775999444163
9356_at,4,0.9989830301316714
9357_at,3,0.9981117641476136
9358_at,2,0.9583409602804923
9360_at,3,0.8281436488401042
9361_at,5,0.9956937003008304
9363_at,0,0.9997729910476411
9365_at,4,0.8577392853820516
9370_at,2,0.9925962733281789
9371_at,2,0.9227858342594562
9375_at,7,0.8224486229989506
9376_at,5,0.9740477597820787
9378_at,0,0.9999865443291015
9379_at,3,0.9751267135039158
9380_at,3,0.9870179408044101
9382_at,3,0.8909409755639429
9383_at,0,0.9999655804270664
9384_at,5,0.9930672804075933
9385_at,4,0.5020809166308712
9386_at,4,0.9930331105355436
9387_at,3,0.9966594976521194
9388_at,4,0.8497573752022465
9389_at,6,0.9894753706928894
9391_at,4,0.982017555730389
9397_at,7,0.9997593542035599
9399_at,0,0.7706545774934459
9407_at,7,0.9859596107628178
9411_at,7,0.9989056140232083
9412_at,0,0.6604391041752466
9414_f_at,3,0.9993256184493458
9416_at,6,0.5232144759716347
9418_at,7,0.9996158183528732
9420_i_at,3,0.9998737927101096
9421_s_at,3,0.999132185585344
9423_at,4,0.9993216134729399
9424_at,4,0.9980020261221506
9425_at,7,0.7473773025184876
9426_at,7,0.9956973737544206
9430_at,7,0.8994399357700106
9433_at,2,0.9583027942844731
9434_at,2,0.9531147218755999
9437_at,5,0.9966982895834402
9442_s_at,6,0.9767103645437718
9444_at,4,0.9858104123488864
9445_at,6,0.7568134627415197
9446_at,6,0.9359581547652323
9447_at,3,0.9994225817455746
9448_at,2,0.6567802206964307
9449_at,7,0.9998926622719831
9450_at,2,0.9723123313663476
9451_at,4,0.9905781750551947
9459_at,7,0.9989729260604643
9460_at,3,0.990429199839175
9462_at,4,0.9418854416791942
9467_at,2,0.9895112622817885
9468_at,7,0.995546485717142
9469_at,7,0.9999349097119945
9471_at,6,0.980905299389727
9472_at,2,0.991699476637224
9475_at,4,0.966445471062307
9476_at,2,0.9740964867651354
9477_at,4,0.9974529112236774
9478_at,7,0.9964737058326603
9481_at,6,0.5198491371051865
9482_g_at,4,0.7748290235305558
9483_at,2,0.9699024297681272
9484_at,0,0.9993963217622536
9485_at,7,0.9911732653822204
9488_at,2,0.9855154615519276
9489_at,2,0.6247148930782255
9490_at,4,0.981910553284905
9493_at,2,0.6728461714306517
9494_at,4,0.6189740659979849
9495_at,2,0.8388643182681975
9496_at,3,0.9993899092687636
9498_f_at,0,0.5267020224523283
9499_at,7,0.9998880970800678
9500_at,7,0.8091712135742659
9501_at,3,0.999023341137812
9502_at,2,0.8989218741915187
9503_at,2,0.5087646464867349
9505_at,2,0.947463983909156
9508_at,2,0.7062088653099398
9510_at,4,0.997875326452927
9511_at,2,0.9899629052613318
9512_at,3,0.9994545770980223
9513_at,3,0.999773988293979
9515_at,6,0.9989212254488423
9516_at,2,0.5736190279933349
9517_g_at,4,0.9593738800963326
9518_at,4,0.9837971383064648
9519_at,3,0.9993979762902566
9520_at,3,0.9990623183457537
9521_at,2,0.9460364582981831
9522_at,3,0.8164469622720755
9526_at,3,0.931046660882194
9527_at,0,0.9993051155714712
9530_at,3,0.8900038638404255
9531_at,7,0.9992552137394781
9532_at,4,0.7537886261391091
9533_at,3,0.7792323646770234
9534_at,2,0.47142547948187097
9535_at,0,0.9938134847979915
9538_at,3,0.7184063012955383
9540_at,7,0.9944198211583071
9541_at,2,0.9594938531085724
9542_at,6,0.9978462644485955
9544_at,6,0.8900043054803427
9545_at,4,0.9842397743189059
9546_at,4,0.989862036251408
9547_at,4,0.9832022205599784
9549_at,4,0.9976187086812277
9551_at,2,0.5079707109466872
9552_at,4,0.9986845307308019
9553_at,2,0.9617593699258612
9557_at,2,0.963427522161259
9562_at,7,0.9980290477403301
9564_at,7,0.9998996310775076
9565_at,3,0.6045097804864284
9569_at,7,0.9934983135753386
9570_at,2,0.970191973314937
9571_at,4,0.9766414893098194
9574_at,2,0.9974620310924138
9579_at,7,0.9980111217742371
9580_at,0,0.9524816242141725
9582_at,4,0.9974580011982629
9583_at,4,0.9882863397553968
9584_at,7,0.9542534039042366
9585_at,6,0.9731776760419591
9586_at,5,0.985455450284465
9587_at,6,0.9724949837277104
9588_at,7,0.9998058150118966
9590_at,7,0.9864129186464764
9592_at,6,0.9577347595159686
9595_at,2,0.9287477931488194
9600_at,7,0.8658305963872126
9601_at,7,0.999879525722884
9602_at,2,0.9902437574936092
9604_at,5,0.9611747511117693
9606_at,2,0.5869362543495179
9607_at,2,0.988985180373376
9608_at,4,0.9966507215462532
9610_at,5,0.5882930872116349
9611_at,3,0.9756020924572787
9612_at,6,0.9833656891567691
9614_at,4,0.9923626533446133
9616_at,0,0.9981846949518332
9617_at,3,0.9983459654701522
9619_at,4,0.9805876468202048
9621_at,2,0.7985147291016558
9623_at,5,0.9970055753700683
9624_at,7,0.9845678369331796
9625_at,7,0.9998786129844961
9628_at,4,0.9390418358036796
9629_at,4,0.9751118419981453
9634_at,7,0.9999079132053256
9636_at,0,0.9978727559681494
9638_at,3,0.9996820958897136
9639_at,4,0.9941486021069902
9640_at,4,0.9870407665417017
9643_at,3,0.8898744376079842
9646_at,3,0.9799599181143376
9650_at,0,0.9995380095091945
9654_at,3,0.9974610798504748
9660_at,7,0.9983788966640135
9661_at,2,0.9350166311097662
9662_at,4,0.587919575347903
9665_at,4,0.9874349213474833
9668_at,4,0.9993208009058823
9675_at,2,0.9627429749161974
9680_at,5,0.984127686602151
9682_at,5,0.9523801471982816
9683_at,7,0.9999171029900634
9684_s_at,3,0.9998421521740879
9685_at,7,0.9998746465290267
9688_at,3,0.9485714324005058
9691_i_at,3,0.9491079609380902
9693_at,7,0.9047074464394427
9694_at,3,0.9995430433735711
9699_at,0,0.9679831475324797
9700_at,0,0.9889819745847882
9701_at,3,0.9832294476592901
9702_at,4,0.993709712543943
9704_at,5,0.9976559079978189
9706_at,7,0.9803885711792762
9708_at,2,0.5164440006295002
9710_at,2,0.7527532293941992
9711_at,6,0.9716976635078299
9712_at,7,0.999872243992666
9714_at,5,0.9955326883946035
9716_at,2,0.9704405090047593
9717_at,0,0.9930664517090054
9719_at,0,0.9950479443520379
9720_at,2,0.8298369869758101
9721_at,7,0.994003656188668
9722_at,3,0.9962286922681489
9724_at,4,0.9817935993228935
9725_at,3,0.9981229956135264
9726_at,3,0.9977822953278404
9727_at,2,0.9152394446213508
9728_at,3,0.5968408422871863
9729_at,2,0.9886405021142752
9732_at,3,0.9997858579440755
9736_at,3,0.9982513767739619
9737_at,3,0.5675567592174691
9740_at,7,0.9887339821057077
9742_at,4,0.6684890973867252
9743_at,4,0.9993409252110529
9745_at,3,0.9517999045200479
9750_at,3,0.8203555066842871
9751_at,3,0.9431773777555309
9752_at,0,0.9980487226715344
9753_at,2,0.9710410107001273
9754_at,7,0.9966935263055459
9755_at,2,0.9704102912007126
9756_at,4,0.9923780648583662
9757_at,4,0.9959445501637799
9759_at,2,0.9911701408088895
9760_at,0,0.9982110706496893
9761_at,7,0.9995077842532856
9762_at,7,0.7812202867424876
9764_at,0,0.6637920066620151
9765_at,5,0.880787290359649
9766_at,2,0.9781166661963591
9771_at,3,0.6369872290159619
9772_at,3,0.6328260993941582
9774_at,0,0.9995582489959012
9776_at,3,0.6959104099709141
9777_at,5,0.9941969529316518
9778_at,7,0.726408709987995
9788_at,5,0.9372661202374559
9789_at,2,0.9704420377701559
9792_s_at,2,0.9797037304496748
9794_at,7,0.9904684593227084
9795_at,3,0.8791896695482069
9797_i_at,3,0.9977454825201496
9798_at,0,0.5948014347906327
9800_s_at,7,0.9663027779571882
9801_at,4,0.9457005256046525
9802_at,0,0.9954366390163031
9803_at,7,0.9591653048907167
9804_at,4,0.89710188611617
9806_at,0,0.9033560446256038
9807_at,7,0.9992132896232017
9808_at,6,0.6108426758418535
9814_at,3,0.9995857662078922
9818_at,5,0.4056124503123222
9822_at,2,0.9945113017299919
9823_at,3,0.978076468296064
9824_at,4,0.8454572910422958
9825_s_at,6,0.5662642873519502
9826_at,5,0.9894172019546433
9827_at,3,0.9781628997784378
9828_at,2,0.9929731170631604
9829_at,2,0.9968957248910847
9830_at,2,0.9375143972482378
9835_at,7,0.9890974723899856
9836_at,3,0.551936029990378
9844_at,5,0.9522564759112458
9847_at,5,0.9975702058861435
9849_at,2,0.9896763677944093
9850_at,4,0.9880086078180811
9852_at,3,0.9998864050898113
9853_at,0,0.979225014364417
9854_at,4,0.9637568186648912
9856_at,2,0.5757468379346484
9858_at,4,0.8212597955072151
9867_s_at,2,0.9050809467334994
9870_s_at,7,0.9998864377845033
9871_at,5,0.9517173137582043
9874_at,2,0.927771690965854
9876_at,7,0.9822494432717629
9877_at,3,0.6340038943399942
9878_at,2,0.8858340732181839
9879_f_at,3,0.9993677645515145
9882_at,0,0.9977736951993997
9885_at,2,0.8107500782791918
9887_at,7,0.9998735620425203
9889_i_at,3,0.9998373842395736
9890_s_at,3,0.7914301501785047
9893_at,3,0.9689855626153051
9895_i_at,3,0.9997665229672923
9896_f_at,3,0.9998040685872376
9897_f_at,3,0.9998137955424288
9898_at,0,0.99951447194447
9900_at,0,0.991661927125906
9903_at,3,0.997358350568613
9904_at,3,0.9965302144778788
9911_at,3,0.99879422807533
9913_at,2,0.5405163722875267
9915_at,2,0.8091930769320538
9916_at,2,0.8850959566898209
9918_at,7,0.9998357444470187
9919_at,0,0.993734064202167
9923_f_at,3,0.9996107521746825
9924_at,3,0.8610657236903672
9925_at,7,0.9911582545695623
9927_at,2,0.9587145795196775
9928_at,7,0.9985745801910334
9929_at,7,0.9984525811383754
9932_at,3,0.7819181932078766
9933_at,3,0.929990750862643
9934_at,4,0.860108387080404
9935_at,3,0.9688804424747699
9936_at,0,0.9969950714775523
9941_at,2,0.5596298336562141
9943_at,3,0.9980977179795857
9946_at,3,0.9990689438239789
9947_i_at,3,0.999066300397525
9948_f_at,3,0.9980748722514338
9951_at,2,0.6655086171524512
9952_at,4,0.9649411953924422
9953_at,3,0.998550652199069
9954_at,5,0.875625436281822
9958_at,4,0.714931418647831
9962_at,7,0.9618702714428491
9963_at,7,0.9974442376953591
9966_at,3,0.9465763301866572
9968_s_at,3,0.9989119066754892
9969_at,4,0.9929689388878389
9970_at,6,0.9985571922201032
9972_at,4,0.9704506597247743
9973_at,2,0.9822750865162375
9974_at,2,0.9926680056664469
9975_at,7,0.9836891621705381
9976_at,4,0.5390264759860158
9979_at,3,0.9876114113109569
9980_at,4,0.9963627160501334
9983_at,3,0.9288986264749547
9984_at,2,0.9768830108745291
9986_at,5,0.686561361019655
9992_at,0,0.9938061971617907
9994_at,3,0.9988109279192023
9996_at,2,0.9660323511589018
9998_at,2,0.9934178448008224
9999_at,5,0.9811210294454906
