,Topic 1,Topic 2,Topic 3,Topic 4,Topic 5,Topic 6,Topic 7,Topic 8,Topic 9,Topic 10
10001_at,0.0011113168327939495,0.4607975375733234,0.03191366589115039,0.02238731352674663,0.2049040044339314,0.0011115944625438798,0.0011114119678555965,0.27443961792070953,0.0011112716853706982,0.0011122657055746014
10003_f_at,0.9769217715377441,0.0025642167232380105,0.002564253617158911,0.0025641457333011137,0.0025644183448138964,0.0025642271461990274,0.002564222417449413,0.0025642974190413542,0.0025641904498293656,0.002564256611224896
10005_at,0.0005557631331910873,0.0005556432695643807,0.47400627252228805,0.08514793870178339,0.000555660099044812,0.20824539172099915,0.027300597833432593,0.15747663373593118,0.0005556302877988797,0.04560046869596654
10010_at,0.0007634953171714122,0.0007633979510818325,0.7546617450806407,0.0007634457284399285,0.0007634882971044745,0.0007634127887505173,0.15117409371586862,0.08882003790778176,0.0007634686174939815,0.0007634145956665593
10011_at,0.014286160030429082,0.014286012299204386,0.014286159513924842,0.014285848357577105,0.8714207236918668,0.014286185694189709,0.01428745420717041,0.014289294076312681,0.014285921394388229,0.014286240734936744
10012_at,0.0020001968131923764,0.002000493807131173,0.12827212566637464,0.0020006154211550625,0.5641408066928281,0.002000249539619939,0.0020001122166999957,0.2935846264200436,0.002000444867214921,0.0020003285557401414
10019_at,0.00109955665246157,0.06683322035547487,0.0010992236562615558,0.0996846013509128,0.001099139689191293,0.0010991009267140982,0.8257876447409714,0.0010990045659738613,0.0010991648250116299,0.001099343237026832
10021_at,0.003448645588223093,0.05708269533326047,0.7084649633238609,0.0034485335593232654,0.0034490519418702912,0.003448863228589149,0.003448792202355404,0.003448716295207189,0.2103112770090919,0.0034484615182183887
10023_at,0.0018520648457946139,0.0018521306390833028,0.05748811593307345,0.0018518900942622255,0.8935450109442108,0.0018522541672574215,0.0360019689989936,0.0018519622842374536,0.0018521943268741679,0.0018524077662129556
10026_at,0.014286237586136018,0.014286028328559422,0.014286278360753541,0.014285978865339078,0.8714200058947256,0.014286215898097069,0.014287480773404304,0.014289352720426491,0.014285932946805,0.014286488625753541
10027_at,0.008333474495907888,0.008333444543963349,0.008333479168318437,0.008333385158377647,0.9249964707993319,0.00833349126784587,0.00833416671506658,0.008335006053122315,0.008333578039064739,0.008333503759001246
10028_at,0.0013160137506430568,0.9881570029234932,0.0013158668200627698,0.0013158541139719853,0.0013159703292492466,0.001315933410934654,0.001315854782878947,0.0013158449371156486,0.0013158289760268691,0.0013158299556236424
10031_at,0.002702851714024114,0.002702981223448489,0.25391220200218934,0.002703233078928705,0.0027034515047009143,0.002703408383354806,0.0027030167184858896,0.002702968446571196,0.7244622972760647,0.002703589652232021
10034_at,0.001149840415054498,0.0011495636292014446,0.1632172879671442,0.0011496838647592695,0.0011495925203378224,0.0011496824004142872,0.0011494952898364566,0.0011494710793389237,0.4027361721647866,0.4259992106691266
10039_s_at,0.25102691683773193,0.0037038319725207036,0.003703861573287915,0.0037044399886320164,0.5267841284284017,0.0037039026497596847,0.19626108128862652,0.0037038867769811665,0.0037041221328725847,0.0037038283511857772
10040_at,0.2873522294120874,0.0034484813514059,0.0034488422843886824,0.0034489540029776465,0.41539618547697865,0.04433331674887085,0.23222631133035224,0.0034485098955889127,0.0034487463837787275,0.003448423113571199
10043_at,0.0025006639012797364,0.0025002873688041495,0.0025001457503672476,0.0025001797397744873,0.0025007657164151566,0.0025000654776178664,0.9774967699533337,0.002500270063401019,0.0025007982421493295,0.002500053786857452
10045_at,0.001389066809344172,0.2755466210647487,0.12316491474026564,0.0426430095636294,0.43057085012082486,0.0013891638055310968,0.12112922806198032,0.0013890837335292072,0.0013891250511333102,0.0013889370490133598
10046_at,0.004000517530829897,0.15381823802036443,0.004000844576821823,0.004000701690779787,0.8141776320034594,0.004000687991752361,0.00400028924060787,0.004000261775089079,0.004000549613250561,0.004000277557044614
10048_at,0.0013515790019055533,0.7537012306555162,0.0013516248173525802,0.00135184283929376,0.0013514469020439721,0.2354860170629517,0.0013514601667854163,0.0013514233712725375,0.0013517239931287535,0.0013516511897495285
10049_at,0.4583778236455086,0.0013702816738938993,0.09024376079134414,0.001370307415723933,0.0013700558555971812,0.0013701977831100383,0.33335264049144203,0.10980490414198661,0.001370099728326382,0.0013699284730672072
10050_at,0.003030482030246122,0.0030308840392604067,0.003030968242307759,0.003030483957404243,0.2376874771509272,0.0030305697490962194,0.7380665250604943,0.0030305676337149465,0.003031505833437271,0.0030305363031114608
10051_at,0.8748817693864164,0.09051570807692326,0.000685067257402023,0.0006851476338049712,0.0006850866365395626,0.0006850588680970209,0.000685087677063819,0.0006850375548929365,0.029807087233148455,0.0006849496757114403
10053_at,0.0010207116342005622,0.14284661486139488,0.17419816805199465,0.0010206875255784759,0.0010205572523409292,0.0010207838817645482,0.0010204966293384911,0.44307011408092617,0.0010205413546636646,0.23376132472779773
10054_at,0.0007753230630502087,0.0007752574753444795,0.7108229330416145,0.0007752925079369858,0.033412278757269376,0.0007752512957101559,0.1658697782115565,0.08524333657681714,0.0007752973398984064,0.0007752517308020853
10055_at,0.026823991473969272,0.10160137542696111,0.001587502830336627,0.02064195418948459,0.3230436045458705,0.0015875294749770972,0.5199514653601846,0.001587569872412203,0.001587447279268227,0.0015875595465358297
10056_at,0.002000516061713284,0.002000335668301462,0.0020007983608797335,0.002000605480041919,0.0020002292146962027,0.8813244755952802,0.002000219275071189,0.10267234208528025,0.002000288419148459,0.002000189839587293
10058_at,0.0006493837025406665,0.0006494932035199372,0.000649437164846166,0.9941550007537464,0.0006494061809159415,0.0006494754214237529,0.0006496384679367765,0.0006493971207769357,0.0006493860653509776,0.0006493819189425063
10059_at,0.006250796883487869,0.006251253357698535,0.5656379446041674,0.006251156073849905,0.38435644440313277,0.006250464849018844,0.0062502689868314905,0.006250306889573988,0.00625100839627085,0.006250355555968246
10060_at,0.0014926616111534095,0.4672348596097662,0.001492933641631121,0.0014927070546976605,0.20567179007061342,0.0014926168745673376,0.0014926877472465675,0.001492748575815339,0.31664438858630145,0.0014926062282075714
10061_at,0.0010417345860527386,0.0010418231307399613,0.5599250813458951,0.0010417810183133978,0.00104175668364136,0.0010417839384324187,0.3877168192453703,0.0010417396348568508,0.04506560527740214,0.0010418751392956124
10063_i_at,0.0011116007597297016,0.0011113719601910821,0.00111150907639023,0.0011112204559195512,0.03109912126453609,0.0011112523278222263,0.0011112785458731581,0.9225449824663894,0.038576019332322846,0.001111643810825816
10068_i_at,0.8221065099252326,0.0013515986111034398,0.16708047942782164,0.0013515444473493844,0.0013520159232932065,0.0013517116828518046,0.0013514548292769485,0.001351500971479503,0.001351485376867108,0.0013516988047244797
10069_f_at,0.8221065099252326,0.0013515986111034398,0.16708047942782164,0.0013515444473493844,0.0013520159232932065,0.0013517116828518046,0.0013514548292769485,0.001351500971479503,0.001351485376867108,0.0013516988047244797
10071_at,0.0009260421457022607,0.000926025323786015,0.000926262925989078,0.9046866927271702,0.0009260642844432634,0.0009259857999544325,0.0009259704548822503,0.08790495803948663,0.0009260161286941535,0.0009259821698917698
10072_at,0.020001404644922578,0.02000109487627834,0.020000575478252836,0.020000347643549837,0.8199927299425815,0.02000075849472439,0.020001011814619298,0.020000704511131083,0.02000041515971975,0.02000095743422026
10075_at,0.0006371166411430062,0.07289593359865029,0.9220069935086184,0.0006371643803899766,0.0006372535413770382,0.0006371981975061286,0.0006372277307609165,0.0006370420693291075,0.0006370672388572517,0.0006370030933680128
10076_at,0.0031269535521951178,0.0031255734202918456,0.3458029064874821,0.0031259261230009894,0.3646509557449992,0.0031256065308153873,0.0031252340449896116,0.1387413565444673,0.13204986244199213,0.00312562510976637
10077_at,0.001163102107537071,0.03616623607018811,0.0011630555700556035,0.0011630122721520168,0.0011630758988140162,0.6698344245839166,0.0011628616029335534,0.0011628622738673858,0.0011629569187302994,0.2858584127018054
10078_at,0.04693615963778507,0.8436889436784933,0.0020842023634931755,0.0020836052746409867,0.002083871308868437,0.0020837060251115537,0.002083635270568979,0.0020838965865155983,0.09478837361752596,0.0020836062369969455
10080_at,0.0012991562060290446,0.0012990757071138924,0.0012988680215945852,0.25559737486491924,0.001299081683222823,0.6249015094794309,0.0012988375699769458,0.0012988527327213574,0.07265977266055361,0.039047471074437665
10085_at,0.0013889450639017237,0.0013890051257169898,0.0013889717437328632,0.0013889355535078572,0.1738629178176707,0.0013889538252806243,0.0013889971168549189,0.8150252977333469,0.0013890499580485472,0.0013889260619387655
10087_at,0.0027029527607484167,0.002703396571230276,0.002703120439888044,0.0027028426461783704,0.002703950007825406,0.002703808586931271,0.22637728346499741,0.0027028812443707544,0.7519967810363396,0.0027029832414904773
10089_at,0.0026316602462725406,0.002631670038578915,0.00263172508823559,0.002631660697532361,0.28595656898525534,0.002631683688895939,0.0026318730684064626,0.6929898207192741,0.00263167408668289,0.0026316633808658807
10091_at,0.0017860425474295735,0.0017863982765933882,0.16510792388638207,0.22189189477145188,0.037105477360399854,0.4282874572620364,0.001786023493299,0.13867616857795056,0.0017861669203659855,0.0017864469040913154
10092_at,0.1759020871243602,0.0020842620707547787,0.24687111747818674,0.1680671726811679,0.07856427949460067,0.002083682568247701,0.0020835867966423195,0.0020836270999768586,0.3201761271949919,0.00208405749107101
10097_at,0.7002202738266917,0.0012049518660722173,0.2901401005633514,0.001205038759271024,0.0012048829992833342,0.0012049401620985011,0.0012048693976252599,0.001204887763049537,0.0012049913146117714,0.0012050633479450976
10099_at,0.0021750053636578714,0.0021741302322028583,0.0021742942909835123,0.002173994866142953,0.3644961135923006,0.0021740436426704,0.6181100303969523,0.0021744280238110434,0.0021739635112841015,0.0021739960799942062
10100_at,0.0022233807800042414,0.0022224261892423705,0.0022225855172962545,0.0022223059589214153,0.4121281297792451,0.002222361394877812,0.5700915042549677,0.002222720031768722,0.0022222747209932,0.002222311372683106
10101_at,0.04427698856900363,0.0018186820508646355,0.09727260743986336,0.0018183764247964086,0.0018185760006301979,0.0018182927886202088,0.0018183161596650513,0.0018184103144587257,0.8457215223492085,0.0018182279028893856
10103_at,0.002500775732660959,0.16498436705519537,0.0025005620124406475,0.0025000865513085573,0.22926147218968176,0.36244953628916254,0.0025003208397078227,0.22830201646428971,0.0025004059374273517,0.0025004569281252653
10104_at,0.001111723383271285,0.0011113561773847564,0.07572759954983828,0.001111239793456348,0.0011112340366701261,0.9153814816351533,0.0011114315598408822,0.0011112946506369405,0.0011112874358453519,0.0011113517779027821
10107_at,0.2731784553965628,0.7025733098115425,0.003031222964732437,0.0030308232413306844,0.003031900898541821,0.0030312626604747594,0.003030813473247082,0.003030674721624943,0.0030308985611263504,0.0030306382708167674
10108_at,0.0015386912512397907,0.0015386237882411378,0.5071495797813164,0.001538574779069096,0.024669945874766605,0.0015386160177534387,0.001538626751369344,0.0015385637069053727,0.45741023254786334,0.001538545501475448
10109_at,0.0250012020338043,0.025000968115839836,0.025000967193211147,0.02500050302084949,0.7749916534386594,0.025001045378897028,0.025001074634931737,0.025000844054809065,0.02500071654430239,0.025001025584695573
10110_at,0.0016669487081553977,0.0016670805390487872,0.0016672926792120318,0.0016669288712921637,0.0016670755589903402,0.13156017903113518,0.8551037416611393,0.0016668521277132234,0.001666924487920597,0.0016669763353928178
10111_at,0.0023813653884553238,0.3751113838495525,0.002381517160936634,0.0023812497275640075,0.4620240844732534,0.14619563467886112,0.0023811099437429863,0.002381382616752569,0.002381242278502836,0.0023810298823785593
10113_at,0.46283558294102956,0.001852016524004897,0.032431157887544956,0.0018519909895274146,0.001852164127182279,0.0018521224731302282,0.001852043094951177,0.0018521159196342061,0.0018525169077725646,0.49176828913522275
10114_at,0.0010753467157476537,0.0010752862483960827,0.0010753070092722205,0.0010752917191076006,0.0010753215273857334,0.001075309642767324,0.0010753002116713696,0.001075308286202723,0.0010752937958551643,0.990322234843594
10115_at,0.0013519119647083398,0.08206020462451902,0.018829987726194066,0.5085317371599141,0.0013517454378651123,0.17169875052016548,0.0013514764065744825,0.0013515883705629075,0.001351744229448174,0.21212085356004834
10116_at,0.002000160911694845,0.002000272861764159,0.863072840584591,0.002000127510894158,0.12092520187785356,0.002000204032826185,0.002000252905281823,0.00200041786659274,0.002000337933140428,0.002000183515361082
10118_at,0.0010528982485628984,0.41527436509194154,0.0010530770464325064,0.45896203744622277,0.0010527844835648745,0.11839343280186926,0.0010527132021111835,0.0010527191801859175,0.0010528505294963128,0.0010531219696127163
10120_at,0.0006803634627109659,0.0006803448715413774,0.0006803818128626903,0.9314153359334989,0.06314168392425389,0.0006803150693737799,0.0006803696237365446,0.0006803729124022621,0.0006805307312853932,0.0006803016583342278
10121_at,0.0006025403492574801,0.7912983966245801,0.0006025020663021128,0.0006024719390619996,0.0006025386863568749,0.000602527237161655,0.0006024590444237466,0.20388165949758583,0.0006024328215964265,0.0006024717336737992
10124_at,0.0014494153319539807,0.0014495698286637584,0.0014495555348900077,0.001449306582602706,0.8162530286073136,0.0014496393830562553,0.0014499174227539245,0.14464273520424992,0.028957441886082853,0.001449390218433083
10125_at,0.0014706331433667745,0.5089025874467427,0.0014708641183589864,0.0014706692944417912,0.001470906805772403,0.05886253243186687,0.3710228022989074,0.0523876509090939,0.0014706931676948844,0.0014706603837545305
10127_at,0.7263198171548215,0.0009346559615120664,0.000934708902138917,0.013953829048265294,0.0009350906345265089,0.000934805192644765,0.0009350833694856961,0.0009346995943288945,0.0009347116214254397,0.2531825985208508
10129_at,0.04975611400831064,0.0021278566015187315,0.002127764392766019,0.0021277152790111762,0.9332211352342507,0.0021277716978840193,0.002127810022795943,0.0021283787389985613,0.002127772303049826,0.0021276817214144214
10130_at,0.00294140382414664,0.47317339690174015,0.08194628291201508,0.0029413071166318238,0.00294191507965912,0.0029422117843461507,0.0029418385313986243,0.0029415112731957906,0.4242886558566969,0.002941476720169735
10131_at,0.08566225408775968,0.00294187207652806,0.0029421986596481764,0.0029416183282129104,0.002942116769368003,0.0029415448766617063,0.0029414323379332776,0.0029418360216655073,0.0029418208854365482,0.8908033059567861
10132_at,0.0016395645298227283,0.001639569383780788,0.0016395526656142743,0.0016394622324527248,0.0016398610339454372,0.11257449638443719,0.0016395004504168157,0.0016395506801397458,0.001639430172254874,0.8743090124671354
10133_at,0.012500331036387523,0.012500206010416504,0.012500220395623764,0.012500099579751582,0.8874945073146624,0.012500279415173933,0.012501195756634975,0.012502744781143271,0.012500144971262825,0.012500270738943343
10136_at,0.0020012203851200974,0.0020003800577836728,0.0020002548059588833,0.002000030017201268,0.0020007184265523445,0.002000355525764693,0.9819958583050414,0.0020002062853874338,0.0020003587498018814,0.0020006174413882633
10138_g_at,0.0020421676985126714,0.0020409508804541928,0.0020409603418038336,0.002040846435704528,0.11642177601446306,0.0020409288514959957,0.8672488058278988,0.0020409849689739263,0.00204116133473358,0.0020414176459594984
10139_i_at,0.0250012020338043,0.025000968115839836,0.025000967193211147,0.02500050302084949,0.7749916534386594,0.025001045378897028,0.025001074634931737,0.025000844054809065,0.02500071654430239,0.025001025584695573
10141_at,0.10331228114467395,0.001031192855797388,0.0010313754876385634,0.0010312756108584254,0.0010311494094907402,0.3194096309076934,0.5010720359648331,0.07001865151437946,0.0010309652759047394,0.0010314418287302115
10142_at,0.03262584896918211,0.00250007758152739,0.0025003755100685447,0.0025000829968112076,0.18809749909992993,0.30200458690850973,0.4622701214627655,0.0025006072320807203,0.0025000660967534607,0.0025007341423713045
10143_at,0.0013890021222605013,0.0013891405441760337,0.10471546390057977,0.0013891878463003781,0.42028264100645196,0.0013890801303778398,0.3937976037502575,0.07286986916106246,0.0013890804759384091,0.001388931062595104
10144_at,0.36223082485189145,0.40461250907544344,0.0020837309037783896,0.002083495371914244,0.0020843311762299543,0.0020837080246069854,0.0020838454111997166,0.2185705533322901,0.0020834570676038612,0.0020835447850419903
10146_at,0.0008001937472614127,0.0008002404424075768,0.30745446228959605,0.04230180886339332,0.07954398522958137,0.09510708525825472,0.0008001142549195886,0.4715917949415742,0.0008000715688287596,0.0008002434041830275
10148_at,0.0014287836045656424,0.05520478851593635,0.0014287092259634418,0.0014291138778669292,0.20125617912419758,0.0014287637033327878,0.7335362596166992,0.001428909557590859,0.0014298731882616178,0.0014286195855853225
10151_at,0.012500331036387523,0.012500206010416504,0.012500220395623764,0.012500099579751582,0.8874945073146624,0.012500279415173933,0.012501195756634975,0.012502744781143271,0.012500144971262825,0.012500270738943343
10152_at,0.14721734884167592,0.001961147216185205,0.0019612076656480015,0.001960976125133567,0.001961713709275259,0.001961116927634427,0.0019611106428832647,0.37154403784071666,0.46750999154440065,0.001961349486447037
10154_at,0.001234817011373101,0.001234974621489211,0.001234798480173074,0.001234767621904187,0.0012348609193191093,0.0012347071012047512,0.8455943527362185,0.0012347777577478734,0.14452733287719152,0.001234610873378755
10155_at,0.0008001700515777622,0.0008001070842347906,0.0008001865374119656,0.0008001849522961835,0.000800181638530177,0.28606947021222556,0.0008001102003393757,0.0008003260654088069,0.20238615187656062,0.5059431113814149
10156_at,0.05237576246131244,0.04844227603611947,0.03228674664418604,0.860442310075945,0.0010755504307030073,0.0010755159342123045,0.0010755130170806133,0.001075452071853808,0.0010754634422410723,0.001075409886346232
10157_at,0.004000841496141833,0.004001221077688833,0.2842516216985728,0.004000319368983745,0.6222831300696807,0.06546013229882981,0.004000973245519245,0.004000704024347496,0.004000598457474967,0.0040004582627604585
10158_at,0.020043958603629675,0.433523736030524,0.2470922752635228,0.0014928373707778838,0.04158956831896052,0.0014926607590691153,0.0014928062025668812,0.21399980513640862,0.021778661633734382,0.017493690680806247
10159_at,0.0050007549954009375,0.005001029366827237,0.005002073707730135,0.330128745240722,0.6298618774190183,0.005001242070055416,0.00500050296756798,0.005001560723245058,0.005001015291653687,0.0050011982177792375
10160_at,0.002273367669542404,0.0022732016581918446,0.0022731307837184876,0.002273035981378502,0.0022732361570177023,0.0022728778947214427,0.0022730970629647332,0.15217147800599487,0.8296437757091716,0.0022727990772984613
10161_g_at,0.0017550199124691183,0.0017547897249357376,0.001754667378467542,0.001754628102527545,0.0017548669088333028,0.0017544885902900506,0.0017547282824972223,0.16045609152794385,0.8255062910318329,0.001754428540202711
10162_at,0.0014287088630526566,0.0014289118551311106,0.12638448138052158,0.0014290978996007728,0.001428990891717859,0.07374900711016413,0.0014287168308077297,0.7898647033083889,0.001428716853991546,0.0014286650066236946
10163_at,0.00102050428929522,0.1502362470643674,0.05626347877873358,0.6635360851641701,0.0010206884248975309,0.12384090507266035,0.0010205100813883833,0.0010204827712067058,0.0010205567198913162,0.0010205416333893633
10164_at,0.0016952586155473252,0.27639987158434953,0.2655108163700573,0.3800225597726131,0.0016956152216958374,0.0016953851598032876,0.03991481956851577,0.0016951668363885113,0.0016954193545418654,0.02967508751648744
10166_at,0.9839259508230805,0.0017858185646374009,0.0017860226087039674,0.001786364251690173,0.00178579026782103,0.0017858552915637701,0.0017859679566307478,0.0017860555833403254,0.001786071300318203,0.001786103352213946
10167_at,0.01670305794078765,0.0006758259402052928,0.0006758279141128951,0.0006761216632646568,0.0006759002376337049,0.0006763201582804363,0.000675777726742867,0.0006758527750014835,0.04771024880533889,0.9308550668386321
10169_at,0.0010753186378426507,0.0010753967322786728,0.35272054411327863,0.0010753681924710848,0.001075466351172456,0.0010753195465608078,0.22649699927285566,0.41325489249143016,0.0010753824124285442,0.0010753122496815176
10171_at,0.0012197355760289288,0.0012196296236097436,0.0012196247225706096,0.5964078765481265,0.0012197547124355567,0.2262502573441332,0.0012195737536101871,0.0012196256699098065,0.0012196636140782936,0.16880425843549712
10173_at,0.0015153127532067665,0.001515326416689387,0.08829545305356655,0.0015152273892054867,0.23039144590361174,0.0015153055718773905,0.0015155737760956113,0.2617033194843567,0.41051777280221025,0.0015152628491802939
10176_at,0.0035717271836827333,0.0035721616591595485,0.003572541510806635,0.0035716035467703282,0.003572086941448742,0.003572094604499535,0.0035719505571570817,0.28953854552938163,0.6818853805292581,0.0035719079378356763
10177_at,0.0020417591648181086,0.0020409676626426065,0.0020413488465908514,0.002041474338475466,0.00204097700236053,0.9816293006986745,0.002040934470647095,0.002040908609773375,0.0020410427097133877,0.002041286496304155
10179_at,0.003571936630366227,0.1355575776677724,0.003572737620192071,0.0035723659708049673,0.7297490394079729,0.0035718986961674128,0.05632117486707328,0.05693927353787655,0.003572234767222561,0.00357176083455143
10180_at,0.2999530597505052,0.2746701017078785,0.06459026620491304,0.25915297461842624,0.0011629360912645665,0.09581807379779719,0.0011630893237081937,0.0011631942213627647,0.0011633842970035016,0.0011629199871407499
10181_at,0.001470634792721257,0.09464344954050753,0.4305015590247056,0.0014707928084381782,0.0014712709828467684,0.0014707332213093802,0.36842386323741627,0.0014710308015593067,0.09760600102558814,0.001470664564907599
10186_s_at,0.002222506919166031,0.0022223300630774324,0.09703206781758868,0.0022222676261085574,0.8851892757198025,0.0022222911028079773,0.002222339856814925,0.002222331103232488,0.002222326026512106,0.002222263764889178
10188_at,0.0017243854033264412,0.001724218519016728,0.534012584728309,0.0017244147436018373,0.0017242611304263869,0.0017243505897573397,0.40956547184853975,0.001724308131054719,0.0017244107286286043,0.04435159417733919
10189_at,0.0014928989905415907,0.0014929495819186885,0.0014926846840851943,0.0014928632147275414,0.12644547202917536,0.0014926552640521006,0.8616119286931945,0.0014931185193570757,0.0014927711306843604,0.0014926578922634032
10192_at,0.0016396297496938314,0.0016395395603886393,0.15491756293354836,0.0016396250042629438,0.0016396130327895415,0.1501401934983277,0.001639551285180735,0.6834651774139817,0.0016395394916714455,0.0016395680301551623
10198_at,0.033335917135242525,0.033335580299177194,0.0333366411278115,0.03333441365150809,0.6999769912434084,0.03333636142123526,0.033336719387563565,0.033335460879246215,0.03333496853814229,0.0333369463166649
10203_at,0.0009709933543641757,0.0009709166932076025,0.0009709418416657789,0.0009709121556430527,0.0009709065511619423,0.0009709474410017181,0.0009709213535510985,0.0009709125325243242,0.0009709134833588879,0.9912616345935215
10205_at,0.0009010383074108032,0.2621555036951234,0.0009010973358203457,0.7306360665061234,0.0009010312604034254,0.0009011806015726035,0.0009010321589001111,0.0009010398391537159,0.000901007676851254,0.0009010026186409753
10206_at,0.001333569949913918,0.0013336076211745412,0.11509200851556801,0.0013335343237484958,0.10669002589868685,0.32030916094628403,0.10957948770483315,0.0013335236184961372,0.21004724007735964,0.13294784134393517
10207_at,0.0011628796397198217,0.454782731495363,0.0011629748479676692,0.0011628618019804142,0.474970030720814,0.001162939243489753,0.0011629458801267845,0.001162862445575773,0.06210692806342672,0.001162845861535978
10208_at,0.0010639572613367722,0.001064360182128432,0.1164692077154682,0.0010644935360880471,0.0010640258549719326,0.0010640211725781007,0.0010640665365467062,0.0010640776934413793,0.875017904285689,0.0010638857617513288
10211_at,0.003226408148936574,0.003226191277214341,0.00322632257569435,0.003226037054655529,0.18787617407241936,0.0032258887541167123,0.0032261798400524872,0.11884390427988575,0.0032263199087465113,0.6706965740882784
10212_at,0.0013158375753538312,0.001315983374549341,0.001315938693220506,0.0013158763459654701,0.001316071350070064,0.0013158267326748934,0.0013159306441929747,0.9881568071702018,0.0013159124699161887,0.0013158156438548873
10213_at,0.10109062134784626,0.002127859027046773,0.0021278837972235672,0.002128842616411376,0.002128202172474072,0.07904423263737545,0.8049667067884292,0.0021282823097249167,0.002129358526228097,0.002128010777240348
10214_at,0.0012347840700158408,0.0012346605372302421,0.0012346543676979252,0.531322858600283,0.10274245001278531,0.19525785629262807,0.001234680850587106,0.0012348195440088046,0.0012347283193078235,0.16326850740545584
10219_at,0.001408537728549074,0.0014088502280363657,0.0014088539231334794,0.0014086262391661644,0.724095606014806,0.0014086621982151023,0.26463462454112174,0.0014086218122251434,0.0014090488955120402,0.0014085684192346312
10221_at,0.002325841830279982,0.0023263739605228683,0.39958410727947397,0.0023258244597429123,0.0023259815296972587,0.5818085667627763,0.0023257583165270886,0.002325682660918159,0.0023260361548540563,0.002325827045207368
10222_at,0.000971273775332617,0.24058926736453573,0.35771203753290143,0.11600743212154808,0.0009709297555375144,0.2421429098689807,0.000970937382877371,0.0009709348468030602,0.016346360086008413,0.023317917265474917
10224_at,0.000952462897525483,0.0009525397242979715,0.0009525224882991349,0.0009524670207739769,0.0009525214956960833,0.2144256444603299,0.20937999487649245,0.0009525598302915398,0.49856647981365326,0.07191280739264028
10225_at,0.26780639113490723,0.0013335787229244885,0.4552853624966714,0.08829646276616397,0.0013334545746631742,0.001333597523500995,0.0013340132030604374,0.0013334637417020112,0.0013335766945485545,0.1806100991418578
10227_at,0.003448771800057039,0.0034489927477592357,0.3452275277466192,0.003449234966161426,0.6271820526756923,0.003448712610077314,0.003448444920122486,0.0034485257105496695,0.0034488982073886945,0.0034488386155726663
10228_at,0.001961029199398838,0.0832272091770624,0.12300361513507331,0.0019609955683316583,0.001961761731769704,0.0019610382578093646,0.24992697585272758,0.5320754349886623,0.001961045092600072,0.001960894996564933
10231_at,0.033335917135242525,0.033335580299177194,0.0333366411278115,0.03333441365150809,0.6999769912434084,0.03333636142123526,0.033336719387563565,0.033335460879246215,0.03333496853814229,0.0333369463166649
10235_at,0.0016130555611731376,0.0016134187102420513,0.0016134064642097825,0.3179445348048843,0.0016132166980274251,0.6691490611674733,0.0016132560394824607,0.001613353358632771,0.0016135025746694513,0.001613194621205297
10238_at,0.24882055134928516,0.19475615804239332,0.35026447633643837,0.14640026565343153,0.05413928093087646,0.0011238838285556262,0.0011237610594263218,0.0011237723129782393,0.0011238777934341612,0.0011239726931807903
10241_at,0.0019232194789026253,0.0019231697006648648,0.001923251527347694,0.0019231316467435066,0.0019236842120332795,0.18450963080490726,0.8001038328939996,0.001923553418445829,0.0019232176197557106,0.0019233086971995347
10243_at,0.0010754174479954432,0.990321616269598,0.0010754860804817804,0.0010753948138226476,0.0010753406631917014,0.0010754110381043889,0.0010753208161115326,0.0010753402662583486,0.0010753350220664326,0.0010753375823699368
10244_at,0.0015626513555819768,0.0015626062544470789,0.0015626310717503538,0.0015626749491566391,0.21261849177778785,0.0015625748255017331,0.0015626443031048103,0.774880543514106,0.0015626425336850182,0.0015625394148785306
10245_at,0.0017857402285898615,0.0017858123936680445,0.0017857906099848389,0.0017858481222516125,0.0017860177561116765,0.0017857540980481769,0.0017859190334624322,0.9839275242276467,0.0017858393690991627,0.0017857541611373169
10247_at,0.0014927092117639777,0.21498342117083116,0.0014926337302330317,0.0014926945947802898,0.0014929207175626996,0.001492579087314952,0.0014927102777399835,0.7730751645314743,0.0014925907076405456,0.0014925759706591226
10253_at,0.0018185382595360391,0.041323168816942556,0.0018184893136053383,0.0018184075468303217,0.0018188393681789474,0.0018183023327591958,0.27865039661611307,0.0018186377788012604,0.6672968888965769,0.001818331070656374
10254_at,0.001370038030416542,0.0013702090443479871,0.29800037877543417,0.001370496639356113,0.0013703956962582424,0.001370082571521876,0.6910382292567409,0.0013701843328097728,0.001370025652225857,0.001369960000888728
10255_at,0.0034488190762310862,0.003448634865302132,0.0034483725802347447,0.0034484931571093476,0.20840059347939177,0.0034487565875595486,0.7640108181996167,0.0034485301881791814,0.0034484357126926,0.003448546153682903
10256_at,0.0015152047263637923,0.0015152451786514841,0.0015152088793603962,0.0015152527891457593,0.0015154342699824324,0.0015151952791613561,0.0015152552386596607,0.9863627345968496,0.0015152750312633263,0.001515194010562131
10257_at,0.001754479223206248,0.001754883580212625,0.00175462123417599,0.0017544432871723086,0.0017545398970034052,0.0017545917738080983,0.0017545415380850746,0.9659058071379116,0.020057619554317282,0.0017544727741075205
10260_at,0.0014495692114273953,0.0014493138574968084,0.03611566013737882,0.0014495039419336528,0.001449711238014782,0.0014493566521969383,0.001449541804388387,0.0014494432594053684,0.0014493587379442161,0.9522885411598138
10262_at,0.01666713839358375,0.016667141396862817,0.016667282291487832,0.01666690517488762,0.8499946639434977,0.0166672552013057,0.01666733346310663,0.016667123040142274,0.016667835106454247,0.01666732198867144
10265_at,0.0012501082665151222,0.0012501148601183364,0.001250858345799219,0.0012501402525745783,0.7444524497523258,0.001250083412840862,0.2011508944600734,0.001250207193703708,0.04564503428361889,0.0012501091724300508
10267_at,0.0018182809097071644,0.11768985781401482,0.0018183986081180808,0.0018182604364544491,0.09326880346710224,0.0018182522933930085,0.0018184459616990176,0.001819005725820034,0.7763124258001288,0.001818268983562255
10269_at,0.15674985991961576,0.001887020670692614,0.19407380125806492,0.0018870660303182947,0.0018870683057084306,0.0018870855878314423,0.001886964454323655,0.0018869475770535834,0.616102840153976,0.021751346042415208
10270_at,0.9808470654056667,0.0021279091685373593,0.0021286519019843553,0.0021280054662352267,0.002127912101231848,0.0021278421718617033,0.0021288923141188744,0.0021281047702912596,0.002127775305674914,0.0021278413943977164
10272_at,0.003448881261277881,0.056908307083838545,0.003449199149177876,0.0034484090195666763,0.4434958164161825,0.0034485840979243364,0.003448449998567588,0.0034484866069963353,0.00344899315392987,0.47545487321253843
10273_at,0.001515300955009355,0.001515312856125285,0.31674154766159385,0.0015153290259029544,0.45075069533850104,0.0015155522305375427,0.06741152289972079,0.15600412694565974,0.0015152469243620151,0.0015153651625873772
10274_at,0.002857245343201244,0.0028573183683574996,0.0028574785914645007,0.0028572654072544015,0.7622553568459168,0.002857486326674604,0.002857455911219296,0.15095101961220286,0.0028573199580732736,0.06679205363563555
10276_at,0.08837724876309866,0.0011365529247457846,0.001136585668374458,0.024234983520261447,0.001136689918641904,0.2779792604784491,0.6025883844987658,0.001136819839849957,0.0011365264256878165,0.0011369479621249695
10277_at,0.0024391241646527233,0.002439327802920465,0.09058451328185027,0.121011916652979,0.002439349879972556,0.0024393246115098324,0.0024391029073150645,0.0024391415472109273,0.0024394369249230784,0.7713287622266661
10278_at,0.6892216439982268,0.0019233669565948503,0.0019243386595894198,0.0019233684332727367,0.0019232960562772647,0.05904085936508491,0.23827253553558286,0.001923876209656003,0.001923535378361993,0.0019231794073531064
10279_at,0.0021740799177726554,0.0021744185055890346,0.002174474165872964,0.002174483455414367,0.21229385897261374,0.002174412212346851,0.2977652364349643,0.0021744879665653288,0.47472052163502837,0.002174026733832518
10282_at,0.002631846904166101,0.28172939509361034,0.4433117248005292,0.002632138316592196,0.06607512774430181,0.002631810802494769,0.0026319070328386608,0.19309239830519936,0.0026319485653976404,0.0026317024348697874
10283_at,0.37350892848301903,0.0066680543023528065,0.0066677087534429335,0.006667648660427067,0.5731519834717029,0.0066668977149910635,0.0066670367333427506,0.006667732890682767,0.006667039844663942,0.006666969145374742
10289_f_at,0.002777932319874544,0.0027780356890052794,0.0027780220218169118,0.002777970268606634,0.9749983974802376,0.002777876951510092,0.002778035891642478,0.0027779554747041613,0.0027779631533479594,0.002777810749254211
10290_at,0.0011237231612505557,0.0011239489072791453,0.0011237486819899133,0.00112362142795911,0.0011237368507548643,0.0011237190845634559,0.9898860138660429,0.0011241524553326334,0.0011236412170018352,0.001123694347825772
10291_at,0.08939679093754331,0.0009346910202864263,0.0009346771976735393,0.2317081462886394,0.000934645201569299,0.0009346863988845059,0.000934623161686918,0.672351591015859,0.0009346490497456225,0.0009354997281121403
10292_at,0.002127883181930821,0.2267069711206346,0.0021279475573764725,0.05260651401205635,0.7057916208777002,0.002127825872942336,0.0021278421245910554,0.0021279988454402294,0.002127704552203701,0.0021276918551242398
10294_at,0.0033334483801797706,0.0033334464520774127,0.0033334935769369148,0.0033334492785261145,0.9699986170855146,0.0033334408626891176,0.0033334889096918374,0.003333623538194883,0.0033335333597959193,0.0033334585563934024
10297_at,0.001428787632868526,0.04947305738279682,0.0014287235090795426,0.001428637210683911,0.0014290238821453873,0.939097064361884,0.001428667515403069,0.0014287511043026978,0.0014286704323673487,0.0014286169684690226
10300_f_at,0.48338584891271363,0.0008197416586706738,0.0008197395723979616,0.000819721754502467,0.0008197808752345078,0.0008197295241694711,0.0008197242962409097,0.0008197504159903892,0.0008197495777681143,0.5100562134123119
10301_at,0.48338584891271363,0.0008197416586706738,0.0008197395723979616,0.000819721754502467,0.0008197808752345078,0.0008197295241694711,0.0008197242962409097,0.0008197504159903892,0.0008197495777681143,0.5100562134123119
10302_g_at,0.47777857017282177,0.0006410938942516571,0.000641078961160905,0.0006410761605727713,0.0006411349796141275,0.0006410738099167389,0.00064107463463232,0.0006410950063310608,0.0006411058647951824,0.5170926965159036
10304_at,0.0024391386932486776,0.0024391018575285845,0.002439200053420507,0.0024390541277551614,0.978047448081628,0.002439154265523552,0.0024392536787058647,0.002439426481951094,0.0024391194194650022,0.002439103340773618
10305_at,0.4125414869409263,0.001785995313910619,0.21847852787496214,0.0017861038729579228,0.0017858531311549998,0.0017859953973128858,0.001785853101840749,0.0017858715286013921,0.0017858380979015867,0.3564784747404315
10306_at,0.0015626228658044384,0.0015628620007355743,0.0015627096472814294,0.0015629509644687926,0.0015628579497914557,0.9637254197151364,0.0015626428221690873,0.0015626233259815243,0.02377264573574,0.0015626649728912457
10307_at,0.0016669879489385779,0.001666925332606798,0.36508543259203363,0.16400865403177337,0.0016671821042370822,0.0016668789403578531,0.45923712264289895,0.0016671080512077744,0.0016668896396073722,0.0016668187163387162
10308_at,0.009091226670778347,0.009091156358719649,0.00909136933397459,0.009091138047819254,0.9181770345032243,0.00909124336600413,0.009091484599669531,0.009091447351183361,0.009092419412768036,0.00909148035585874
10310_at,0.0009009698918511184,0.014182639988808482,0.0009010932839650208,0.8585867851056237,0.0009010233667570187,0.000900987367812854,0.0009009794392981258,0.0009009677825118191,0.12092357829779551,0.0009009754755762566
10313_at,0.0016395317583906505,0.16508165058151658,0.0016397744423196526,0.0016396257635219293,0.0016398620850199782,0.0016399614082571227,0.0016395716171282019,0.0016395591811157945,0.821800913518381,0.0016395496443490341
10316_at,0.001960876568136682,0.001960867838920879,0.12192078287810404,0.0019608150727739217,0.8363866572321246,0.0019607948184474674,0.0279648835558372,0.0019612596489883595,0.0019622710759391124,0.0019607913107277703
10318_at,0.4833736810616616,0.0015387439489105697,0.17135352311530214,0.0015388524337569957,0.0015387955220266055,0.0015388442858275471,0.00153884396101015,0.08010322347737321,0.0015386907564208755,0.25593680143771014
10319_at,0.0018182898088446977,0.001818834497995012,0.0018184790843161901,0.001818546649053894,0.554317184916779,0.0018182234914621207,0.001818516271867593,0.431135300075938,0.0018183518982363388,0.0018182733055072972
10322_at,0.0013158811426124634,0.0013158666922566994,0.0013158947765870548,0.001315839133693815,0.0013159377791164442,0.0013160431031605689,0.0013159000214509708,0.9881569182325359,0.0013158411968676425,0.0013158779217182974
10323_at,0.0017549345287334098,0.0017547234035816125,0.0017546173968832257,0.0017544862688164279,0.0017550286329182973,0.001754481511280067,0.33473916579803775,0.0017545396418710414,0.6512236074388517,0.0017544153790265379
10324_at,0.0013335081137671038,0.001333583030556115,0.0013335702546510677,0.0013334279460853805,0.13874114860734138,0.0013334518698583772,0.049123265316435724,0.0013334560126417182,0.8028011782307677,0.0013334106178955081
10325_at,0.9819985876711395,0.0020000996809101997,0.0020001400795511964,0.0020001910390468605,0.002000099495369281,0.002000147358913914,0.0020000509328408273,0.0020000659496670296,0.0020001037008453297,0.0020005140917159162
10326_g_at,0.9081290388238743,0.001369990026570326,0.0013700945727316335,0.0013700544946642428,0.0013699470409717699,0.0013700284986188094,0.001369894722743116,0.0013699098718869254,0.0013699628243550419,0.08091107912358385
10327_at,0.32215119292038835,0.009093373894851436,0.009093069912675434,0.009092736469909745,0.6051112465262332,0.009091313960129157,0.009091401802792297,0.009092769820301603,0.00909141961952532,0.009091475073193514
10328_at,0.0011111520621182186,0.001111255162031419,0.1731016168929735,0.0011112076168972842,0.0011112955616424968,0.001111199067854419,0.0011112334700623906,0.8180085965133137,0.0011113069436716758,0.0011111367094349801
10331_at,0.0021740255334571352,0.002174006929386571,0.14110378100163543,0.0021739587051482837,0.8415035633119805,0.0021739442660568794,0.002174234536801243,0.002174269759261876,0.002174179302495731,0.002174036653776466
10332_at,0.08034797839878922,0.0017243631507422022,0.0017247877319889013,0.0017246550747708476,0.0017256556750200767,0.08700604176967573,0.0017242259520665818,0.001724202829980716,0.0017242079274043328,0.8205738814895613
10334_at,0.0013891538150777622,0.001388956359564289,0.0013891664918660326,0.0013890460260272612,0.001388944461895667,0.0013890615242082563,0.6049246984618082,0.3839629966446485,0.001389019610035065,0.00138895660486908
10335_at,0.1408126927324343,0.0013700348205665752,0.19410079410306014,0.0013700800629596439,0.016560771052129015,0.0013700937996401652,0.001370006274062925,0.0013700009769571507,0.27316466272888895,0.36851086344930106
10336_at,0.005000626388610354,0.005000489828381285,0.005001232263197888,0.005000161149867713,0.9549956767400475,0.005000333638732733,0.0050001997286879965,0.005000239210608304,0.005000811657346547,0.00500022939451968
10341_at,0.0009174624922125186,0.3782680957093091,0.0009175565409124624,0.24057658287892442,0.0009175427281485137,0.0009175537432573119,0.0009174765745949176,0.0009174786012249427,0.0009175740762097111,0.374732676655206
10342_at,0.0011366073103393401,0.13934118178833585,0.06198882440819694,0.0011364503005576584,0.0011365264838152896,0.0011367618160369366,0.6205019275145353,0.17134868937871145,0.0011365901293947766,0.0011364408700765584
10343_at,0.0028571954716621463,0.0028572015445760056,0.002857214521572215,0.0028571706744649388,0.27979332007490054,0.002857208392265473,0.3698648492756338,0.3303413059469798,0.0028573186142808933,0.002857215483664297
10344_at,0.0012991625572707742,0.001298973350609939,0.32298035984990925,0.0012990209331796595,0.0012987893899965876,0.3318215560268986,0.0012988896648028598,0.0012999666557015942,0.001298878110580745,0.3361044034610499
10346_at,0.0016394587524721344,0.019616793009895075,0.001639402561316266,0.018606346613949505,0.3937739582590007,0.0016393807282769474,0.02273140524392234,0.5370742950458376,0.001639595092303727,0.001639364693025698
10348_at,0.0011905940299760743,0.933483940845909,0.0011910768291682264,0.05699077063090334,0.0011906084673661095,0.0011906268753864068,0.0011905883885829447,0.001190628629650271,0.0011905981397099259,0.0011905671633478097
10349_at,0.0019232555897758736,0.6973697567536855,0.21417304350047783,0.0019237340505384257,0.0019232836026974178,0.0749931931067651,0.0019233990926072766,0.001923401011701413,0.0019235775752031285,0.0019233557165482058
10350_at,0.0015387017988403168,0.0015387873712409698,0.160292830634313,0.0015390460107243922,0.0015388101089639265,0.001538869846177828,0.7058816257545852,0.12305420642874904,0.0015385383610564268,0.0015385836853488851
10351_at,0.0014926849694577595,0.20704566553251863,0.09233697846311717,0.13113139072061167,0.0014927194134142813,0.0014929952982786598,0.0014926897317242588,0.0014926226693492614,0.0014927757932601624,0.5605294774082683
10352_at,0.22656273595382473,0.0014708700419969732,0.4346224682372478,0.0014707434646504512,0.0014711082354859233,0.001470764473267576,0.0014707516799085595,0.001470718557225199,0.0014710166832780653,0.32851882267311483
10353_at,0.0030304186000912467,0.0030318736622446823,0.003030637359862072,0.0030304839960938064,0.8911737852040107,0.08457937029921031,0.0030305063747337363,0.003030449043623402,0.0030320543783114717,0.0030304210818184124
10354_at,0.2793944635117007,0.002941589108266112,0.0029420930755851378,0.0029422574019833396,0.6470018617441816,0.05301109745165049,0.002941426970663274,0.0029413722272110597,0.0029418712564706125,0.002941967252287571
10358_at,0.0010638588807082528,0.03355383742757949,0.0010639256582913048,0.0010640545748185745,0.0010640567541877542,0.0010638770438975642,0.0010640010042339753,0.9579340677196975,0.0010644273229991688,0.0010638936135864332
10360_at,0.0011236972975338607,0.07258977870476671,0.8342492863432796,0.001123723284970215,0.05687899014385495,0.0011237428647997293,0.0011238748296944867,0.029539386781274726,0.0011238170535183682,0.0011237026963074222
10361_f_at,0.00400011252904993,0.00400021220201434,0.004000434107248486,0.004000178401559625,0.9639980186058308,0.004000081569626229,0.004000193969863671,0.004000263917905641,0.004000363239743637,0.004000141457157697
10363_at,0.05256594371495209,0.0013159458652421238,0.4490309262527138,0.0013159139816482427,0.3216365560023716,0.0013162799060827733,0.001316014099054926,0.16887061180853205,0.0013158679161325427,0.001315940453269756
10365_at,0.0008548566706858839,0.9712364808105586,0.000854784879075427,0.0008548383806108351,0.0008547975012878151,0.021925266563973943,0.0008547397915711664,0.0008547623682582479,0.0008547207213937176,0.0008547523125841864
10368_s_at,0.011043792548005601,0.6706902243037887,0.0009260356375831074,0.1511854529296011,0.11594269725825128,0.046507383425870547,0.0009260241872112722,0.0009260555470726017,0.0009262403282044361,0.0009260938344114612
10370_at,0.1773797013661551,0.0015875516072899486,0.11950516237895092,0.03340664876470312,0.0015874990695730112,0.0015877284899684955,0.001587541452418676,0.001587490449041442,0.6601831214937876,0.0015875549281118189
10372_at,0.6999414688533839,0.033338072453228826,0.03333875002525558,0.033336125605823934,0.03335535213715433,0.033338790972341055,0.03333899443275403,0.03333773631118683,0.03333698204175459,0.03333772716711698
10374_at,0.003448506160447631,0.0034491233136349675,0.0034489635325853562,0.1523345943257382,0.44719178097777945,0.0034485319689045698,0.0034503052366651778,0.003449350049233173,0.37633033797181176,0.0034485064631997655
10376_at,0.0011906195652912474,0.001190613785937148,0.0011906011113819554,0.8334203256622792,0.1417664974711479,0.0011905528795068047,0.016478738327182697,0.0011908545608775097,0.001190648909947473,0.001190547726448062
10377_at,0.00384630374761406,0.003846354652466239,0.0038464998582884123,0.003846277710000551,0.32810913983407475,0.003846417403579437,0.003846649240814579,0.641119448546722,0.003846561445094172,0.0038463475613455824
10378_at,0.0018525833737468224,0.0018519696176851803,0.001852016005534394,0.0018519300806355296,0.45271173115889257,0.0018519885093503901,0.001852012288670368,0.5324719639598723,0.0018519242176993189,0.0018518807879132192
10381_at,0.002858621596559246,0.002857726102940538,0.0028574649641310576,0.002857235731495814,0.12569244155427184,0.8082778421051491,0.0028575002493353434,0.04602620779154597,0.0028573617598920812,0.002857598144679169
10383_at,0.012500331036387523,0.012500206010416504,0.012500220395623764,0.012500099579751582,0.8874945073146624,0.012500279415173933,0.012501195756634975,0.012502744781143271,0.012500144971262825,0.012500270738943343
10386_s_at,0.8710283549617988,0.000934658064664097,0.0009346589599163004,0.000934608094996398,0.000934645122183695,0.0009349186047139712,0.00093463231374749,0.0009346134146175944,0.0009346059463059931,0.12149430451705566
10391_at,0.0014710242755069847,0.03455957165439313,0.0014709429210048542,0.0014706586367909495,0.2157692713804229,0.0014709975280450469,0.03830176641130421,0.7025442431773363,0.0014708138789699778,0.0014707101362255862
10392_at,0.001613134535722597,0.2602687918036759,0.6183171022464834,0.0016131041508353238,0.08387344891853321,0.0016131320393291313,0.001613072437057132,0.0016130505099682293,0.02786199946199953,0.0016131638963954777
10395_at,0.0012660479939055468,0.14198397971841437,0.43871911218660703,0.0012662561262401313,0.0012659854165712242,0.4104340863683108,0.0012665170908145852,0.0012659091499927274,0.0012661196071541072,0.0012659863419896152
10396_at,0.02500000000512631,0.02500000000366122,0.02500000000393743,0.7749986026792068,0.025000050383344633,0.025000000005918486,0.025000238420735163,0.025000000003444243,0.02500000000357264,0.02500110849105315
10397_at,0.02500000000512631,0.02500000000366122,0.02500000000393743,0.7749986026792068,0.025000050383344633,0.025000000005918486,0.025000238420735163,0.025000000003444243,0.02500000000357264,0.02500110849105315
10398_at,0.025000000005107867,0.02500000000366045,0.025000000003923616,0.7749976800533409,0.02500000000362238,0.02500166747435324,0.025000390742656697,0.025000261694041383,0.025000000012952692,0.0250000000063407
10401_at,0.02500000000512631,0.02500000000366122,0.02500000000393743,0.7749986026792068,0.025000050383344633,0.025000000005918486,0.025000238420735163,0.025000000003444243,0.02500000000357264,0.02500110849105315
10404_at,0.02500000000512631,0.02500000000366122,0.02500000000393743,0.7749986026792068,0.025000050383344633,0.025000000005918486,0.025000238420735163,0.025000000003444243,0.02500000000357264,0.02500110849105315
10405_at,0.025000000005107867,0.02500000000366045,0.025000000003923616,0.7749976800533409,0.02500000000362238,0.02500166747435324,0.025000390742656697,0.025000261694041383,0.025000000012952692,0.0250000000063407
10408_at,0.03333591443775885,0.0333351320329776,0.03333918371261637,0.03333441336691523,0.69995607732382,0.03334598028509558,0.033335640885258117,0.03333514572200025,0.0333348718912377,0.0333476403423203
10414_at,0.002778104453868122,0.002778553182400269,0.0027786726304001703,0.0027781990909139247,0.002778878510372993,0.0027785126040869293,0.002778367180784508,0.067080798645252,0.9106913267684619,0.0027785869334592127
10416_at,0.0035717995280924353,0.003572703101642987,0.1397111362676611,0.003572656452134738,0.7354076484489146,0.0035716853913850322,0.09987631510404017,0.00357169494363099,0.003572651184842998,0.0035717095776550624
10418_at,0.002325736310920599,0.0023259741598769504,0.002325781200271382,0.0023257353422721,0.17517725675414486,0.0023257820577052947,0.002325859859448919,0.0023257988171622736,0.8062163875650327,0.002325687933164966
10425_at,0.02500000000512631,0.02500000000366122,0.02500000000393743,0.7749986026792068,0.025000050383344633,0.025000000005918486,0.025000238420735163,0.025000000003444243,0.02500000000357264,0.02500110849105315
10426_at,0.02500000000512631,0.02500000000366122,0.02500000000393743,0.7749986026792068,0.025000050383344633,0.025000000005918486,0.025000238420735163,0.025000000003444243,0.02500000000357264,0.02500110849105315
10428_at,0.025000000005107867,0.02500000000366045,0.025000000003923616,0.7749976800533409,0.02500000000362238,0.02500166747435324,0.025000390742656697,0.025000261694041383,0.025000000012952692,0.0250000000063407
10429_at,0.02500000000512631,0.02500000000366122,0.02500000000393743,0.7749986026792068,0.025000050383344633,0.025000000005918486,0.025000238420735163,0.025000000003444243,0.02500000000357264,0.02500110849105315
10431_at,0.02500000000512631,0.02500000000366122,0.02500000000393743,0.7749986026792068,0.025000050383344633,0.025000000005918486,0.025000238420735163,0.025000000003444243,0.02500000000357264,0.02500110849105315
10432_at,0.02500000000512631,0.02500000000366122,0.02500000000393743,0.7749986026792068,0.025000050383344633,0.025000000005918486,0.025000238420735163,0.025000000003444243,0.02500000000357264,0.02500110849105315
10433_at,0.02500000000512631,0.02500000000366122,0.02500000000393743,0.7749986026792068,0.025000050383344633,0.025000000005918486,0.025000238420735163,0.025000000003444243,0.02500000000357264,0.02500110849105315
10434_at,0.02500000000512631,0.02500000000366122,0.02500000000393743,0.7749986026792068,0.025000050383344633,0.025000000005918486,0.025000238420735163,0.025000000003444243,0.02500000000357264,0.02500110849105315
10439_at,0.011111313371543918,0.011111410837004624,0.011111240931733922,0.3505372367753349,0.5605703712038114,0.011112378601092742,0.011111392032988384,0.011111428393581778,0.011111667051420419,0.011111560801488053
10441_at,0.02500000000512631,0.02500000000366122,0.02500000000393743,0.7749986026792068,0.025000050383344633,0.025000000005918486,0.025000238420735163,0.025000000003444243,0.02500000000357264,0.02500110849105315
10443_at,0.025001868584264366,0.025001152216216765,0.025001526477843698,0.02500050306156037,0.7749884122181209,0.025001403691170116,0.025001651095651063,0.025001083541220097,0.025000761352123622,0.025001637761829044
10445_s_at,0.0020002957419647974,0.21182881348594826,0.002000436225970707,0.002000715561506885,0.7721685279038221,0.002000367172092821,0.002000193412906889,0.002000377067653723,0.002000231496253219,0.0020000419318807806
10446_s_at,0.0019610318910812104,0.754812210401815,0.0019610040928616543,0.001960889601914687,0.08485162920351368,0.001960868287389621,0.024879395636548972,0.12369103441176342,0.001961097999139762,0.001960838473971848
10447_s_at,0.001961026629713952,0.8340868206921789,0.0019610081749957754,0.001960892208372118,0.001961351952953165,0.0019608591199125765,0.02551647630419448,0.1266694792270871,0.0019612507709982074,0.001960834919593769
10449_at,0.025000000005107867,0.02500000000366045,0.025000000003923616,0.7749976800533409,0.02500000000362238,0.02500166747435324,0.025000390742656697,0.025000261694041383,0.025000000012952692,0.0250000000063407
10450_at,0.025000000005107867,0.02500000000366045,0.025000000003923616,0.7749976800533409,0.02500000000362238,0.02500166747435324,0.025000390742656697,0.025000261694041383,0.025000000012952692,0.0250000000063407
10455_at,0.02500000000512631,0.02500000000366122,0.02500000000393743,0.7749986026792068,0.025000050383344633,0.025000000005918486,0.025000238420735163,0.025000000003444243,0.02500000000357264,0.02500110849105315
10456_at,0.025000000005107867,0.02500000000366045,0.025000000003923616,0.7749976800533409,0.02500000000362238,0.02500166747435324,0.025000390742656697,0.025000261694041383,0.025000000012952692,0.0250000000063407
10458_at,0.02500000000512631,0.02500000000366122,0.02500000000393743,0.7749986026792068,0.025000050383344633,0.025000000005918486,0.025000238420735163,0.025000000003444243,0.02500000000357264,0.02500110849105315
10459_at,0.02500000000512631,0.02500000000366122,0.02500000000393743,0.7749986026792068,0.025000050383344633,0.025000000005918486,0.025000238420735163,0.025000000003444243,0.02500000000357264,0.02500110849105315
10462_at,0.025000000005107867,0.02500000000366045,0.025000000003923616,0.7749976800533409,0.02500000000362238,0.02500166747435324,0.025000390742656697,0.025000261694041383,0.025000000012952692,0.0250000000063407
10464_at,0.6223716783166132,0.002777826297838013,0.002777979099209639,0.002777802004543912,0.002777863143940699,0.06864308493214204,0.2895400867237026,0.0027778241192710014,0.0027778501169027953,0.0027780052458360343
10468_at,0.0012500778139589832,0.03842889395837703,0.07296354191071307,0.001250050315053558,0.5011017144086974,0.0012500846570434015,0.3800052624932234,0.0012501217832295328,0.0012501361940818686,0.0012501164656218728
10470_at,0.25819112940208316,0.4759368768143461,0.002703305329517299,0.24694924822789668,0.002703782746857983,0.0027029830233479,0.0027032210465216615,0.002703137999507321,0.0027034043920300304,0.0027029110178919107
10471_at,0.003847105973905525,0.003846757046835518,0.19693014018439892,0.0038462467085234077,0.22359716399629923,0.0038466872832946743,0.0038467380374540105,0.10762091384182067,0.0038466288738138723,0.4487716180536541
10472_at,0.0018868920885564437,0.0018869279449779531,0.001887422150116613,0.001886903426247836,0.001887265806245631,0.0018869524764781637,0.001886961793607288,0.983016712256861,0.0018870710315695425,0.001886891025339405
10473_i_at,0.7107792086031841,0.11435850027857936,0.16843934613278483,0.0009175454805909466,0.0009175083555106159,0.0009175853742952561,0.0009176475440247825,0.0009175293712111226,0.0009175004165476411,0.000917628443271126
10474_s_at,0.7107792086031841,0.11435850027857936,0.16843934613278483,0.0009175454805909466,0.0009175083555106159,0.0009175853742952561,0.0009176475440247825,0.0009175293712111226,0.0009175004165476411,0.000917628443271126
10478_at,0.00227281818368913,0.0022733724675228725,0.5844918563759671,0.10491400667208042,0.002273390235415324,0.0022735641823091,0.002273134415124535,0.002273371951034258,0.2946814740200017,0.002273011496855518
10480_at,0.0007936779939626724,0.000793935007253425,0.000793709599096344,0.9018774037317466,0.0007937793853548348,0.0007939885234780447,0.0007937090169966325,0.0007937008100789367,0.09177241553979522,0.0007936803922372425
10483_at,0.001852062219706028,0.3008562696385214,0.0018520984354717593,0.0018520643340167377,0.6843272702531301,0.001852137292304896,0.0018520547450656373,0.0018521383250327645,0.0018520008301997682,0.0018519039265509284
10485_at,0.0528619014199214,0.0017864330336071735,0.3028079122229882,0.0017858311892264033,0.0017861627305620557,0.0017858069180080216,0.0017859242204596442,0.5314604005823901,0.10215385132601248,0.001785776356824605
10491_at,0.0017858177818556047,0.0017860501456152698,0.09379696326053785,0.0017860338096308461,0.0017859331625689674,0.0017858172827763695,0.6637418172047304,0.22995987230977866,0.0017859238437490895,0.0017857711987569937
10492_at,0.0012987884065765443,0.0012988635500486758,0.0012990068443656697,0.0012987523473629887,0.8231936148455155,0.0012988311671483263,0.16641537946210713,0.0012989214472778213,0.001298911690153741,0.0012989302394434364
10494_at,0.05442284957874902,0.0019234037581369488,0.0019232665614449043,0.0019232128832515414,0.001923292747673105,0.0019242472668267352,0.10999925731764379,0.03421839822408897,0.7898187121262542,0.001923359535930844
10498_at,0.033335917135242525,0.033335580299177194,0.0333366411278115,0.03333441365150809,0.6999769912434084,0.03333636142123526,0.033336719387563565,0.033335460879246215,0.03333496853814229,0.0333369463166649
10500_at,0.0038468565294676803,0.27184122978701813,0.003847549989402685,0.0038473146443151834,0.539848724404834,0.003846852814326471,0.0038463852420373584,0.1613813259239245,0.0038467629833134473,0.0038469976813607035
10501_at,0.0023258866556151664,0.002325898028787571,0.002326321903613,0.002325622794519699,0.7913172718578572,0.0023257439291900286,0.19007583328934322,0.002325746794920898,0.0023260301018234587,0.0023256446443296846
10504_at,0.0017547090040128306,0.0017545858339757345,0.09803386377609793,0.0017545861457201205,0.0017546733920886402,0.001754691884881409,0.13883418907250536,0.0017545474616703879,0.3949824544701559,0.3576216989588918
10505_at,0.0012987822634621786,0.00129917362524676,0.0012991071674228756,0.0012988154475683253,0.0012991384919185068,0.0012988654327441371,0.10114021148855791,0.0012988228101281233,0.888468277896533,0.0012988053764180015
10506_at,0.24302419218986124,0.0012501381808362674,0.042730700543016205,0.0012500722201795565,0.0012504865018636013,0.001250187292904092,0.0012500943929194413,0.0012500567487156967,0.0012500340473386997,0.7054940378823652
10509_at,0.6824694253557655,0.00128244912700702,0.3072713297179911,0.0012823347878605869,0.0012823006243449574,0.001282476609233609,0.001282218702172625,0.0012823967213093598,0.0012827127933499097,0.001282355560965344
10510_at,0.0009434690495233462,0.0009436643394874495,0.04469527027191926,0.24322995888898066,0.0009437172951536689,0.35062956845300014,0.04100672694726704,0.0009435276466453765,0.31572056214048855,0.0009435349675345313
10512_at,0.0250012020338043,0.025000968115839836,0.025000967193211147,0.02500050302084949,0.7749916534386594,0.025001045378897028,0.025001074634931737,0.025000844054809065,0.02500071654430239,0.025001025584695573
10515_at,0.0016953920800726746,0.0016952996322509475,0.0016955872198509431,0.0016951149945417345,0.28566461930670967,0.0016952112148026302,0.0016956785435900447,0.0016951995939710055,0.6085314069130278,0.09393649050118268
10517_at,0.008335005099714025,0.008334664396347927,0.008337067928766817,0.008333666370411483,0.9249894555445541,0.008334159588030623,0.008333584640254566,0.0083336852826282,0.008335038706203226,0.008333672443088951
10518_at,0.002500668307053647,0.0025006210632431075,0.002500981059290854,0.002500151473234486,0.6100791926401797,0.0025002300908518213,0.3306333082833125,0.04178435317256411,0.002500038725991191,0.0025004551842785316
10521_at,0.003448667493211777,0.0034486202067577393,0.0034487516899412984,0.0034485427237000285,0.0034499549894460107,0.003448660175326261,0.9689599282060057,0.0034487271498175745,0.0034495400601459738,0.003448607305647752
10525_at,0.002040911944860043,0.002041198329024269,0.002041291922848857,0.002040843080439493,0.9816309766574306,0.002040835039046313,0.002041005055831761,0.002041060564791547,0.0020410525275460292,0.002040824878181155
10526_at,0.025673237554573968,0.0009175890311348931,0.15551012150175686,0.0009174791887960623,0.0009176334757966138,0.8123934846545396,0.0009176853696206458,0.0009176373072182956,0.0009176202469483898,0.0009175116696146452
10527_at,0.001351739505919092,0.6565482084221553,0.0013517367910199601,0.0013515052436435244,0.0013518895885654813,0.00135165608967995,0.0013516059199356605,0.33263858013048114,0.0013515331568467541,0.0013515451517532933
10528_at,0.0013514517644181987,0.35741874412590385,0.0013518951133546474,0.0013517323698061265,0.0013515562100286467,0.001351799293443675,0.001351512756775058,0.0013514421593369258,0.3831872106218182,0.24993265558511465
10530_at,0.04461894900543451,0.2848246463195833,0.0031253612482141425,0.003125127709045059,0.4955479349401203,0.00312518286787543,0.0031252253754473075,0.0031252684565662493,0.156257138022202,0.003125166055511696
10531_at,0.28752087474303456,0.0019231849524164143,0.0019232864974233037,0.001923238894256571,0.0019236862380347865,0.0019232985576362847,0.0019231855181044593,0.0019231639214433393,0.0019235790154684773,0.6970925016621818
10532_at,0.0019231734502661267,0.0019232846385132303,0.0019231129236164852,0.0019231889453908738,0.8309209713830186,0.001923165381417672,0.0019232027522570708,0.15369359741797847,0.0019232026069877389,0.0019231005005539085
10533_at,0.0010754336159137987,0.0010753435056948578,0.0010754315724385885,0.0010752867959794743,0.0010754726640438631,0.0010754145709871016,0.9903210022906462,0.0010754921763438472,0.0010757859980686198,0.0010753368098834857
10534_at,0.0030306527036706053,0.0030307356190173024,0.5204410124675676,0.3604750617558438,0.09786781255809887,0.003030650341764679,0.003030992330101178,0.0030308167579595913,0.003031462371775666,0.003030803094200443
10541_at,0.0012993181918011132,0.0012990425627966145,0.13080676480659464,0.0012990224289628782,0.046927117527866824,0.0012988573355241406,0.001298896694922131,0.0012988491528007767,0.32490857540136586,0.489563555897365
10542_at,0.0030309799566361874,0.0030304166617822906,0.0030306159817157204,0.5188678197464167,0.003030786230226175,0.45688711163979073,0.0030304799469064595,0.003030366583315615,0.003030601958046605,0.003030821295163424
10543_at,0.7522809650615442,0.21645554474162232,0.0007355393837611694,0.0007355302722899135,0.0007355111275373351,0.0007354038226609466,0.0007354402395976189,0.0007354529305539771,0.02611529586141135,0.0007353165590212272
10551_at,0.0011112345168306998,0.0011112699338842156,0.0011114410435405073,0.9899984034317624,0.0011113213763803867,0.001111210033162859,0.0011112023656061336,0.0011112825579275378,0.0011114496574673098,0.001111185083438078
10553_at,0.002000472405516844,0.002000691395849581,0.002000822584594248,0.40112715287475925,0.002000476047108463,0.002000513295656259,0.5828689735062355,0.002000405352321345,0.0020000953433860196,0.0020003971945725552
10555_at,0.0020834465677734967,0.002083478895095141,0.002083514259126896,0.0020833790337627827,0.002083993608587354,0.002083865606530988,0.0020835845426233884,0.9812477761583502,0.0020834127627211395,0.002083548565428573
10556_i_at,0.98749941517307,0.0013889393792821468,0.0013889599652289594,0.001388983551755787,0.001388950322159832,0.001388956979197088,0.0013889173366266891,0.0013889253322981784,0.0013889434394292802,0.0013890085209519597
10557_f_at,0.9823520032218573,0.001960862881740687,0.001960912046901973,0.0019609654172249237,0.001960872393572778,0.001960915024088718,0.001960829715374942,0.001960840656509725,0.0019608869404476037,0.00196091170228123
10558_s_at,0.98749941517307,0.0013889393792821468,0.0013889599652289594,0.001388983551755787,0.001388950322159832,0.001388956979197088,0.0013889173366266891,0.0013889253322981784,0.0013889434394292802,0.0013890085209519597
10559_at,0.04778755978210341,0.0015153747554019282,0.0015154006548086436,0.9400898315763074,0.0015152799284798074,0.0015153483515823007,0.001515271656194396,0.001515278482773722,0.001515236413710962,0.0015154183986376157
10561_at,0.7648623463527102,0.0020409735737979364,0.002041014678655455,0.002040961720231563,0.002040905807099042,0.07791579873382853,0.14293477715226813,0.0020409354735917793,0.002040906878470687,0.00204137962934667
10563_at,0.0016134525160531388,0.3473997187927704,0.0016132464512774313,0.001613040751317266,0.00161310647643545,0.0016130075885835596,0.09660330600520081,0.0016135973111052395,0.5447045368161167,0.0016129872911400903
10564_at,0.13429867788963865,0.0009526857974861115,0.0009525949294941158,0.0009524497333732997,0.0009525138304961295,0.2623885138786016,0.17790556631227175,0.419691990546193,0.0009524750038594215,0.0009525320785858321
10566_at,0.001299051212672675,0.001299096703960929,0.0012990234801493208,0.0012990191449112156,0.38787278723389906,0.0012990931219991006,0.001298947945708186,0.601735160585145,0.001298985787582339,0.001298834783972204
10567_at,0.009091134025399801,0.009092160153028269,0.19983640274030937,0.00909108662297005,0.7274314871578176,0.009091570238299406,0.009092661392044225,0.009091499582104185,0.009090993295700466,0.009091004792326723
10568_at,0.0071430734903271485,0.0071429967402520615,0.0071430043737115,0.007142902799092599,0.7373687819393699,0.007143025964762208,0.20548580266121297,0.007144272115877647,0.007143135432757361,0.007143004482636403
10569_at,0.6249052543826604,0.002941224847113051,0.0029413222518203585,0.002941223329327709,0.0029414913003184195,0.07084624633721105,0.2836592164969948,0.0029413331113092105,0.002941258514353691,0.0029414294288911567
10572_at,0.0016949675157120207,0.0016951799865173535,0.001695149817140107,0.0016949921026418531,0.0016951133650045045,0.0016949747327566675,0.9847441058945434,0.001695067096314617,0.0016955052575224998,0.0016949442318470083
10576_at,0.028775331018476607,0.0016952626691251395,0.0016954150784888795,0.0016952320648271344,0.532704021260889,0.0016953291062933287,0.023893160093530617,0.40445550593437285,0.001695332647949077,0.0016954101260474566
10577_at,0.0010312077560633596,0.0010312589759931146,0.0949542075873722,0.001031103689440034,0.03961372255524296,0.0010313038639189333,0.0010310274691290287,0.8582131976625567,0.001031174018384394,0.0010317964218993572
10581_at,0.00178592345459805,0.0017861046745779314,0.0017860599196155018,0.001785918280407397,0.3085461684056991,0.0017858043235229994,0.3223876244019082,0.35656479969161914,0.0017858689679478572,0.001785727880103742
10583_at,0.0014085123896534564,0.5340320675520219,0.0014086884746576176,0.0014085628173930275,0.0014085598349493646,0.0014085519821055348,0.0014086155661834521,0.0014085375367702871,0.4546993583382306,0.0014085455080347445
10584_at,0.004545941619223651,0.004545853988696655,0.29830166404401676,0.05464033193173636,0.6152368392458204,0.004546272157099615,0.004545700915463083,0.0045457728817513456,0.004545901728318716,0.004545721487873362
10586_at,0.2198148586325377,0.0013335033306043505,0.04989355268157213,0.001333410919578128,0.11528694086319567,0.0013336147622862596,0.0013335599192338295,0.0013336893188678018,0.0013334330186471188,0.607003436553477
10587_at,0.0013892765236450419,0.001389185371464828,0.001389382585046964,0.5580194140531862,0.34648846247013837,0.001389194261316019,0.026412347303676198,0.0013894248738881498,0.0013890958126415254,0.06074421674499674
10591_at,0.0007195500355342306,0.0007194524933329012,0.7266585367980413,0.0007194746247099999,0.0007195261164064518,0.0007194737907203266,0.1467408361626554,0.12156413706250586,0.0007195324823270807,0.0007194804337665536
10592_at,0.0006944882171775655,0.0006945525871466336,0.07006027806584086,0.8548602658175644,0.0006945935047647724,0.018868037340011218,0.0006945653568719583,0.0006945741394033256,0.05204413902167987,0.0006945059495395368
10593_at,0.001786324193402598,0.0017858221200477181,0.08315239482712211,0.0017858342091222354,0.0017861875192426522,0.0017859138993535236,0.0017858366927213708,0.001786053682882982,0.0017857590679805258,0.9025598737881243
10598_at,0.4236529070410079,0.0014287378234190758,0.08701660035122105,0.0014286742126660707,0.0014290168317344493,0.001428958058824899,0.0014287206188896302,0.0014287259363750288,0.0014287597888985094,0.4793288993369635
10601_at,0.001818475760947749,0.06693509149357589,0.0018183363497066294,0.0018182468252165669,0.394191426169261,0.001818550621489818,0.001818433201578922,0.5070176392412037,0.0018182340113888612,0.02094556632563096
10602_at,0.005883929904075208,0.005883149395774809,0.18515464839716844,0.08390839287066809,0.6897529966351285,0.005883574741556738,0.0058831245659031525,0.0058830381664895055,0.005884195458332118,0.005882949864903308
10606_at,0.0020001257867204754,0.14357855214420853,0.0020006146026456976,0.0020000469875902137,0.8084397294077815,0.002000101322648365,0.03397951155027383,0.002000375326570739,0.0020003903787956375,0.0020005524927649977
10607_at,0.001136536864251883,0.1634843333406727,0.302470866626306,0.4864041775503085,0.001136525337691793,0.04082123954477147,0.001136700538121294,0.0011364532804172905,0.00113664388270427,0.0011365230347547529
10608_at,0.1574171556837368,0.005555692428804084,0.005557222796113024,0.005555618846766169,0.7250241883573306,0.0055595711769739695,0.07866086514662814,0.0055564771789932315,0.005556857638803254,0.0055563507458509685
10610_at,0.0019236875314730152,0.0019232775539029616,0.0019232986782263873,0.001923189241185857,0.0547250946018125,0.9298880039465518,0.0019233789760605563,0.0019236636939125827,0.0019232486178048572,0.001923157159069345
10612_at,0.001852805154083297,0.0018524661268696297,0.0018527135748402134,0.0018521628662918573,0.0018524052920207564,0.0018522363110239192,0.9833281728563129,0.0018523091249082059,0.0018524134612029563,0.0018523152324462675
10617_at,0.002128026771206749,0.32863139765475147,0.0989260676402728,0.0021280502573125127,0.1547243646096683,0.0021279050973369512,0.0021280360193819993,0.002128451072411268,0.40494997429346297,0.0021277265841949857
10620_at,0.0014287460445196022,0.2602959948745911,0.0014290647537690342,0.706295360902686,0.001428951848113861,0.0014290311302026907,0.02340634855689811,0.0014287843303547587,0.0014287089323717394,0.0014290086264931868
10622_at,0.0250012020338043,0.025000968115839836,0.025000967193211147,0.02500050302084949,0.7749916534386594,0.025001045378897028,0.025001074634931737,0.025000844054809065,0.02500071654430239,0.025001025584695573
10623_at,0.001408561138518458,0.001408643413124,0.0014087570665971922,0.0014085492942511896,0.001408615290337689,0.0014085189869292491,0.6798502312493857,0.0014086166837417155,0.3088809153120557,0.0014085915650590788
10625_at,0.0030306910579279275,0.0030310092214293413,0.0030313001030806246,0.0030305957079802387,0.6922513199421736,0.003030643180950607,0.1800928707582261,0.0030307683088845114,0.10644032386446205,0.0030304778548850483
10629_at,0.0010638970731007156,0.49068115114462174,0.04851319897661598,0.001063971075737397,0.0010640015226269846,0.0010639163547495937,0.1706108292215824,0.0010639134461920723,0.28381126333931683,0.0010638578454563394
10631_at,0.08587425930969492,0.0018519244669920312,0.0018519473457645212,0.0018518887082929706,0.554914805070273,0.001851943438176599,0.0018520222165018209,0.34624738625592205,0.0018518741821562572,0.0018519490062257307
10632_at,0.001818291177932864,0.0018183549411975237,0.001818330780779986,0.0018183159694820756,0.0018187122063751918,0.0018182819147360913,0.0018183877681946148,0.9836345921839125,0.0018184748670219664,0.0018182581903672087
10638_at,0.1094326516117807,0.0009524837566688088,0.0009526192842520744,0.6717211044091963,0.0009524644644274228,0.21217851170899682,0.0009527286120445251,0.0009524420838972629,0.0009524582797365973,0.0009525357889994719
10639_at,0.025186771829680717,0.03787910636037317,0.46999077984252824,0.18289531806840745,0.0004879456907540397,0.17433890406036529,0.0004879134764946633,0.0949097057702737,0.0004878587260448058,0.013335696175077905
10640_at,0.3140001622456784,0.002128124907163113,0.21344127119071812,0.0021278888702051238,0.17244268536328677,0.08831109231264996,0.20116511969698286,0.002127880659972355,0.0021280352134856683,0.0021277395398576504
10641_at,0.0014287546367664167,0.0014287627033975786,0.0014287355109384274,0.0014306887407846364,0.0014287633708519223,0.0014287041993208936,0.9871393474685631,0.0014286883071628162,0.0014289528663374888,0.0014286021958766716
10643_at,0.002041096108063864,0.0020412931765123555,0.3900837822790231,0.002041160803632798,0.002041237289334024,0.0020411863126944805,0.5935870227922402,0.002040984243607731,0.0020411418483555653,0.002041095146536025
10645_at,0.0007408752243414085,0.0007411217695901512,0.0007410653084675033,0.0007409453337994452,0.0007408857077159977,0.9933319082053967,0.0007407866485695528,0.0007408052359464344,0.0007408285618636573,0.0007407780043091333
10646_at,0.004000891617642543,0.004000924418512218,0.004000884698069091,0.004000476090833118,0.6484052064540029,0.004000210598589032,0.31959003822581233,0.004000385162045774,0.004000298774204847,0.004000683960287949
10647_at,0.0007694532025753298,0.7257262678553106,0.0007693203913231305,0.0007693431934543534,0.0007693695337296371,0.0007697173079020548,0.0007693004576355032,0.2681185744825555,0.0007693316314338882,0.0007693219440801876
10648_at,0.003333999863826241,0.003333950387079382,0.2497829062547639,0.003334174251514167,0.560224411887199,0.003333919538073892,0.0033337230792512317,0.16665517624531398,0.003333864936025157,0.0033338735569529805
10652_at,0.0021745137409103533,0.0021740288410880097,0.0021742110461994606,0.0021740648794999298,0.0021741327511799234,0.0021740362244667077,0.9804318632915819,0.00217416512723118,0.002174468923232721,0.0021745151746097795
10654_at,0.0011905593369898654,0.0011906877773815176,0.001190737985738431,0.0011905416579070245,0.0011905872844567803,0.001190840045171435,0.989284185786623,0.0011905280516137662,0.0011907120533658517,0.001190620020752243
10656_at,0.29320129648137616,0.0020414507482831986,0.034881188392801354,0.002040898554107942,0.0020412437014648123,0.002040958133418312,0.002040943423995377,0.002041225153670648,0.0020408871794192498,0.657629908231463
10657_at,0.0250012020338043,0.025000968115839836,0.025000967193211147,0.02500050302084949,0.7749916534386594,0.025001045378897028,0.025001074634931737,0.025000844054809065,0.02500071654430239,0.025001025584695573
10658_at,0.984743887589157,0.00169515323511249,0.0016951987821409893,0.0016951192302946023,0.00169498973291059,0.0016951922874752245,0.0016953429183618623,0.0016950285698576907,0.001695074847441888,0.001695012807247736
10659_at,0.984743887589157,0.00169515323511249,0.0016951987821409893,0.0016951192302946023,0.00169498973291059,0.0016951922874752245,0.0016953429183618623,0.0016950285698576907,0.001695074847441888,0.001695012807247736
10662_at,0.0015153101714714624,0.0015153545392793347,0.0015157073562231077,0.0015153913251598017,0.0015152201314643943,0.0015153059404564432,0.0015152689665806354,0.0015152226343610059,0.4300454416969582,0.5578317772380457
10670_at,0.0012348645956260346,0.3795874025137849,0.16235166227835757,0.0012350008839052341,0.0012346633839991404,0.0012347146615268917,0.09189376382064217,0.001234776087705167,0.3587582407282609,0.0012349110461919177
10671_at,0.0006993732808475546,0.4304470427516565,0.0006995469724264155,0.0006994898925893515,0.000699409168852313,0.0006994199215115862,0.021990544022860523,0.0006993774794093253,0.32510991119879046,0.21825588531105597
10675_at,0.0009095024317545933,0.0009091942710955955,0.0009092252605566245,0.931142440050898,0.0009094989882359987,0.042713916770128826,0.019778471921207644,0.0009093381707711743,0.0009091397848243911,0.0009092723505272458
10676_at,0.0009261682077315237,0.43355688906683887,0.39732867725145704,0.0009261806269652456,0.0009260211623559441,0.16263193634713966,0.0009260072292762673,0.0009260240907402093,0.0009260617698763451,0.0009260342476189543
10677_at,0.004000290136822174,0.004001247595710936,0.004001179150153499,0.004000298605118007,0.3139634974812591,0.004000470990736717,0.6540295437530642,0.004001337168009863,0.00400184664363421,0.004000288475491266
10678_at,0.001428760262170668,0.0014287909356193208,0.0014287503540376975,0.0014286288802147708,0.0014287745301756656,0.0014286295226061893,0.4705085776075432,0.0014286900889182404,0.5180617518534414,0.0014286459652728897
10679_at,0.004762899528776857,0.004763509812545138,0.004763506460142139,0.004762405704387925,0.5597150426563783,0.20040580298802563,0.004763612055351268,0.20653798789753797,0.004762739782521764,0.004762493114332763
10681_at,0.0016394838706461853,0.001639573069926549,0.5012819219712009,0.10707895075241249,0.0016395417584013972,0.0016395424397724898,0.040331183119895274,0.34147066694299893,0.001639749271824608,0.0016393868029211816
10683_at,0.001098994577764408,0.9901088899395066,0.0010991904636994771,0.0010989604339069643,0.0010990524779083024,0.0010990224413656342,0.0010989477960570676,0.0010989440868139607,0.0010990569529593622,0.0010989408300181402
10684_at,0.002222272716234756,0.002222411362245756,0.28711333088330776,0.0022222532957097644,0.6951073934442861,0.00222227008282031,0.002222441996141094,0.002222662812136361,0.0022225468396460434,0.002222416567472181
10685_at,0.03750221692055793,0.0011904961646768345,0.001190540473132524,0.0011904909913023334,0.0011905225817677486,0.0011905624614757299,0.0011905167338570376,0.0011905015099019929,0.0011904903179907592,0.9529736618453372
10689_at,0.0511803590022207,0.001887141184403056,0.0018869672895961522,0.0018870472879346806,0.8574414405127598,0.0018871988922031162,0.0018871349397777538,0.0018871419005046634,0.055862011345172734,0.02419355764542726
10690_at,0.002631781011176521,0.0026320548837615453,0.17158446583556072,0.002631746682405519,0.0026321151066954975,0.8073599533347946,0.0026319360199536833,0.0026317452925006053,0.002632133487523283,0.0026320683456279538
10691_at,0.0016142517309519775,0.001613013814407458,0.07964159184029983,0.0016129303411624935,0.5360865818777488,0.0016129684743671532,0.3729793405823167,0.0016131998780951008,0.0016131141039695742,0.0016130073566808293
10694_at,0.0015151874604258189,0.0015153584927400788,0.35417669297759813,0.0015153386877529195,0.0015153062226812256,0.001515338924599889,0.6336997414808838,0.0015153894647381057,0.001515399733609111,0.001516246554971007
10695_at,0.00333402146152135,0.0033340884982156625,0.003333922853294555,0.003333809644324825,0.6310902027399077,0.0033336256052067855,0.2946738360455611,0.0033343473679765816,0.05089840637964053,0.003333739404351014
10700_at,0.0034497338046942045,0.0034505427224172597,0.38644288709524727,0.00344901928162766,0.3835789075617703,0.0034495491476485064,0.00344878746772845,0.003448598700166347,0.20583296525383762,0.003449008964862447
10701_at,0.0014928344715013535,0.19627363161614306,0.09216618156295843,0.001492878283826162,0.0266667106363506,0.0014926481921773932,0.0014928565639309274,0.13139810538249894,0.5460315688678508,0.0014925844227623296
10704_at,0.0016668673208642317,0.0016668332428202482,0.0016675508946879633,0.0016668197539187006,0.0016671479428088999,0.0016670593810205973,0.0016668050348487575,0.9849973288890446,0.0016668111192845723,0.001666776420701627
10705_g_at,0.0016668673208642317,0.0016668332428202482,0.0016675508946879633,0.0016668197539187006,0.0016671479428088999,0.0016670593810205973,0.0016668050348487575,0.9849973288890446,0.0016668111192845723,0.001666776420701627
10706_at,0.0250012020338043,0.025000968115839836,0.025000967193211147,0.02500050302084949,0.7749916534386594,0.025001045378897028,0.025001074634931737,0.025000844054809065,0.02500071654430239,0.025001025584695573
10708_at,0.007693926275544911,0.00769293939260572,0.0076925538017816614,0.0076926303548733345,0.9307641451438002,0.007692482238234573,0.007692951093666441,0.007692854890112118,0.007692944562068852,0.007692572247312112
10709_at,0.0013158174554168429,0.0013158157522118491,0.001315851677463703,0.0013158198832367094,0.0013159233755445452,0.0013158128435011326,0.30819930530251555,0.6812739849390052,0.0013158519943185707,0.0013158167767858585
10712_at,0.0016952915530941864,0.0016954040688156983,0.4242147230578067,0.12514887475649006,0.0016951703885128941,0.4387701882140191,0.0016951415106381915,0.001695093886120048,0.0016950997127571186,0.0016950128517459972
10713_at,0.0010310353851895671,0.8395414971622185,0.0010310414202390598,0.15221046565471938,0.00103102843991373,0.0010309841785301462,0.001030971207640686,0.0010309916955109578,0.0010310317034102148,0.001030953152627633
10714_at,0.05775171308449533,0.8783311924160795,0.0027032961546395846,0.0027037317811477966,0.04499460428162565,0.002703454111600831,0.002702934977731401,0.002703031618606115,0.002703127429596119,0.0027029141444777373
10715_at,0.002174377059988227,0.002174153532765937,0.470713743142958,0.17782617467674883,0.14405015965909215,0.0021740885277872933,0.19436458443599097,0.00217445128233601,0.0021742978772541647,0.002173969805078658
10717_at,0.8077135009096681,0.0013160881916685955,0.0013162518944796248,0.0013163700539094107,0.0013159547274005882,0.0013159020762425371,0.001315984734422216,0.0013160858912515947,0.0013161627279830298,0.18175769879297443
10718_at,0.40151669448401794,0.002127921444890256,0.0021278097827395264,0.002127701744272002,0.06102473198248435,0.053476981066457714,0.17799117635699732,0.0021278410173976377,0.002128080446751904,0.29535106167399133
10722_at,0.001639690878945314,0.0016396249587396026,0.3630098260833038,0.02540395580101611,0.1959111219133365,0.0016394960933341712,0.001640187785436329,0.001639449137039715,0.4058371830509232,0.0016394642979251888
10723_at,0.0016949708455843574,0.0016951010974311721,0.00169513247146433,0.0016950249382491657,0.12019167859029885,0.0016949872255214767,0.866247902753287,0.0016951792658481532,0.0016950702409409288,0.0016949525713748541
10724_at,0.0014707703567313972,0.0805484619766661,0.32185427136121214,0.0014710972787039072,0.0014709978190464725,0.2923337100153714,0.0014707886522858172,0.0014707751984349394,0.2517368945690842,0.04617223277246372
10725_at,0.0008626374153061893,0.0008622116515379089,0.0008622780745306274,0.0008627049590233715,0.0008621641674847295,0.0008622472066121724,0.9922392048309155,0.0008622048838599908,0.0008621843240596502,0.0008621624866696724
10726_at,0.0250012020338043,0.025000968115839836,0.025000967193211147,0.02500050302084949,0.7749916534386594,0.025001045378897028,0.025001074634931737,0.025000844054809065,0.02500071654430239,0.025001025584695573
10729_at,0.0015877335364678793,0.0015874220309656467,0.0015874569885726778,0.5418165536785278,0.0015873934385617773,0.44548363289070725,0.001587386017255364,0.0015873751101180308,0.001587536742772499,0.0015875095660510834
10730_at,0.2734982886218279,0.0014290165314315875,0.2574396510596414,0.001428779795438462,0.001428911246637505,0.0014288238905204032,0.0014288404242270279,0.2895615227136339,0.0014287897726136052,0.17092737594402824
10731_at,0.08049106438301169,0.08193524861692135,0.1603939342438174,0.07098758144293732,0.5173993891327787,0.002703299582224203,0.07798044433988885,0.0027029615724417366,0.0027030957519998226,0.00270298093397886
10732_at,0.0008851243575011483,0.0008850660292222162,0.0008850338032157664,0.0008856175897266937,0.0008851083423364808,0.0008850687699339068,0.9920338090091732,0.0008851436532211139,0.0008850112548669404,0.0008850171908025823
10733_at,0.0018868487533475137,0.001886913238954602,0.14967924823995982,0.001886820870195061,0.7672205993512439,0.001886821700343074,0.06989173087667445,0.0018871109235002689,0.001887017025289665,0.001886889020491693
10735_at,0.6770724205797439,0.0034483405577529613,0.0034484253310227138,0.0034483098532233727,0.0034484039480493418,0.08659054042927979,0.21219829078234398,0.0034483414252585677,0.0034483624181125545,0.00344856467521258
10736_at,0.0016668089812789232,0.0016667924677084953,0.030920870482777876,0.0016668535591327941,0.0016669831123934046,0.0016669933931342722,0.8948018152413579,0.0626093105377139,0.0016667809909217534,0.0016667912335806862
10737_at,0.13882765132631547,0.3379757514505081,0.0011366556893235237,0.001136490108486147,0.0011367921141569445,0.001136607185402467,0.0011365691031331947,0.0011367102397118506,0.5152402410459948,0.001136531736967448
10738_i_at,0.9839255113545712,0.0017861990213203249,0.0017863122327450149,0.0017863684345231713,0.0017858884533113065,0.0017861948135459143,0.0017857729705005653,0.0017858108038654728,0.0017861074060751417,0.0017858345095418924
10746_at,0.052045431547904863,0.001282321758626041,0.0012825595993028903,0.0012822389409652562,0.0012822636066607284,0.937696019702763,0.001282159081590199,0.0012825090441458643,0.0012823097626253536,0.0012821869554159912
10747_at,0.08889467050645083,0.0017545492923712353,0.15682738519814457,0.0017545157740371544,0.0017549179722590677,0.24628076889205486,0.0017545214331408994,0.0017546062393482102,0.0017549107745345903,0.4974691539176586
10748_at,0.0017244536644661019,0.850043433548688,0.13616110691711655,0.0017242663048353747,0.0017250885956813103,0.0017243818552793403,0.0017242509382357303,0.001724373478961881,0.0017243634529548954,0.0017242812437806313
10749_at,0.7538183836547193,0.00172454226939551,0.0017246618873507844,0.0017246768417380478,0.0017243241048044838,0.08284997484039722,0.1512604727299177,0.001724219684435672,0.0017244767589731313,0.0017242672282682698
10750_at,0.0250012020338043,0.025000968115839836,0.025000967193211147,0.02500050302084949,0.7749916534386594,0.025001045378897028,0.025001074634931737,0.025000844054809065,0.02500071654430239,0.025001025584695573
10751_at,0.0021742751755077596,0.9187904509559496,0.0021742879917829366,0.0021740409707873727,0.06381643661874738,0.0021740301703011677,0.0021740540093095903,0.002174061258689862,0.0021743802641952066,0.002173982584729238
10752_at,0.6346620444533465,0.002777826111986156,0.0027779145302777,0.002777813789867826,0.0027780677155646804,0.0685336904630156,0.2773588240580664,0.0027779182387655484,0.0027778464661917714,0.002778054172917709
10753_at,0.0010104332751690996,0.9909076489321079,0.0010102544900518285,0.0010101681064111755,0.0010102212607789967,0.0010102339117315313,0.0010104447724515269,0.001010160661010737,0.001010203825930401,0.0010102307643568554
10754_at,0.001351367407216048,0.0013515254116133804,0.017091065388531602,0.0013513576510461281,0.7970376818501034,0.0013513662244735273,0.0013514828185541242,0.1764110956350673,0.0013516820099813455,0.0013513756034130428
10755_at,0.08479061986073404,0.19407313035764132,0.001960968402468097,0.0019609699045328465,0.5542471260343178,0.001961226722210586,0.02756654823611896,0.12951753078699244,0.0019609363714624723,0.001960943323521651
10756_at,0.07454638773752696,0.18710551406661038,0.0022729540633401094,0.002273053192332568,0.7224367980602778,0.0022734248616886514,0.002272964572254156,0.002272959013286533,0.0022729715905620224,0.0022729728421206742
10757_at,0.006666869693032261,0.006666852151447707,0.00666683288759859,0.006666713293251707,0.5821153756647035,0.0066668392713954226,0.3645499294669154,0.006666822007276209,0.006666971689591252,0.006666793874788039
10758_at,0.00200032489376437,0.981998415115315,0.0020002125697962435,0.002000101397006358,0.0020002648457833395,0.0020001261015027407,0.002000121591146703,0.00200011278420305,0.002000225970031795,0.002000094731450362
10761_at,0.0015626894076192534,0.0015627460543562064,0.2333885673477274,0.0015627209431895298,0.001562779753651717,0.35975788716643453,0.0719660444366979,0.1573769534290778,0.09373077632996948,0.07752883513127624
10762_at,0.24051907652232468,0.3466429431644432,0.40311381373639404,0.0013892372392660755,0.0013890080683676411,0.0013893996810272159,0.0013890062669843271,0.0013890300179961994,0.0013894861512918578,0.0013889991519047348
10763_at,0.054557077595844286,0.7468432466488119,0.000649433332446456,0.0006494755807589157,0.0006494524526570391,0.0006494726054895809,0.000649534111830582,0.1940531040805014,0.0006494029239273531,0.0006498006677325644
10765_at,0.0012821220868297243,0.0012822754114085342,0.4501258545570749,0.0012821132546450495,0.0012822994825987895,0.001282322745572414,0.5396164281801332,0.001282311616815276,0.0012821757513932378,0.001282096913528921
10766_at,0.0013889344282859899,0.001389183406292506,0.001388996276568491,0.0013889249685051068,0.062163504932027006,0.0013890126220524855,0.07766447498045831,0.8504487683443323,0.001389224411723868,0.0013889756297539007
10767_at,0.0009629963076005375,0.0009617936960963972,0.0009617588910213263,0.0009616127970279114,0.0009617155722777018,0.0009617599410918141,0.9913422043786312,0.0009620869033452254,0.0009617100881086799,0.0009623614247993229
10768_at,0.0861154246021281,0.002127835452648897,0.002128146061400873,0.002127772497890811,0.0021278999585513797,0.002127775366129196,0.267975795604587,0.002127901523273622,0.6310136996487105,0.002127749284679712
10769_at,0.001298893090993239,0.7144161753508048,0.0012989719841510219,0.0012989449619117152,0.0012989742028729863,0.2751927689010195,0.0012987950144598551,0.0012987876249104262,0.0012988497659037462,0.0012988391029726246
10770_at,0.0018520385645593163,0.0018523600184115919,0.0018520104716613257,0.0018520136175133484,0.0018522471919461545,0.0018527798134480473,0.9833293737491708,0.001852387330508356,0.001852690958257484,0.0018520982845234516
10771_at,0.34759486409941526,0.002778400902903643,0.0027787866368903583,0.002778120194432077,0.002778639940726269,0.0027787218776061536,0.0027783498692739972,0.3920710383978525,0.24088456678503364,0.0027785112958659255
10774_at,0.0016395715305949788,0.9219252387203364,0.0016394696797932466,0.06495864365031212,0.0016395683625632662,0.0016395450311264728,0.001639467166934221,0.0016395189849787231,0.0016395116182933757,0.0016394652550672198
10775_at,0.0008547394374655128,0.0008547856527342598,0.2064781673173864,0.0008547468368601617,0.0008547902697768505,0.0008547899670034165,0.4656901431128633,0.3218482985605762,0.0008548031641205827,0.0008547356812133547
10776_at,0.08384284137298954,0.0021742425615690632,0.00217454214068113,0.0021741984489576914,0.19749277989955563,0.002174040547318301,0.6018655788104802,0.10375360277601257,0.0021741205386173485,0.002174052903818576
10778_at,0.0005435255106813562,0.09468669327324071,0.0005435310979910595,0.8446651636564118,0.0005435419970098862,0.05019389886161855,0.0005435143769954799,0.0005435105692411583,0.000543567186555023,0.007193053470254987
10781_at,0.0007693313014347006,0.0007693181627040026,0.041977493109093704,0.0007692590639381893,0.0007693900431880339,0.0007692903746733228,0.9518678707967579,0.0007692727931662332,0.0007694907931252187,0.0007692835619186164
10789_f_at,0.005000123374753224,0.005000301641848931,0.005000602985103513,0.005000235666926684,0.9549977063388714,0.005000078206323395,0.005000193823073976,0.0050002996751160505,0.005000347363665172,0.005000110924317427
10791_at,0.0016396192649538064,0.0016394358992101728,0.0016394584894729107,0.0016393891223519983,0.00163970287738717,0.0016394177512353528,0.0016395329259488037,0.9852444985784203,0.0016395076794510736,0.0016394374115682475
10794_at,0.0313933812236585,0.0025648375871873737,0.002565050131087166,0.002564326017151537,0.0025646938858238104,0.0025645299735736152,0.00256487876985887,0.002564668855282967,0.948089190994788,0.002564442561588253
10795_at,0.0011766018783641236,0.0011766085016760967,0.0011769827307296784,0.016598702602639223,0.0011767482553055079,0.0011773389051838435,0.047417813977714385,0.9277459914660309,0.0011766265766158096,0.0011765851057404884
10796_at,0.001724272110697219,0.001724282031712066,0.0017242829404696064,0.001724159668060127,0.0017243976578738243,0.0017241925199727997,0.2566996512449937,0.001724655865807279,0.7295059375955373,0.0017241683648761082
10799_at,0.001587395915772391,0.21486759650865053,0.6562296460002603,0.0015876650760557214,0.0015877275086557965,0.11778949563313679,0.001587498398388152,0.0015876021479929458,0.001587487569268392,0.0015878852418189295
10800_at,0.001136407883616591,0.0011366002044501894,0.11150446120862136,0.0011364431360414737,0.5070847052943247,0.0011366151258813421,0.07295737319292482,0.30163375484621896,0.0011369380148537037,0.0011367010930668302
10802_at,0.002175963293716264,0.002174563866276777,0.8491432379504986,0.13345978597776384,0.00217431380013492,0.0021741904446021267,0.0021741406794879496,0.0021741864496630653,0.002174497808364268,0.00217511972949217
10807_at,0.025000000007765748,0.025000460017400444,0.02500000000596494,0.7749980066153197,0.02500005038528173,0.02500027483828685,0.025000000005155832,0.025000099532957214,0.025000000005413282,0.025001108586454164
10811_at,0.025000000007765748,0.025000460017400444,0.02500000000596494,0.7749980066153197,0.02500005038528173,0.02500027483828685,0.025000000005155832,0.025000099532957214,0.025000000005413282,0.025001108586454164
10813_s_at,0.025000000007765748,0.025000460017400444,0.02500000000596494,0.7749980066153197,0.02500005038528173,0.02500027483828685,0.025000000005155832,0.025000099532957214,0.025000000005413282,0.025001108586454164
10814_s_at,0.008333432457362155,0.008333936864248036,0.008334394580826396,0.3467644198751349,0.2948726481866096,0.1980046905874796,0.11035292751858916,0.00833575847957595,0.008334298970585548,0.008333492479588839
10819_at,0.025000000007765748,0.025000460017400444,0.02500000000596494,0.7749980066153197,0.02500005038528173,0.02500027483828685,0.025000000005155832,0.025000099532957214,0.025000000005413282,0.025001108586454164
10821_g_at,0.025000000007747852,0.025000460057334875,0.025000000005951546,0.7749970477695177,0.025000000005495245,0.025001978556704156,0.025000152300868186,0.025000361271969564,0.025000000014794344,0.025000000009616517
10825_at,0.025000000007765748,0.025000460017400444,0.02500000000596494,0.7749980066153197,0.02500005038528173,0.02500027483828685,0.025000000005155832,0.025000099532957214,0.025000000005413282,0.025001108586454164
10827_s_at,0.025000000007765748,0.025000460017400444,0.02500000000596494,0.7749980066153197,0.02500005038528173,0.02500027483828685,0.025000000005155832,0.025000099532957214,0.025000000005413282,0.025001108586454164
10832_s_at,0.025000000007765748,0.025000460017400444,0.02500000000596494,0.7749980066153197,0.02500005038528173,0.02500027483828685,0.025000000005155832,0.025000099532957214,0.025000000005413282,0.025001108586454164
10839_at,0.025000000007765748,0.025000460017400444,0.02500000000596494,0.7749980066153197,0.02500005038528173,0.02500027483828685,0.025000000005155832,0.025000099532957214,0.025000000005413282,0.025001108586454164
10843_at,0.025000000007765748,0.025000460017400444,0.02500000000596494,0.7749980066153197,0.02500005038528173,0.02500027483828685,0.025000000005155832,0.025000099532957214,0.025000000005413282,0.025001108586454164
10849_at,0.025000000007747852,0.025000460057334875,0.025000000005951546,0.7749970477695177,0.025000000005495245,0.025001978556704156,0.025000152300868186,0.025000361271969564,0.025000000014794344,0.025000000009616517
10850_at,0.025000000007765748,0.025000460017400444,0.02500000000596494,0.7749980066153197,0.02500005038528173,0.02500027483828685,0.025000000005155832,0.025000099532957214,0.025000000005413282,0.025001108586454164
10851_at,0.004000475228742046,0.0040004401405649165,0.0040009630375694456,0.004000334447275558,0.5353086898305421,0.004000259657409689,0.26727624890635493,0.00400020922528732,0.16941230083097428,0.004000078695279833
10853_at,0.0033334330938197603,0.0033336827679910194,0.003333623555478192,0.003333590678770894,0.9699979682800376,0.003333453621831645,0.0033337847781672526,0.003333657741743977,0.0033334350911783267,0.003333370390981317
10854_at,0.001587386394827612,0.001587364870445867,0.001587366819548201,0.0015873986345322736,0.0015875702195614781,0.0015873380333455926,0.0015874209616344621,0.9857133796743761,0.001587440559702727,0.001587333832025647
10856_at,0.006667708497960348,0.006667496251836182,0.006668504031809493,0.006666874289049865,0.9399939183050742,0.006667181701384357,0.0066668233398491225,0.006666886077954262,0.006667729430799791,0.006666878074282305
10857_at,0.002564307845903635,0.0025644931656443213,0.0025644628885196728,0.0025642606227550824,0.30008295299376625,0.0025642615304864785,0.32179198646157464,0.002564478889828072,0.360174453972701,0.0025643416288208256
10858_s_at,0.0014494743096646033,0.0014494690153936862,0.001449686492229539,0.0014494285664740179,0.9869540289090886,0.001449467032609874,0.0014494468679905697,0.0014493807752108214,0.0014495799612265986,0.0014500380701118292
10860_s_at,0.0009009401007103372,0.0009009895315988527,0.0009009421484929107,0.000900949071503064,0.21673521433727433,0.0009009335092937445,0.0009009732528517257,0.7760571662304729,0.0009009648208165713,0.0009009269969855947
10862_s_at,0.0010417620361808106,0.0010417236910693279,0.0010417510008917798,0.0010417866817505285,0.12827484257613106,0.0010417969836719963,0.001041751917747395,0.8633910266857401,0.0010418550254480995,0.00104170340136896
10867_s_at,0.0014287144215774006,0.9070176734154852,0.001428835808807993,0.0014286236524130938,0.0014287588093209148,0.08155254217242121,0.0014286462421105785,0.0014288771710594104,0.0014286387645523234,0.0014286895422519553
10868_at,0.003333368755780096,0.00333342623858554,0.003333372705995242,0.10383096293557134,0.1915442917453798,0.0033334132608641635,0.6812901687357197,0.0033339102709391537,0.003333569914170751,0.003333515436994332
10874_at,0.0454965177725449,0.0018870506585625393,0.001886884905112264,0.10452121113483895,0.001887132819842789,0.0018870730710058307,0.8367732584594865,0.0018872050908751517,0.001886796999830164,0.001886869087900876
10880_at,0.0019611006020742133,0.0019610100796095932,0.5429895823265536,0.001960976084930438,0.001961324336098092,0.001961100084867481,0.00196141957222383,0.44132133563885934,0.001961135070308936,0.001961016204474458
10881_at,0.0029414256000125246,0.002941865036690794,0.0029416643119000874,0.002941491549440627,0.17064336241084557,0.002941570793362534,0.0029417095143679205,0.10529212182071303,0.7034732950327297,0.0029414939299372673
10884_at,0.002857642074490401,0.0028579288140155226,0.1457849434657049,0.002857894267572712,0.1543393323540523,0.6798718257862877,0.0028573462121172202,0.002857287717212114,0.002857457674262089,0.002858341634285007
10885_at,0.0012051278934490366,0.0012050285180022853,0.00120527109924628,0.04007169364966145,0.04385486163850584,0.001204941828896125,0.523676773142652,0.047840423356890205,0.3385308713354396,0.0012050075372571183
10890_at,0.00357213324927084,0.14037201874250413,0.17629223141121808,0.003571602232959385,0.46583774190535765,0.003571722510131885,0.0035717270653149204,0.003571852575541393,0.19606731500981653,0.0035716552978850937
10891_at,0.00119073266897219,0.001191121610974456,0.0011907811822449027,0.001190866993006176,0.9699624353814957,0.0011910051602638673,0.02051086537081757,0.0011907519431920306,0.0011908192763781071,0.0011906204126552434
10893_s_at,0.8819561398953613,0.0011905650160120298,0.0011906312923325847,0.0011905563102964525,0.001190636147038517,0.0011905684446885277,0.0011905384907317145,0.0011905782335322162,0.0011905569776383892,0.10851922919236835
10895_at,0.0019613416397335575,0.0019613279320872434,0.08544498465811277,0.7054229613591414,0.1954045566281096,0.0019609805356499664,0.0019609344269098305,0.0019609836646514523,0.0019610080983821178,0.001960921057222079
10896_at,0.0013337045055023067,0.0013338125257235337,0.0013335819732854075,0.001333501836210234,0.0013337631218598254,0.0013335036936673128,0.0013335127770333901,0.0013334752103559239,0.9879977518545632,0.0013333925017989308
10897_at,0.0007463633000778065,0.0989805994810773,0.0007465245418021401,0.2628006350138615,0.0007465197691666831,0.0007463881178290681,0.3572075622278886,0.2765326562072051,0.0007464162061826115,0.0007463351349089928
10898_at,0.0018519993738605265,0.45148435516116275,0.0018526269235379835,0.001852052715234537,0.0018522765930580989,0.0018521482029248968,0.0018523508514063803,0.03514555310021437,0.5004045955234857,0.001852041555114677
10901_at,0.007692869854687316,0.007693553005851449,0.007692773691555345,0.007692483456314279,0.5285572910689633,0.40989949929567654,0.007693264235226815,0.00769287149200443,0.007692408286976697,0.0076929856127436625
10902_at,0.052169316509705195,0.001818442554016663,0.0018187718218520145,0.0018183654892363521,0.0018184551284003575,0.0018187959025084647,0.0018185350225161953,0.00181838358258939,0.9332821482393242,0.0018187857498511433
10906_at,0.6910599252496986,0.00232564485990361,0.002325769118225119,0.0023258334435157222,0.002325640054494663,0.06276407186550975,0.22989595801890342,0.0023256344659165146,0.0023257147861710276,0.002325808137661616
10907_at,0.0250012020338043,0.025000968115839836,0.025000967193211147,0.02500050302084949,0.7749916534386594,0.025001045378897028,0.025001074634931737,0.025000844054809065,0.02500071654430239,0.025001025584695573
10910_at,0.00113643274322733,0.0011367176460898257,0.23544296726078692,0.0011365827259545611,0.4266535716905931,0.001136551980690916,0.2543855749146362,0.017045389528615118,0.001136645483025246,0.06078956602638085
10912_at,0.0012501178922969085,0.0012503049570440012,0.0012503923096323724,0.6381833346276155,0.07936953091000917,0.0012502913281168108,0.21433539576436778,0.0012501500718165635,0.0012502643262029302,0.06061021781289794
10914_at,0.0005236231652808507,0.0005235968244939764,0.7554068193151277,0.0005236096988291166,0.0005236388687943263,0.0005235921873549922,0.1598446227437398,0.08108320080854903,0.0005236974225504321,0.0005235989652798652
10915_at,0.002703844104328127,0.002703244915937644,0.0027033660982990373,0.0027043872030201852,0.002704104566611356,0.0027029921760736136,0.9756686859575692,0.00270325721210321,0.00270309577019607,0.0027030219958617406
10916_at,0.8582368890268162,0.0014494208593075464,0.0014495699058372203,0.0014495660943305555,0.0014494865890198236,0.0014495134871626324,0.0014494297360297754,0.022055141076710538,0.001449363160229416,0.10956162006455632
10917_at,0.0027028452821216678,0.002703381152868962,0.10624789624449268,0.002702980292448699,0.28391675397136634,0.0027029028668290505,0.0027030236255479218,0.5909138435226964,0.002703520605821184,0.002702852435807258
10919_at,0.002631704623053605,0.002631733325416776,0.2989838392986948,0.04921292207677698,0.1079950718017656,0.002631676793735999,0.0026319014512799625,0.5280175730874371,0.002631845301942654,0.0026317322398964798
10921_at,0.001785983629645523,0.1782531656943653,0.001786053489385903,0.31035483495857596,0.0017858464808469642,0.001786185798869457,0.0017858466609700745,0.0017857789719783765,0.0017858279854688363,0.4988904763298936
10922_at,0.004762602442508673,0.31248113898830554,0.004764094292997345,0.0047626483121065944,0.4639569591681729,0.004763176879429342,0.19022185396373065,0.004763111401511439,0.004762150911263382,0.004762263639974028
10925_at,0.0014090599202570182,0.7744086429209097,0.11112149224977079,0.0014086625460993363,0.0014088714348849036,0.0014088344147013391,0.0014087647510655915,0.10460828857114349,0.0014086667246077118,0.001408716466560125
10930_at,0.053298998525688944,0.0016397611135679105,0.2836561291063239,0.0016396643180247748,0.23434597044134356,0.308937320366429,0.1115631039963079,0.0016396948327875326,0.001639787811694131,0.0016395694878324322
10932_at,0.0012346295002590932,0.0012352909216063722,0.025665229601793054,0.8191086806600621,0.0012348674314539676,0.14658239539021087,0.001234765903153096,0.0012347353821118632,0.001234753790623677,0.001234651418725791
10933_at,0.8889035995478746,0.0013516370531940448,0.10028393159161138,0.001351849410733772,0.0013514768612632856,0.0013514349424486004,0.001351464877307004,0.001351525588220929,0.0013516647650160755,0.0013514153623303128
10934_at,0.0018868801480608642,0.001886855110760347,0.001886851776888068,0.0018868260863187344,0.001887076641508216,0.0018869084906561733,0.4852078809367296,0.4996970222810171,0.001886862592199166,0.0018868359358616721
10935_at,0.0019609420971292727,0.00196114102627608,0.2140398604583479,0.0019610343105344622,0.4153529711219217,0.001960993467158043,0.28282605563350677,0.07601497734540363,0.0019610822556524418,0.0019609422840696803
10936_at,0.002564406636441497,0.002564393029078071,0.6163632874562083,0.002564671122300418,0.18892439004046352,0.0025644302474687277,0.0025647736793429727,0.17676025615822114,0.0025649843642518337,0.002564407266223733
10937_at,0.003571867816076924,0.003571774107101082,0.09170945008499619,0.003571541333249749,0.3600146849807296,0.0035716568167311895,0.5232738297694255,0.0035715748374425117,0.003572045813443684,0.0035715744408034485
10938_at,0.002084089569483166,0.002083511259241521,0.981245502325648,0.0020834428527810615,0.0020835698970899158,0.002083403319605878,0.0020836899991862824,0.0020841459776571045,0.0020844797078249525,0.0020841650914821793
10940_at,0.6120307567212647,0.002381153670329697,0.0023812350386957803,0.0023812723145802037,0.0023811970537727005,0.05960566439144412,0.31169446005392354,0.0023817342850769364,0.0023813442287396263,0.002381182242172864
10942_at,0.001234877550068447,0.0012349079537785715,0.0012347693529777817,0.0012347115981261455,0.1062716286109283,0.0012346818030142643,0.0012347225688027486,0.0012347721164260937,0.8838503236058904,0.0012346048399872194
10943_at,0.0011495436916625025,0.7580869527119087,0.0011496308407499519,0.0011495768128934336,0.0011497664955183284,0.0011495276480587649,0.001149534574405653,0.23271624280379805,0.0011497245052407709,0.0011494999157637196
10945_at,0.007693708932267779,0.007692893572857211,0.007692521786342435,0.09596672928014036,0.8424907281156542,0.007692412644260618,0.0076926989592451455,0.007692869518145342,0.007693002182562925,0.007692435008523935
10947_at,0.0012051603569104752,0.0012048827134891838,0.001205060905578981,0.5569474989200774,0.0012048819208674627,0.26572389599795365,0.0012049612970457559,0.0012049512088122757,0.0012050682063979785,0.1688936384728669
10949_at,0.4598475030126906,0.46177337949596875,0.0013703119017650387,0.001370022473002824,0.0013703431114138321,0.001370285273452227,0.0013703974149247798,0.06878737895540772,0.001370261993366652,0.0013701163680078427
10953_at,0.001176599965897553,0.02158301425852887,0.7153819765049507,0.0011769259812108794,0.15797307617120698,0.0011766499430376012,0.001176790628718725,0.0011772954460404132,0.09800099491222639,0.0011766761881818503
10954_at,0.001695098231958341,0.0016952917256773622,0.3080777358391416,0.0016954584078162278,0.0016952672807448912,0.33589130694135977,0.266430916373921,0.07942832144013999,0.0016954131089003213,0.0016951906503404224
10955_at,0.0250012020338043,0.025000968115839836,0.025000967193211147,0.02500050302084949,0.7749916534386594,0.025001045378897028,0.025001074634931737,0.025000844054809065,0.02500071654430239,0.025001025584695573
10956_at,0.0012823461637880614,0.029017429961731015,0.5583780522741345,0.12897062882375449,0.0012824515753629359,0.2010127475956443,0.0012822008678437006,0.07620964600961544,0.00128226617246029,0.0012822305556652938
10957_at,0.0013158338411812863,0.0013158742087185133,0.0013158793318844282,0.0013158288714639305,0.583053313233346,0.0013158282203370906,0.02666000103044603,0.2314018662991791,0.1509893044279044,0.001316270535539138
10960_at,0.0010001910596502555,0.6037068335466885,0.0010002127086483274,0.001000142803046797,0.001000252440012087,0.2160148846402192,0.0010001725798146578,0.08789957171953053,0.0010001299000064285,0.08637760860238317
10961_at,0.0011364176872985976,0.0011366165205437735,0.0011364812602029433,0.0011364364006986433,0.001136657407514907,0.0011364807616588044,0.5484789498827604,0.4424290459198249,0.0011364948970009597,0.0011364192624963387
10962_at,0.06458789339955291,0.0017859848601740021,0.001786117420519583,0.0017859162844205687,0.0017860175368529091,0.001786496359949946,0.38312550999717565,0.0017858804422770892,0.53978432358,0.0017858601190773359
10963_at,0.009091977327148294,0.009091250335853212,0.009091038138690201,0.009091185942270682,0.697929155790046,0.009091164258983398,0.22933988904819014,0.009091468936646304,0.009091398450727156,0.009091471771444665
10964_at,0.003125241609995293,0.003127118337946918,0.0031253716795945526,0.0031252580625522964,0.003126415326391262,0.0031261720208335944,0.9718682269727925,0.003125689504640934,0.0031251262629943674,0.0031253802222582384
10965_at,0.0023812822472268924,0.0023812929733988473,0.680487800095294,0.002381073751944178,0.3004622743454115,0.002381175864626187,0.0023812310417196257,0.0023813494713882635,0.00238138678672592,0.0023811334222645364
10968_at,0.005882496248761193,0.005882508858402294,0.00588257407108826,0.0058824405483577785,0.2693648543507001,0.0058825443936665195,0.6835744266513634,0.005882547161620916,0.005883020478068915,0.005882587237970587
10970_at,0.0031255324957185082,0.0031252850252754404,0.003125307178453037,0.0031251466896496673,0.14980746717834534,0.0031252224175773906,0.0031254643864136187,0.0031251698084587384,0.0031253462122999825,0.8251900586078084
10973_at,0.002083539907725655,0.002083521201830154,0.0020835869565785647,0.0020834032301975326,0.0020837260779280552,0.002083892399611264,0.0020835686912281113,0.9812478322030374,0.002083435023673188,0.0020834943081902814
10974_at,0.0514565901240864,0.0011497034940054635,0.44649971899472307,0.0011497481806466662,0.001149628070890783,0.0011496451080590228,0.4939961851582957,0.001149581441022318,0.001149700083390484,0.0011494993448802086
10975_at,0.0016670442265655087,0.19530570461915042,0.4691138888142377,0.0016673591909622007,0.001666770655552493,0.32391193429130266,0.001666764556540236,0.0016667382386500618,0.0016669427949401506,0.0016668526120983814
10976_at,0.6456358758765951,0.0011237334851406078,0.001123732293016156,0.23896600667371679,0.10753186479705514,0.0011237464568053571,0.0011237406441193243,0.0011238784212743767,0.0011237344198869955,0.0011236869323901905
10977_at,0.0011767293515675674,0.0011766757329744679,0.0011766071761450019,0.0011766002397565222,0.0011766106804287407,0.0011765935867281145,0.9894102474578997,0.0011768561397409829,0.0011765711595909502,0.0011765084751679921
10978_at,0.0019611012117511876,0.4892035705465126,0.001961309246483285,0.001961042407629609,0.0019611594900347624,0.0019609551769664904,0.3726955989919835,0.0019610736381110846,0.12437322250949426,0.0019609667810331654
10979_at,0.00107541624520406,0.0010753879004648103,0.02597414852811654,0.026980461699809402,0.053787427552931914,0.8868054540407404,0.0010754558614042206,0.0010754157581233956,0.0010754572761718369,0.0010753751370334347
10981_at,0.001370077247935174,0.5085710916610592,0.41830179983480154,0.038285126078514774,0.0013699708058798462,0.001370130687154812,0.0013699567419830643,0.001369953294774702,0.02662188115511111,0.0013700124927856381
10985_at,0.0037040218475402832,0.003704332123990398,0.6095135737055613,0.0037043274874216502,0.3608532470126348,0.0037042371850309003,0.003703888342276099,0.003703908665177945,0.0037042853576149883,0.0037041782727516986
10989_at,0.005000101798428333,0.00500217740126498,0.005000638149321696,0.005000034885141596,0.7625329380224153,0.00500129124415284,0.09942312684862988,0.10303724776573833,0.005000038708141426,0.0050024051767659
10991_at,0.5775176519751775,0.0020411639428711036,0.288955006072729,0.002041570178499211,0.11923900361533486,0.002041244385971956,0.0020409953638052545,0.002041003891434981,0.002041141496642983,0.0020412190775332415
10992_at,0.002127831133824187,0.0021277484276676253,0.0021277931112315134,0.0021277025157702563,0.9486008412964149,0.002127700623071105,0.00212779339106756,0.03437713632756184,0.0021277607493055484,0.002127692424085575
10993_at,0.0017544992685203037,0.0017545410741868198,0.001754743630421974,0.0017551956941731037,0.001754498225997947,0.0017547025492319272,0.3398566180446098,0.0017545515689284927,0.608605975168236,0.03925467477569364
10996_at,0.0017544648484774596,0.0017545858799135508,0.07136283330470115,0.0017544944194681652,0.001754796386120786,0.0017546902720517238,0.9146003633193437,0.0017545756436491064,0.0017546829319644184,0.0017545129943100576
10997_at,0.0250012020338043,0.025000968115839836,0.025000967193211147,0.02500050302084949,0.7749916534386594,0.025001045378897028,0.025001074634931737,0.025000844054809065,0.02500071654430239,0.025001025584695573
11003_at,0.0014706813061742356,0.0014707798242334048,0.0014709215464469832,0.001470807973698058,0.0014708038869344542,0.0014707582581630042,0.31805807555048854,0.0014707386882290337,0.670175718720643,0.0014707142449894297
11004_at,0.00555620694473041,0.0055559484767792105,0.005557811591315143,0.005556091887704623,0.949993907652383,0.005555657730499227,0.005556020528791359,0.0055564567860859875,0.005556255018084325,0.00555564338362679
11007_at,0.0015386633732686556,0.0015389968044315148,0.039173178322807554,0.001538777073848701,0.0015389387764651972,0.2655978245783087,0.0015387220344780634,0.6844574272665624,0.0015387870057060036,0.0015386847641231402
11008_at,0.0017545199145520345,0.0017545647107538255,0.0017547603485293401,0.0017544720338824665,0.001754915934410232,0.035166869724411555,0.9507962484824323,0.0017546102013866343,0.001754523876758738,0.0017545147728826823
11009_at,0.0013159891642899968,0.4448533591560105,0.2404651631230941,0.11442292073643362,0.0013160703176280973,0.0013160537552298216,0.00131590645913762,0.0013158837068094347,0.19236266670988467,0.0013159868714823443
11010_at,0.0012502237879445318,0.0012502544967031423,0.06659033546346427,0.4510211624066479,0.0012502736470790712,0.40740054690155697,0.0012501818029371984,0.0012500867014617401,0.0674867329518895,0.0012502018403155962
11011_at,0.00098057336374548,0.000980463006724625,0.00098056126732107,0.000980499872712067,0.0009804498807021067,0.0009805147505860447,0.000980459707082578,0.0009804343981976822,0.0009804513524858446,0.9911755924004424
11016_at,0.0012050566783639507,0.7071282912302775,0.0012050946740339568,0.0012050288517052097,0.0948968302822401,0.001204887604366571,0.0012054304721810728,0.0012052469954929959,0.1895392415021176,0.0012048917092210287
11017_at,0.0017243038728727374,0.001724249415387808,0.0017242076008906627,0.0017241783599207844,0.001724613102022715,0.0017242280585461139,0.0017243645539213172,0.9844814898250278,0.0017241746568071002,0.0017241905546030258
11022_at,0.0014707401789963836,0.0014706883567524565,0.9203932705092108,0.0014706712111441798,0.06784059618400466,0.001470729420862138,0.0014707182406896752,0.0014707569534207728,0.0014706576613526287,0.0014711712835663781
11024_at,0.0010990068779594246,0.0010989693839117216,0.0010989664099306203,0.0010989351123429478,0.0010989989922008314,0.0010990135230143593,0.001098974917038746,0.0010989670240825176,0.0010989192903119404,0.9901092484692069
11030_at,0.0020413253587783725,0.18393694837606142,0.0727745257706184,0.0020413704139295966,0.6309834963821845,0.0020411522846350253,0.041068178456195314,0.00204129277814291,0.06103052591629416,0.0020411842631604515
11031_s_at,0.0008404617631751702,0.0008405096423690851,0.4145977864354214,0.000840431395977342,0.23574687793051788,0.0008403786839250363,0.34377219935350256,0.0008404899736628859,0.0008405114914194846,0.0008403533300291014
11032_at,0.001389646762889454,0.0013892084629225517,0.0013892829644204644,0.001389120191806807,0.0013892214969337825,0.0013889817753283292,0.14332648176096435,0.02112471430750969,0.8258242887502643,0.001389053526960344
11033_at,0.0011630671683393857,0.0011630404705204192,0.7323589827905967,0.0011628529924511202,0.2583371083343815,0.0011630250206299101,0.0011629095204539223,0.0011630681664275562,0.0011628821621518573,0.0011630633740475908
11034_at,0.0014494814990755373,0.0014493988116023133,0.11822908235380167,0.0014495629686895495,0.0014495065349278732,0.0014494718339057246,0.0014494413354679695,0.0014494557255439666,0.4366146105085222,0.4350099884284632
11035_at,0.0250012020338043,0.025000968115839836,0.025000967193211147,0.02500050302084949,0.7749916534386594,0.025001045378897028,0.025001074634931737,0.025000844054809065,0.02500071654430239,0.025001025584695573
11041_at,0.10191905050418389,0.1740405390361766,0.3384727361092575,0.0015154544468232143,0.0015155266715042798,0.0015154446308733365,0.2907476660633476,0.0015153607607416549,0.08724277014199285,0.0015154516350993047
11042_at,0.0007814820615677358,0.0007812927501933748,0.0007813378928189159,0.542685665341748,0.0007812951980054756,0.2337575299296545,0.0007812961495075294,0.0007812912687459143,0.0007818103713042612,0.21808699903645432
11044_at,0.003846377861060557,0.0038466425649174786,0.0038470088785998013,0.0038467252933068728,0.003847681495533095,0.05568444667988532,0.9135409764401066,0.003846338589766301,0.0038471723802437595,0.0038466298165802854
11045_at,0.0250012020338043,0.025000968115839836,0.025000967193211147,0.02500050302084949,0.7749916534386594,0.025001045378897028,0.025001074634931737,0.025000844054809065,0.02500071654430239,0.025001025584695573
11046_at,0.7019355093551806,0.0019236697767070785,0.0019234523861748941,0.0019232956232331322,0.0019238987207269049,0.28267670511815673,0.0019235013937112322,0.0019234026774985291,0.0019231756848387819,0.0019233892637721599
11047_at,0.7291028662463019,0.0020414621641302987,0.002041108335632707,0.0020410463317351037,0.0020413388211853595,0.25456791176791665,0.002041215561136642,0.002041135825204175,0.0020409213255683533,0.0020409936211888027
11048_at,0.0008000707528896103,0.0008001882789711146,0.05394749111730736,0.0008001096090935296,0.14382823638155143,0.7966233074976806,0.0008001475246922658,0.0008002271499549882,0.0008001095490985716,0.0008001121387605988
11050_at,0.0007937194675512896,0.0007938369067593038,0.052666213197203535,0.0007937598097555967,0.15756219373581268,0.7842151049893145,0.0007937897402107002,0.0007938603526842467,0.0007937599806846965,0.0007937618200235854
11051_at,0.006250962148232367,0.006250830081331498,0.006252053685723741,0.006250181333492492,0.9437435276938464,0.006250548711097542,0.006250302752648602,0.006250298746451933,0.006251018702646161,0.006250276144529149
11052_at,0.005883211837402073,0.005883094615720711,0.005884063160150961,0.005882531979259426,0.9470530405570667,0.005882859952544632,0.0058826427026246395,0.005882635945906152,0.005883253615792036,0.005882665633532697
11053_at,0.0250012020338043,0.025000968115839836,0.025000967193211147,0.02500050302084949,0.7749916534386594,0.025001045378897028,0.025001074634931737,0.025000844054809065,0.02500071654430239,0.025001025584695573
11056_at,0.0012504628237020978,0.06676801397565826,0.06571005516157533,0.021034665432465453,0.09102347250222866,0.0012501796886159801,0.001250176512360441,0.7492125470344381,0.0012501783169967372,0.0012502485519588584
11058_at,0.0014706490911785346,0.0014706695163205024,0.0014707161933633659,0.0014706234477683607,0.0014708418713326764,0.001470708154811084,0.8608240131214557,0.12741049988298372,0.0014706235496803129,0.0014706551711057543
11059_at,0.0016395832695889703,0.0016396229050303762,0.12878489765734738,0.0016396772026248257,0.001639779245550264,0.0016397405988820318,0.023623160273489836,0.8361141879347643,0.0016397648488065831,0.0016395860639154115
11060_at,0.0011628693486503317,0.0011630545086169493,0.40301848889037944,0.0011628846647720164,0.21530027431801538,0.0011628942864725484,0.37354069166161086,0.0011630183280089826,0.001163011437839245,0.00116281255563437
11061_g_at,0.0007042714168366595,0.0007043752801011498,0.5351295121020718,0.0007042889687968899,0.1631001117294019,0.0007043068184131618,0.2968401645125513,0.0007043563370752422,0.0007043732656078832,0.000704239569143835
11062_at,0.0023256790593542834,0.26883323523080954,0.0023258708663629894,0.0023256775827556553,0.5518994431983286,0.10007891273941978,0.0023259860048873474,0.06523367826470262,0.0023258207822449846,0.0023256962711340518
11063_at,0.0005882697140188272,0.0005883545298155476,0.43396757776613015,0.010115931500640298,0.0005883062064548892,0.08410342469330676,0.011427383889700363,0.0005882935765970989,0.17873138608846745,0.2793010720348686
11065_at,0.0029416616613378997,0.002942000712831144,0.3657195201520408,0.04983670697255447,0.5638524376940898,0.0029416807141851783,0.00294144850320143,0.002941534169523383,0.002941460308193497,0.0029415491120424538
11066_at,0.0013159472354481484,0.29692644643637367,0.5950106704557666,0.0013159924464039227,0.0013159235263724945,0.001316462140023702,0.00131584196393217,0.0013158290438144715,0.049033766150336285,0.051133120601528685
11067_at,0.0027031047405133056,0.002703330105355965,0.0027034175472306697,0.0027029762332995448,0.0027035266206962656,0.002703102585660499,0.4735185792629936,0.002703104356897646,0.5048559187658281,0.0027029397815243688
11068_at,0.0012049881357555506,0.001205016760688642,0.0012048844050059388,0.0012049295480003875,0.0509161836015924,0.0012048908376355125,0.9394442376854621,0.0012051017296352952,0.0012049290466719306,0.0012048382495522692
11071_at,0.0024404724049305075,0.2500828049195072,0.0024393746776433132,0.00243925262106795,0.1603849563833707,0.5724560157519981,0.0024392912010587782,0.002439334735660233,0.002439311051069448,0.0024391862536939004
11076_at,0.0013700151553294234,0.02411776804094835,0.05512531932448212,0.0013700976182895994,0.0013701114750486604,0.001370104125698062,0.001370210181770735,0.9111662384033684,0.0013700785990071326,0.001370057076057372
11077_at,0.0024391728823689156,0.002439270556951519,0.18887109258177148,0.002439609050271664,0.0024393766820894293,0.0024396389554527764,0.0024393157363430044,0.0024393227652373217,0.7916134473870756,0.0024397534024383086
11078_at,0.001123697152408342,0.0011239598748097313,0.551321368450945,0.001123689800557071,0.4396884209555374,0.0011239441238810944,0.0011237182027973825,0.0011238467349267112,0.0011237072049950123,0.0011236474991423214
11079_at,0.03206845554838031,0.05836363109242089,0.0017861090797417684,0.001786071490253251,0.51844390001621,0.0017859411063683205,0.0017860378693945645,0.2884777245447648,0.0017858861501317672,0.09371624310233434
11083_at,0.0011905483308248623,0.02937676909339054,0.2778326080278458,0.00119056185354698,0.0011907133607681412,0.6844564710647438,0.0011905527328846502,0.0011905644473243614,0.001190617433974569,0.001190593654696335
11084_at,0.0012346768084261564,0.08197226959471109,0.3134845700882179,0.0012347060901398493,0.5958997957386853,0.0012350245253034576,0.001234786113737232,0.0012348310744507958,0.0012346812875492748,0.0012346586787787936
11088_at,0.00116286412313053,0.001162830006288431,0.0011629307274851736,0.0011628170168284137,0.0011628978046085382,0.0011628717741447188,0.001162821518271499,0.0011628097911816604,0.0011628141944846153,0.9895343430435765
11089_at,0.0028577948099799046,0.0028573642241117698,0.6676239160308854,0.0028573012911466116,0.2521142323493103,0.002857453913764592,0.0028575430698898675,0.06025958387612816,0.002857506659431439,0.0028573037753517458
11091_at,0.0040000883352304065,0.004000065474463058,0.004000081005787538,0.004000024831395496,0.15399344041071214,0.004000097969408019,0.8140052517997856,0.00400081795251205,0.004000038197470917,0.004000094023234689
11094_at,0.6394749080264764,0.0022728185732801024,0.0022728590682333768,0.0022727665809130996,0.002272798577898806,0.062181821571412006,0.282433574883634,0.00227278801616983,0.0022728106553649013,0.0022728540466174525
11098_at,0.0012501359659580138,0.0012501254403828915,0.001250119166219,0.0012500799801331219,0.05267278141939297,0.0012500709742191694,0.001250177516043419,0.9005736315972583,0.03800272516929433,0.001250152771098792
11100_at,0.0018519463367212255,0.9194407006351711,0.0018522018012528234,0.001851959178324517,0.06574224868997285,0.0018519935120828834,0.001852043615959439,0.0018527596053879373,0.0018521643692038909,0.0018519822559233186
11104_at,0.002083748965014847,0.6052337825837226,0.0020837790113040003,0.0020835738303346518,0.002084289574107667,0.33676608953763393,0.04341344234547613,0.002083718046859442,0.002084020254961672,0.0020835558505850863
11106_at,0.676685315292895,0.0020833981565280533,0.0020835010301923354,0.002083535638160516,0.0020835102161047433,0.08191138271474491,0.22681882340531276,0.002083395388786038,0.0020836139031059227,0.002083524254169562
11110_at,0.0009525257208358951,0.6930381234961045,0.07158384181526263,0.02228394562241522,0.0009524381285127521,0.0009528118057497029,0.0009524408044910915,0.0009524337981547572,0.20737895072226306,0.0009524880862104179
11113_at,0.000719449398292773,0.010943980929943215,0.0007195376942759141,0.9833001785658029,0.0007195096671965043,0.0007194732176551531,0.0007194655819897317,0.0007194593598277706,0.0007194802042954863,0.0007194653807205982
11114_at,0.002500809194082466,0.0025006504678915316,0.05694279328962326,0.002500254100940203,0.0025004076702336182,0.0025010736131403258,0.0025006324938499644,0.002500345713311908,0.9230517819541297,0.0025012515027970626
11118_at,0.09157614287973778,0.002041568588497145,0.36485097195878236,0.0020414561189247126,0.002041315901964361,0.0020413718514703796,0.0020411357862257433,0.52928393628951,0.002041064814450623,0.0020410358104369997
11119_at,0.00208360469667433,0.46197355423102815,0.0020836833989888487,0.002083623666841239,0.20889084139002,0.002083545547926508,0.00208357624858294,0.3145506417226044,0.0020835125000713967,0.00208341659726219
11122_at,0.0008852937921996265,0.20498325991565783,0.0008851914171978212,0.04738524140221488,0.2865961078279837,0.42434167758903646,0.0008850638982999866,0.0008851323835947318,0.0008850229133756141,0.03226800886043945
11124_at,0.10377461326401018,0.0018525681802758177,0.0018521572771730624,0.0018525839076561927,0.0018524963490013607,0.18054415159811124,0.00185200302538762,0.0018519595233669978,0.5302716602094172,0.17429580666560035
11125_at,0.0008200297385248954,0.0008198170303599181,0.5748740599137547,0.022710549859068813,0.0008197306990675308,0.3966766318364361,0.0008197517334603773,0.000819751159163329,0.0008198050406144298,0.0008198729895500965
11127_at,0.4635486764953987,0.002084214372573312,0.19940306392648266,0.0020837458619912203,0.0020836179687289077,0.002083632724637784,0.002083518883733072,0.05032845610853868,0.00208350706707116,0.2742175665908445
11131_at,0.11422385916149509,0.0035722951628164913,0.0035723417935177,0.00357148139599352,0.7993346812003463,0.0035715955573327298,0.003571735530173373,0.06143820952443126,0.003572062372865281,0.0035717383010283195
11133_at,0.002857629212088366,0.08816977014407831,0.16311557386482559,0.0028574559755722845,0.35215148057166223,0.002857556339717449,0.3794179998388849,0.002857609206963256,0.002857531733157897,0.002857393113049753
11137_at,0.0009436373386690389,0.0009436858877536827,0.0009435743239627923,0.9915077422703166,0.0009437932984311211,0.0009436215278130997,0.0009434641240831647,0.0009435406994238881,0.0009434899565786361,0.0009434505729680645
11138_at,0.0008197643103383559,0.0008197270268249207,0.0008199919167413685,0.07956461887757844,0.000819908659180109,0.0008197525810691863,0.05453037965202285,0.025082373284721262,0.0008197044920796802,0.8359037791994439
11139_at,0.0035715932446169626,0.0506049122843339,0.0035722565244792866,0.0035715102686002596,0.741943618865614,0.0035722695707927766,0.0035717930518084193,0.18244692940811447,0.0035717808661589216,0.003573335915481004
11141_at,0.0016667518265077385,0.9140398156286466,0.0016669572871258413,0.0016669202113663783,0.07262498689855758,0.0016673683754620044,0.0016667641772891394,0.0016667696132378824,0.0016668687144871016,0.0016667972673197699
11143_at,0.0013514495743335048,0.001351540750035939,0.0013517235025309973,0.0013515304326120487,0.0013515505330121066,0.001351668319132501,0.9878356134151154,0.0013518682683391944,0.0013514906890911733,0.0013515645157970305
11145_at,0.6136655193661955,0.0018525325289118994,0.0018528645163297026,0.001852162897321185,0.0018522261410334284,0.13163655302127955,0.24173138207228853,0.0018525285472841796,0.0018522853305233834,0.0018519455788326862
11149_at,0.003448539369266096,0.12611288137874363,0.3031867893691169,0.003448925398185004,0.5465600796052545,0.003448494066235084,0.00344850250951744,0.0034486700517919427,0.0034487282644219044,0.003448389987467426
11150_at,0.0010418007850919175,0.0010417383051051045,0.0010418440757654123,0.0010418786905685158,0.001041921773447227,0.00104183661562535,0.8062635835492468,0.18540192158789043,0.0010416879902981878,0.001041786626960919
11152_g_at,0.01345942185323805,0.8617609369579775,0.0010312172014234687,0.03336733883174681,0.08522531093809897,0.0010313768577547055,0.0010310414550474122,0.0010311604950320823,0.0010310802923043099,0.001031115117376577
11153_at,0.01572348564589536,0.9404916872957246,0.0011114487840775027,0.03600510691025123,0.0011114183731241356,0.0011116387495130101,0.001111246755465709,0.0011113658276256642,0.0011112776125630965,0.0011113240457595397
11156_s_at,0.6051502025202606,0.0006251358424491056,0.11908988987933773,0.0006251960087598612,0.0006251047884132038,0.0006251931612978143,0.0006250714768502667,0.030243090837641557,0.24176606054734673,0.000625054937643013
11157_at,0.055673959272114305,0.2767362781477944,0.0027782701622009534,0.002777900696099529,0.48468062220889807,0.0027779701863012525,0.002777958315596067,0.0027780005658480057,0.16624111658961915,0.002777923855528257
11158_i_at,0.5815220494099392,0.00113640231814069,0.0011364379720050434,0.001136394322381167,0.001136515287696621,0.0011364026773422419,0.0011364247814362085,0.001136499511142327,0.0011364037551710455,0.4093864699647454
11159_s_at,0.6432330676558295,0.0009615754929244612,0.0009615927622986421,0.0009615629098064417,0.0009616792150237595,0.00096157053694293,0.0009615928804001008,0.0009616552598700713,0.0009615677983230159,0.349074135488581
11161_at,0.0014085421050030196,0.10929761642825005,0.0014088764652414134,0.001408553309709379,0.715018899531863,0.001408569004388946,0.1355334401725941,0.03169825003934968,0.001408672691699517,0.001408580251901004
11162_at,0.00153866480024205,0.0015385670994779814,0.0015386387488909251,0.001538805991718197,0.0015388378671255896,0.10447623477287121,0.3433852930095805,0.5413674688111437,0.0015385673883395814,0.0015389215106101628
11163_at,0.0035715026901273652,0.00357153754034768,0.003573052284433055,0.0035737330804583908,0.8088189886534104,0.0035717852837371432,0.10916600377621058,0.05700979030911904,0.0035720200688123594,0.003571586313344075
11164_at,0.578776546200905,0.0019234812571128678,0.0019241704089024943,0.0019235400903762473,0.0019235418113924202,0.06430267902013738,0.34345635168143235,0.0019232495194394772,0.0019232180630771297,0.0019232219472244516
11169_at,0.002778061033868533,0.002778081890940499,0.780799164668023,0.0027780082809518336,0.0027787983856231457,0.002778155894809659,0.00277825385493224,0.0027784241748293652,0.19697488191931734,0.002778169896704289
11174_at,0.0008336670329647931,0.9924984690799632,0.00083351944009591,0.0008334096293272234,0.000833454180247876,0.0008335034821389271,0.0008336963333606459,0.0008333892371358769,0.0008334019100518257,0.0008334896747136613
11175_at,0.004762021735652113,0.004761966076742129,0.00476202734673824,0.0047619529682176595,0.5315155106766308,0.00476198754207825,0.004762380394920307,0.43038810469881295,0.004762043918978798,0.004762004641228674
11177_at,0.0035714962728112757,0.003571488533031402,0.0035715110056828633,0.003571459375499584,0.2727400644167399,0.003571506452540099,0.6986872833749007,0.0035720055000663846,0.003571666241968081,0.003571518826759726
11178_at,0.023802359903061135,0.002778575625302898,0.0027781937211140257,0.002777992376958067,0.8120973063058068,0.14465325771116816,0.0027780394665410254,0.0027780418749047075,0.0027780966993040442,0.002778136315839138
11180_at,0.09004238330717629,0.12287878568872979,0.0022224250328248987,0.002222349096802299,0.7715219894150501,0.00222250178011393,0.002222308642419772,0.0022225068187809466,0.0022223514394469936,0.0022223987786549305
11183_at,0.00238109963751138,0.0023815497700784916,0.770972796507433,0.0023812837716443757,0.2099765987175679,0.002381172394185345,0.0023813709578511585,0.0023814028344369483,0.0023816318969790886,0.0023810935123124034
11184_at,0.018918921221758613,0.0016668248564786967,0.0016671431651227,0.001666751641524393,0.0016668753230961939,0.0016672705342476932,0.02814765167442507,0.9412646237811404,0.0016667579168674698,0.0016671798853388198
11187_at,0.0014287123725891422,0.0014287952006947846,0.14919083240572015,0.0014286871419026523,0.073429935485806,0.0014288700185467718,0.001428732892772675,0.767377816030073,0.0014289450310478004,0.0014286734208470257
11190_at,0.0013702070411993757,0.0013699437321424788,0.0013699751829325411,0.3896632250552637,0.0013700818482385536,0.34867208713531095,0.0013699401259903048,0.0013700583712584209,0.0013699270904407898,0.252074554417223
11193_at,0.0005747533139779123,0.8277348804709986,0.0005749390343480053,0.0330125054596656,0.0005747737619738602,0.13522873804957616,0.0005748411947641773,0.0005748102375904349,0.0005747948081078812,0.0005749636689971429
11195_at,0.0041669381653889346,0.004168397306640486,0.23554383721004818,0.004167005600129916,0.22560116818518533,0.004168026902083625,0.40038846903987874,0.11346142837250821,0.00416733736954235,0.004167391848594117
11199_at,0.004546647698296279,0.0838791807827369,0.0045463603195888,0.15243850252431804,0.7318595888632139,0.0045461648389626755,0.004545828662551163,0.004546026127034193,0.0045459192305583275,0.004545780952739686
11200_at,0.0016396142097783652,0.0016394907866707734,0.6239827712423287,0.001639635867925293,0.001639721836137087,0.0016396595611990693,0.3629002485132995,0.0016395887508213079,0.0016395523594176608,0.0016397168724221688
11203_i_at,0.9799993349502054,0.0022222930326196567,0.0022223292246630715,0.002222254358993471,0.002222331543789383,0.0022222994919293866,0.0022222657179057016,0.0022222810158943297,0.0022222945691773408,0.0022223160948223715
11204_s_at,0.9844821796993138,0.0017242094220106946,0.0017242383324171308,0.0017241681837473666,0.0017242456112113445,0.0017241950333403333,0.0017241709868300885,0.0017241871843635165,0.00172420265339097,0.0017242028933745909
11205_i_at,0.9799993349502054,0.0022222930326196567,0.0022223292246630715,0.002222254358993471,0.002222331543789383,0.0022222994919293866,0.0022222657179057016,0.0022222810158943297,0.0022222945691773408,0.0022223160948223715
11206_f_at,0.9799993349502054,0.0022222930326196567,0.0022223292246630715,0.002222254358993471,0.002222331543789383,0.0022222994919293866,0.0022222657179057016,0.0022222810158943297,0.0022222945691773408,0.0022223160948223715
11213_at,0.10015707217649812,0.16268087003109852,0.002778294331446192,0.002778350081564601,0.33336988197003103,0.0027780566007949846,0.0027782582096083125,0.38712308516378313,0.002778040379093451,0.0027780910560815547
11216_at,0.0024391585179855285,0.0024393192078772143,0.366190979651491,0.002439300167661472,0.10810738306485879,0.002439265937836722,0.5086264291654071,0.002439492827376637,0.0024394926595478683,0.0024391787999574403
11218_at,0.0013515806335782725,0.0013516148727454737,0.22242322382589608,0.0013517748251645858,0.0013515310967344007,0.0013516971235869402,0.33748759111018495,0.0013515518217740161,0.43062794363203616,0.0013514910582991101
11221_at,0.003333542014619495,0.0033339507884192444,0.0033338740736871026,0.0033334629775689903,0.15118311731339992,0.003333533596619557,0.0033335842836873177,0.8221481204678216,0.0033333760512841274,0.003333438432892672
11225_at,0.0034498921820809805,0.3679680109378754,0.19965983000400161,0.15731849926518882,0.2543605023112479,0.0034487706963807333,0.003448647996028882,0.003448803491627187,0.003448561816687856,0.003448481298880748
11226_at,0.0014706694996959669,0.0761651299695865,0.0014708365925720117,0.001471009770978104,0.001470940851264915,0.0014708104087810634,0.5606019748858226,0.0014708424197576102,0.25303540100266875,0.10137238459887246
11227_at,0.033335917135242525,0.033335580299177194,0.0333366411278115,0.03333441365150809,0.6999769912434084,0.03333636142123526,0.033336719387563565,0.033335460879246215,0.03333496853814229,0.0333369463166649
11228_at,0.00140868065680768,0.0014087238225132632,0.0014085385764807828,0.022151206293738717,0.0014089025701420413,0.0014085338426762723,0.0014086414471229942,0.9665796159371408,0.0014086429831316745,0.0014085138702458811
11229_at,0.002777871423565101,0.002777907854402878,0.9749988749887226,0.0027778509207563554,0.00277793865673187,0.0027779008867565855,0.0027778803609778933,0.0027778596585868007,0.0027779531317624847,0.0027779621177371153
11234_at,0.002702819061273164,0.0027027600490739877,0.002702941311272557,0.0027027292626258036,0.48465276450987815,0.0027028342471736924,0.002702860520388785,0.4937246250714289,0.0027027125625014637,0.0027029534043833993
11236_at,0.9790686790123009,0.002325673870277609,0.002325704780588448,0.0023256160291497837,0.002325842201029506,0.0023256842798635284,0.002325681023295523,0.0023257433970983207,0.0023256628073041667,0.0023257125990921237
11237_at,0.9823516114710441,0.001960924711385997,0.001960938911341544,0.001960834113459241,0.0019609336409412196,0.001960984453005701,0.0019609034947582833,0.0019609014063177088,0.001960862729389466,0.001961105068356695
11248_s_at,0.0008547503653771199,0.0008547710381780982,0.000854830662395808,0.0008547654801026859,0.0008548622637132309,0.0008547876431595072,0.0008548663625118517,0.0008547558817732145,0.992306864685269,0.0008547456175194987
11249_f_at,0.0008772166821952467,0.000877239952792738,0.0008772349141824978,0.07319742705120126,0.9197847069721108,0.0008772274668599667,0.0008772304553255502,0.0008772517354124703,0.0008772473071347265,0.0008772174627848247
11251_s_at,0.025186167400731166,0.0009902599021521176,0.06360465487560565,0.0009901916010836614,0.47871247533296896,0.000990267528439313,0.1826969454317987,0.0009904489020689214,0.24484833968220282,0.0009902493429487555
11252_s_at,0.0250012020338043,0.025000968115839836,0.025000967193211147,0.02500050302084949,0.7749916534386594,0.025001045378897028,0.025001074634931737,0.025000844054809065,0.02500071654430239,0.025001025584695573
11254_at,0.03707969430559325,0.0028576702469946245,0.0028577276118059687,0.07843359341617555,0.6552249311353084,0.002857689264858102,0.0028578148094241117,0.0028573226263778357,0.10279879952986085,0.1121747570536012
11255_at,0.00400061711145513,0.004001472742518568,0.004001460358990021,0.004001498093586182,0.4725763421544257,0.27766553019291734,0.004000650838978659,0.22175101682683204,0.004001142910341738,0.004000268769954681
11256_at,0.002000161922815229,0.002000272713432973,0.16120120643132949,0.0020001318302908856,0.3661757453270442,0.0020002443083243318,0.2972453120564034,0.0020007270173431537,0.16337607877108118,0.0020001196219351716
11258_at,0.0012658790946547377,0.001265940823303935,0.001265877276458259,0.0012658832865938237,0.0593407266029345,0.0012658673771453325,0.00126591624225387,0.9305321776277273,0.001265881822689419,0.001265849846238663
11259_at,0.11246627321797084,0.17192069733130502,0.18249952165846328,0.003030440607583625,0.5149283865369304,0.0030315078128344483,0.0030311005295494274,0.00303063833940104,0.003030906187981871,0.00303052777797999
11260_at,0.001562551686124008,0.0015625848555517506,0.001562674219017753,0.0015625626629259938,0.0015630400389877847,0.0015625208036961597,0.001562726108332561,0.9859360332891478,0.0015627615933600215,0.0015625447428561842
11263_f_at,0.0014086705339758606,0.0014087147404980025,0.04324639439625199,0.06771183875190982,0.06698533713927542,0.0014089849691302713,0.0014089882031437788,0.0014088420059170494,0.8136036531461796,0.0014085761137180646
11264_f_at,0.0014086705339758606,0.0014087147404980025,0.04324639439625199,0.06771183875190982,0.06698533713927542,0.0014089849691302713,0.0014089882031437788,0.0014088420059170494,0.8136036531461796,0.0014085761137180646
11272_at,0.033333333335554806,0.03333333333491993,0.033333333335040016,0.6999975068227088,0.03333344148147587,0.033333333335896234,0.03333333333480541,0.03333333333482652,0.03333333333488293,0.033335718349889666
11274_at,0.033333333335554806,0.03333333333491993,0.033333333335040016,0.6999975068227088,0.03333344148147587,0.033333333335896234,0.03333333333480541,0.03333333333482652,0.03333333333488293,0.033335718349889666
11287_f_at,0.005000154146751168,0.005000628137136394,0.00500109331382094,0.005000505774984241,0.8339119068885386,0.005000305417401959,0.12608370097987098,0.005000779471760615,0.00500078151873691,0.005000144350998211
11289_at,0.0032258665653592117,0.003226142901086063,0.003226667474948322,0.0032262616556601293,0.8121992825770841,0.16199054931852147,0.0032261478951022124,0.0032266456199689327,0.003226039368945548,0.0032263966233240598
11294_g_at,0.0014086632547414316,0.001408603958183842,0.0014086612836518163,0.001408629089845541,0.6616721780588789,0.0014085844250823645,0.0014085775362544992,0.3270590367772292,0.0014085432082625918,0.0014085224078698765
11296_s_at,0.001031064764125314,0.001031012026724195,0.001031041676443392,0.0010309959689393702,0.3217495918330478,0.001031091649748346,0.001031016711895129,0.6700021526090939,0.0010310502189149458,0.001030982541067634
11297_at,0.0018183613798303095,0.0018186163783097996,0.001818445633638681,0.0018182391441001942,0.08881135122760947,0.0018182605910451533,0.8966407654933524,0.0018187323339834208,0.0018187933493459924,0.0018184344687844792
11313_at,0.005263286175129443,0.005263222300738148,0.0052632215951051884,0.005263186588680682,0.5174323411504196,0.0052632613223220865,0.4404609281140406,0.00526414059227654,0.005263203669276101,0.005263208492011846
11314_at,0.001785900067033298,0.0017859264101482376,0.0017860453442656203,0.0017858371680084203,0.2910255204370889,0.0017859131537699571,0.0017858830603249608,0.6946873015795751,0.0017858679392091248,0.001785804840576381
11316_r_at,0.039656695477238116,0.0010754033316909615,0.6590947457431718,0.0010753993970667056,0.21553535368515875,0.0010754238441847562,0.0010756917517205377,0.07926054665636056,0.0010754138449924435,0.0010753262684151704
11318_at,0.020001439473808263,0.020001218661514147,0.020002078011709754,0.020000883949569215,0.25667614112935433,0.020001095684709033,0.5833087261113395,0.020001495651224943,0.02000541310022521,0.020001508226545426
11320_at,0.8604294300948514,0.12875820405190963,0.0013515096829069032,0.0013517047826681827,0.0013514201621591601,0.001351732677888913,0.0013515801616869312,0.0013515134212557034,0.001351473053203831,0.0013514319114693637
11325_at,0.0017243432665847774,0.001724350720051581,0.0017244581997585364,0.0017242531089925542,0.2750934297124686,0.0017243312256861063,0.022737250924603995,0.6900990609921255,0.0017243005544202517,0.00172422129530823
11328_at,0.0009091807497859218,0.0009092581853637369,0.0009092394863423442,0.0009091604069035536,0.0009092350253841558,0.2803453469756443,0.15345865700371583,0.000909266277202451,0.477397258060802,0.08334339782885564
11329_at,0.0008850687151661864,0.8546679686482018,0.0008851338706868359,0.13825151570479613,0.0008850325150619731,0.0008852275118548168,0.000885006252794462,0.0008850186282700835,0.0008850242312800899,0.0008850039218876408
11330_at,0.0015626106384576813,0.0015628033582564007,0.09275759049991698,0.001562710479853078,0.0015627184279131418,0.0015627560280890166,0.0015626398593056666,0.0015626271622020576,0.8947408724435284,0.0015626711024776187
11331_at,0.0020409462065492674,0.9096166590717248,0.002041069501887874,0.0020411083065659356,0.002041325315294236,0.07405450785374533,0.0020411995839772486,0.002041134073220837,0.002041134292626414,0.002040915794407875
11333_at,0.0009902294213367615,0.0009901373550468939,0.0009903215214337442,0.0009901861415677429,0.000990939349513707,0.03955857987220095,0.0009904280828794913,0.000990934693078337,0.6610929414989561,0.2924153020639862
11336_at,0.001428789080951469,0.06656250645267436,0.0014286922395564696,0.0014286188503774212,0.0014288504640571215,0.0014287155128523863,0.0014287077960544868,0.9220078414424406,0.0014286505609211791,0.0014286276001143328
11337_at,0.001428789080951469,0.06656250645267436,0.0014286922395564696,0.0014286188503774212,0.0014288504640571215,0.0014287155128523863,0.0014287077960544868,0.9220078414424406,0.0014286505609211791,0.0014286276001143328
11338_at,0.2149090873346249,0.42127053058916986,0.0012198631768003596,0.0012196471194367855,0.03361505199158684,0.17786188561352528,0.0012200052565737487,0.14624469179117472,0.0012196433603096878,0.001219593766797852
11339_at,0.001852109971105182,0.001852610953227649,0.0018521450723753602,0.0018519961416294996,0.983330871510155,0.0018522045072700115,0.0018520285211172556,0.001852151980890289,0.0018519985959145541,0.0018518827463153342
11340_at,0.0015626436711543418,0.9215522486028853,0.0015629520945939603,0.0015627831901161313,0.06594532962176791,0.001562798179913928,0.0015625521356132921,0.0015626049759208825,0.0015632548412398265,0.001562832686794407
11342_at,0.2575192820307718,0.0014929182794637128,0.044843174587680196,0.001492675634381517,0.0014926023899260335,0.026408225673163192,0.0014926383592287977,0.001492586330124397,0.001492596353931955,0.6622733003613285
11343_at,0.1451227342122798,0.45925244054007225,0.0012821732952811673,0.0012822942725969446,0.0012821483777644528,0.19121332154470788,0.0012821037045573152,0.1967185485896116,0.0012821066857046691,0.0012821287774239778
11344_at,0.000819851368855599,0.0008200673373162764,0.035447644841873016,0.0008199768876286351,0.9579932760435688,0.0008200258392794331,0.0008198047264973978,0.0008198438078335451,0.0008197266302595332,0.0008197825168878685
11348_at,0.000740774993756965,0.1969895035812234,0.14790820201276758,0.3698401619939579,0.0007408155014483705,0.17424078306592286,0.0007410867952831642,0.0007408081823209909,0.07105856180689485,0.036999302066423954
11350_at,0.039568127528988535,0.8855294083278048,0.03197444249985705,0.0012659110079191644,0.0353323727402466,0.0012658848549399059,0.0012659142066515252,0.0012659002957826836,0.0012661683594687241,0.0012658701783408877
11355_at,0.0016130568468575176,0.0016133783699072998,0.08609780216789624,0.0016131288820407255,0.001613204025043272,0.0016131773586112548,0.0016130981184799154,0.0016130726905897732,0.900997049753983,0.0016130317865910128
11356_at,0.0013516766244856394,0.0013516536784407185,0.0013518122700396534,0.0013517037299381664,0.2553014585853904,0.001351800059127326,0.28061260787603204,0.001351644945764432,0.35623312140511026,0.09974252082567142
11359_at,0.06069732121916134,0.003846764931150814,0.003847671873482542,0.0038465813783346197,0.6912386091363871,0.0038465015632081867,0.17602627501832604,0.04895657558942871,0.0038468887023173893,0.003846810588203244
11362_at,0.0071438427160170825,0.0071436274112148986,0.007143059976847124,0.007143055658454451,0.46000677289384084,0.007143442932337697,0.4828466937224625,0.007143331743165095,0.007143027704607721,0.0071431452410526015
11364_at,0.0016397725121562754,0.0016395274920160397,0.001639748703223647,0.0016394613861167601,0.001639683315068385,0.0016396432680979727,0.38943091753773273,0.001639690112504049,0.48247648834587936,0.11661506732720471
11369_at,0.0011363943842731946,0.843319600385307,0.0011366815450638346,0.0663807836234782,0.0011364366435814707,0.0011365533673511556,0.0011364172391444551,0.08234429402531253,0.0011364166477976082,0.0011364221386907679
11373_at,0.40054883662462054,0.002778419213179084,0.5338909271938739,0.0027780731193858977,0.046111886130479056,0.002778705091628113,0.0027779879641062284,0.002778696059294476,0.002778426256334801,0.0027780423470979104
11374_at,0.7819987413814026,0.0008930993848415664,0.04804470482374376,0.0008930503681372851,0.0008929146623230492,0.0008931069040353263,0.0008930261412503303,0.0008930938062033241,0.000893009249401603,0.16370525327866098
11376_at,0.0020834135597902477,0.0020835290277530978,0.0020835463906548218,0.002083552250300852,0.0020835771944274287,0.9812485063351847,0.002083455446336157,0.002083478277967429,0.0020834236318004176,0.0020835178857847025
11377_at,0.0055565442908166425,0.005556884632230308,0.005556975752525603,0.21720680500283493,0.7383426994777345,0.005555962097913861,0.005555948388859077,0.005556057993530818,0.005556352997215199,0.005555769366339407
11386_at,0.0014496109199244338,0.0014496354857276297,0.0014495565255444906,0.0014495588860794172,0.001449610777014103,0.0014494702922324527,0.7036893145441087,0.0014494907237370684,0.2847142985743779,0.001449453271253939
11387_at,0.002174136703775681,0.0021742443246714855,0.13324729532409096,0.08197920459606503,0.002174256343967347,0.0021741904622556824,0.44732876283328626,0.0021741470553685686,0.32439959151877296,0.0021741708377459694
11388_at,0.0025002520881637264,0.0025003676182985823,0.002500637451671523,0.0025006663714402105,0.0025004296263112635,0.002500208315425327,0.47829385292426635,0.002500347819676166,0.5017030275270568,0.0025002102576900404
11389_at,0.2517718631769482,0.0022227004551239895,0.25886075971633554,0.0022225039148247154,0.08941843093216492,0.0022225696820215943,0.0022224449549714947,0.06190487231962946,0.002222341103373718,0.32693151374460644
11390_at,0.001538743485726637,0.0015387588522489716,0.40747458859253116,0.0015386645206114538,0.5148828950685809,0.0015386770087829518,0.0015387081910259277,0.06687177311994523,0.0015386310595017325,0.0015385601010450627
11392_at,0.0009434936435224651,0.8747810777057238,0.0009434818029496788,0.08583315620582319,0.000943653644448262,0.0009434827245383736,0.03278113218416733,0.0009436488834891379,0.0009434475253305585,0.0009434256800072529
11403_at,0.01666666666800075,0.016666778090238983,0.016666839605453662,0.016668633721952885,0.01666670023737385,0.8499967193380192,0.016666925002425118,0.01666733864119424,0.016666732025518174,0.016666666669823246
2105_s_at,0.001923185480499939,0.0019233301096971368,0.847601934376496,0.001923428098132319,0.0019231548514539918,0.13701172213817042,0.0019231674657325729,0.0019231784073125322,0.0019232052977608397,0.0019236937747442691
2121_s_at,0.001204902626429402,0.20048475975311777,0.0012049867633024847,0.3251243907766127,0.0012049500327012195,0.1554568179060188,0.0012050600631792008,0.001204896060017821,0.0012050161669680433,0.3117042198516525
2162_g_at,0.001265932108877957,0.0012660826566654882,0.3456450299816085,0.07628681845121876,0.0012659392331353931,0.04437450471690785,0.2979771926753194,0.22938644819079926,0.0012661567225038773,0.0012658952629633984
2163_s_at,0.001265932108877957,0.0012660826566654882,0.3456450299816085,0.07628681845121876,0.0012659392331353931,0.04437450471690785,0.2979771926753194,0.22938644819079926,0.0012661567225038773,0.0012658952629633984
2175_s_at,0.0011628316288560283,0.0011628765637609105,0.38775567179086473,0.001163004686629978,0.0011629282451373667,0.0011633098510237356,0.0011629040881495512,0.6029407495072496,0.0011628992284429644,0.001162824409884923
2176_s_at,0.0011628316288560283,0.0011628765637609105,0.38775567179086473,0.001163004686629978,0.0011629282451373667,0.0011633098510237356,0.0011629040881495512,0.6029407495072496,0.0011628992284429644,0.001162824409884923
2177_s_at,0.0011628316288560283,0.0011628765637609105,0.38775567179086473,0.001163004686629978,0.0011629282451373667,0.0011633098510237356,0.0011629040881495512,0.6029407495072496,0.0011628992284429644,0.001162824409884923
2179_at,0.001923185480499939,0.0019233301096971368,0.847601934376496,0.001923428098132319,0.0019231548514539918,0.13701172213817042,0.0019231674657325729,0.0019231784073125322,0.0019232052977608397,0.0019236937747442691
2183_s_at,0.3802030259827367,0.09308990795673404,0.0026322683814801557,0.10431904369914331,0.0026318848519667633,0.33859354150948257,0.07063423418863493,0.0026320702678249144,0.0026321799379172583,0.0026318432240793467
2215_g_at,0.0014086692318908917,0.0014085145067503813,0.0014086393765392717,0.0014086618145916687,0.0014084943682453061,0.34497576813863046,0.0014085245575256727,0.0014085176750729552,0.0014085986043894183,0.643755611726364
2216_s_at,0.0014086692318908917,0.0014085145067503813,0.0014086393765392717,0.0014086618145916687,0.0014084943682453061,0.34497576813863046,0.0014085245575256727,0.0014085176750729552,0.0014085986043894183,0.643755611726364
2217_s_at,0.0014086692318908917,0.0014085145067503813,0.0014086393765392717,0.0014086618145916687,0.0014084943682453061,0.34497576813863046,0.0014085245575256727,0.0014085176750729552,0.0014085986043894183,0.643755611726364
2218_s_at,0.0014086692318908917,0.0014085145067503813,0.0014086393765392717,0.0014086618145916687,0.0014084943682453061,0.34497576813863046,0.0014085245575256727,0.0014085176750729552,0.0014085986043894183,0.643755611726364
2253_s_at,0.0011236486698388431,0.0011236182590054597,0.001123665124025132,0.061563388555610485,0.0011237315747158882,0.001123878447134657,0.0011236943169749957,0.9294470939713697,0.001123678317201307,0.0011236027641236268
2259_at,0.0013158139301778732,0.0013158847823158243,0.0013158510330166162,0.0013162484028211453,0.0013159189271787,0.0614627563382074,0.9280098172179198,0.0013159667466340458,0.001315939191345801,0.00131580343038284
2260_g_at,0.0013158139301778732,0.0013158847823158243,0.0013158510330166162,0.0013162484028211453,0.0013159189271787,0.0614627563382074,0.9280098172179198,0.0013159667466340458,0.001315939191345801,0.00131580343038284
2261_s_at,0.0013158139301778732,0.0013158847823158243,0.0013158510330166162,0.0013162484028211453,0.0013159189271787,0.0614627563382074,0.9280098172179198,0.0013159667466340458,0.001315939191345801,0.00131580343038284
2275_g_at,0.0047620778216428536,0.004763343554346797,0.004762186341219109,0.1326856040104614,0.17207205295181144,0.6619039694825434,0.004762785603722626,0.0047638008710290895,0.0047620667158903155,0.004762112647332927
2280_s_at,0.06716848133352696,0.0009904119291016123,0.0009902425691050488,0.0009904587141618675,0.0009902102071323727,0.000990466295285116,0.000990162484590061,0.9249092959903242,0.000990161564921068,0.0009901089118516933
2281_s_at,0.06716848133352696,0.0009904119291016123,0.0009902425691050488,0.0009904587141618675,0.0009902102071323727,0.000990466295285116,0.000990162484590061,0.9249092959903242,0.000990161564921068,0.0009901089118516933
2282_s_at,0.06716848133352696,0.0009904119291016123,0.0009902425691050488,0.0009904587141618675,0.0009902102071323727,0.000990466295285116,0.000990162484590061,0.9249092959903242,0.000990161564921068,0.0009901089118516933
2302_at,0.00833339473474665,0.008333390899786065,0.008333425691663662,0.008337018723820627,0.008334793687003206,0.36461005911866573,0.008334198925549917,0.5687169770611761,0.008333363143130644,0.008333378014457413
2337_at,0.01250000000615051,0.012500058317463633,0.012500090510769704,0.012504055226475465,0.01250001757335769,0.8874905839775497,0.01250447251310286,0.012500687657036992,0.012500034209672954,0.012500000008420473
2358_at,0.01250000000615051,0.012500058317463633,0.012500090510769704,0.012504055226475465,0.01250001757335769,0.8874905839775497,0.01250447251310286,0.012500687657036992,0.012500034209672954,0.012500000008420473
2362_s_at,0.002325744290605013,0.002325751500866492,0.002325838809942104,0.0023262962908236397,0.0023257076645996997,0.25505245078282734,0.0023261395597633477,0.002325707276793851,0.5568520503947333,0.1718143134290451
2364_s_at,0.002325744290605013,0.002325751500866492,0.002325838809942104,0.0023262962908236397,0.0023257076645996997,0.25505245078282734,0.0023261395597633477,0.002325707276793851,0.5568520503947333,0.1718143134290451
2381_s_at,0.0008333963142929247,0.0008334815800648171,0.16139652609061889,0.0008334892520630073,0.0008335136391229116,0.0008336047319392692,0.0008335489039664922,0.8319355939688116,0.0008334946034480036,0.0008333509156720325
2382_s_at,0.0008333963142929247,0.0008334815800648171,0.16139652609061889,0.0008334892520630073,0.0008335136391229116,0.0008336047319392692,0.0008335489039664922,0.8319355939688116,0.0008334946034480036,0.0008333509156720325
2395_at,0.012500000012728569,0.012500071244263528,0.012500110510085243,0.16725648851686692,0.012500021458255604,0.7327421811478195,0.012500227760687663,0.012500406625874391,0.01250049270665649,0.012500000016761997
2397_at,0.0007937094186219516,0.0007939400671003765,0.2043258144604179,0.5853190151477213,0.0007937085653477793,0.20479903398952126,0.0007936847930170377,0.0007937153948387677,0.000793687237452176,0.0007936909259613974
2405_at,0.01250000000615051,0.012500058317463633,0.012500090510769704,0.012504055226475465,0.01250001757335769,0.8874905839775497,0.01250447251310286,0.012500687657036992,0.012500034209672954,0.012500000008420473
2410_g_at,0.0011628073779686736,0.0011628464817435723,0.0011628792786319484,0.001163066462676406,0.001162950801361978,0.0011631061796168515,0.0011631680333142977,0.989533115276776,0.0011632611076941987,0.0011627990002161393
2418_at,0.0006536144117434532,0.0006536356952156943,0.0006536942326370593,0.994116858725961,0.0006536136229512695,0.0006540403213029408,0.0006536426620245825,0.0006536456343098245,0.000653641052511589,0.0006536136413426048
2419_g_at,0.0006536144117434532,0.0006536356952156943,0.0006536942326370593,0.994116858725961,0.0006536136229512695,0.0006540403213029408,0.0006536426620245825,0.0006536456343098245,0.000653641052511589,0.0006536136413426048
2420_s_at,0.0006536144117434532,0.0006536356952156943,0.0006536942326370593,0.994116858725961,0.0006536136229512695,0.0006540403213029408,0.0006536426620245825,0.0006536456343098245,0.000653641052511589,0.0006536136413426048
2421_at,0.012500586163328971,0.01250007028862552,0.012500109021341828,0.1571720214278161,0.012500302954519473,0.7428261965612879,0.012500169611982036,0.012500402887454548,0.012500041201400112,0.012500099882243581
2436_g_at,0.001428613304283277,0.0014287410123722485,0.001428726053583766,0.001428919634118706,0.0014286350549555593,0.0834208321699592,0.33304070434626837,0.001428704485037157,0.5735375248883923,0.0014285990510292806
2437_s_at,0.001428613304283277,0.0014287410123722485,0.001428726053583766,0.001428919634118706,0.0014286350549555593,0.0834208321699592,0.33304070434626837,0.001428704485037157,0.5735375248883923,0.0014285990510292806
2458_g_at,0.0008621307097853066,0.8404541219039033,0.0008622212864011716,0.012873339419667526,0.0008621108285689962,0.12421221071545586,0.017287432718625397,0.0008621251650602108,0.0008621592624859393,0.0008621479900462086
2467_s_at,0.0010640085770664105,0.001063930332820385,0.0010640514211262668,0.014269847316246113,0.0010639163921730898,0.0855436173589333,0.001063868210453976,0.0010638875872126265,0.0010639509052301761,0.8927389218987377
2468_s_at,0.0010640085770664105,0.001063930332820385,0.0010640514211262668,0.014269847316246113,0.0010639163921730898,0.0855436173589333,0.001063868210453976,0.0010638875872126265,0.0010639509052301761,0.8927389218987377
2469_s_at,0.0010640085770664105,0.001063930332820385,0.0010640514211262668,0.014269847316246113,0.0010639163921730898,0.0855436173589333,0.001063868210453976,0.0010638875872126265,0.0010639509052301761,0.8927389218987377
2478_at,0.012500586163328971,0.01250007028862552,0.012500109021341828,0.1571720214278161,0.012500302954519473,0.7428261965612879,0.012500169611982036,0.012500402887454548,0.012500041201400112,0.012500099882243581
2487_at,0.012500586163328971,0.01250007028862552,0.012500109021341828,0.1571720214278161,0.012500302954519473,0.7428261965612879,0.012500169611982036,0.012500402887454548,0.012500041201400112,0.012500099882243581
2488_at,0.012500586163328971,0.01250007028862552,0.012500109021341828,0.1571720214278161,0.012500302954519473,0.7428261965612879,0.012500169611982036,0.012500402887454548,0.012500041201400112,0.012500099882243581
2564_s_at,0.0008404418104261465,0.0008406041193042622,0.11935254350608736,0.7559615096160658,0.0008404168171877898,0.08453622565247519,0.0008404296573221501,0.0008404372298864577,0.035106983263640014,0.0008404083276048502
2566_s_at,0.0008404418104261465,0.0008406041193042622,0.11935254350608736,0.7559615096160658,0.0008404168171877898,0.08453622565247519,0.0008404296573221501,0.0008404372298864577,0.035106983263640014,0.0008404083276048502
2591_s_at,0.0012348173122374419,0.00123478283487228,0.0012346749533626096,0.4865042570069385,0.001234720449231209,0.282065795518016,0.001234642771333177,0.0012346309229469314,0.0012348502636819756,0.22278682796737972
2592_s_at,0.0012348173122374419,0.00123478283487228,0.0012346749533626096,0.4865042570069385,0.001234720449231209,0.282065795518016,0.001234642771333177,0.0012346309229469314,0.0012348502636819756,0.22278682796737972
2593_s_at,0.0012348173122374419,0.00123478283487228,0.0012346749533626096,0.4865042570069385,0.001234720449231209,0.282065795518016,0.001234642771333177,0.0012346309229469314,0.0012348502636819756,0.22278682796737972
2595_at,0.014285714291349392,0.014285792851960424,0.014285836224817551,0.014291176767303166,0.01428573795937671,0.8714219521965967,0.014286057514054479,0.014286257528138622,0.014285760372636612,0.014285714293766405
2599_s_at,0.001041704641663665,0.0010416818915221938,0.0010416854344490383,0.0010418529736358798,0.03277725060461729,0.0010419425104875384,0.0010417779183635799,0.9588886665397285,0.0010417595809601881,0.0010416779045721916
2605_s_at,0.0009805396028161229,0.0009805013425997556,0.0009806162292755086,0.0009805876940261582,0.000980523597261696,0.05107927021048318,0.638685290501583,0.000980498421963846,0.3033716938757565,0.0009804785242343121
2606_s_at,0.0009805396028161229,0.0009805013425997556,0.0009806162292755086,0.0009805876940261582,0.000980523597261696,0.05107927021048318,0.638685290501583,0.000980498421963846,0.3033716938757565,0.0009804785242343121
2608_at,0.014285714291349392,0.014285792851960424,0.014285836224817551,0.014291176767303166,0.01428573795937671,0.8714219521965967,0.014286057514054479,0.014286257528138622,0.014285760372636612,0.014285714293766405
2609_at,0.014285714291349392,0.014285792851960424,0.014285836224817551,0.014291176767303166,0.01428573795937671,0.8714219521965967,0.014286057514054479,0.014286257528138622,0.014285760372636612,0.014285714293766405
2616_at,0.014285714291349392,0.014285792851960424,0.014285836224817551,0.014291176767303166,0.01428573795937671,0.8714219521965967,0.014286057514054479,0.014286257528138622,0.014285760372636612,0.014285714293766405
2622_s_at,0.0009903364707823147,0.4021254649696606,0.0009902796330424034,0.0009903957881199027,0.06617369603128394,0.000990505660178392,0.0009905073475396627,0.5247684109147285,0.0009902565845517353,0.000990146600112701
2623_s_at,0.0009903364707823147,0.4021254649696606,0.0009902796330424034,0.0009903957881199027,0.06617369603128394,0.000990505660178392,0.0009905073475396627,0.5247684109147285,0.0009902565845517353,0.000990146600112701
2624_s_at,0.0009903364707823147,0.4021254649696606,0.0009902796330424034,0.0009903957881199027,0.06617369603128394,0.000990505660178392,0.0009905073475396627,0.5247684109147285,0.0009902565845517353,0.000990146600112701
2632_at,0.014285714290794452,0.014285815419891646,0.01428587113632945,0.19941710764313178,0.014285744733935148,0.6862956147135223,0.014285925002444194,0.014286719205205191,0.014285773561354779,0.014285714293391077
2644_s_at,0.0010417809949644777,0.0010419035049398563,0.2812042856036402,0.001041866628630491,0.0010419225947502675,0.0010420221018239914,0.0010421059461236013,0.7104606200864423,0.0010417983556353168,0.0010416941830496977
2645_s_at,0.0010417809949644777,0.0010419035049398563,0.2812042856036402,0.001041866628630491,0.0010419225947502675,0.0010420221018239914,0.0010421059461236013,0.7104606200864423,0.0010417983556353168,0.0010416941830496977
2685_at,0.014285714293275279,0.014285792819083147,0.014285836173109072,0.014291447597483511,0.014285737950429034,0.8714215523445739,0.014285896356084868,0.014286187853451914,0.014286120316352555,0.014285714296156792
2728_s_at,0.0005618711496928216,0.35608048048325375,0.05893645503128051,0.4288555255965418,0.0005618799396382477,0.07468233322160044,0.0005619095479153023,0.0005618419754713302,0.0005619769095148099,0.07863572614509093
2729_at,0.014285714293275279,0.014285792819083147,0.014285836173109072,0.014291447597483511,0.014285737950429034,0.8714215523445739,0.014285896356084868,0.014286187853451914,0.014286120316352555,0.014285714296156792
2733_g_at,0.000952412047142825,0.04962035205832744,0.0009524664237415656,0.0009525403432902215,0.0009525370286536787,0.044875233197192346,0.13034373479922973,0.0009525651016407609,0.7694457683569449,0.0009523906438364253
2734_s_at,0.000952412047142825,0.04962035205832744,0.0009524664237415656,0.0009525403432902215,0.0009525370286536787,0.044875233197192346,0.13034373479922973,0.0009525651016407609,0.7694457683569449,0.0009523906438364253
2735_s_at,0.000952412047142825,0.04962035205832744,0.0009524664237415656,0.0009525403432902215,0.0009525370286536787,0.044875233197192346,0.13034373479922973,0.0009525651016407609,0.7694457683569449,0.0009523906438364253
2743_at,0.014285714293275279,0.014285792819083147,0.014285836173109072,0.014291447597483511,0.014285737950429034,0.8714215523445739,0.014285896356084868,0.014286187853451914,0.014286120316352555,0.014285714296156792
2776_at,0.01428571429134058,0.014285792832253428,0.014285836194217798,0.014292094587337649,0.014285737953433799,0.8714212651580538,0.014285896388487688,0.014286187940045736,0.014285760361074247,0.014285714293755204
2805_g_at,0.0015385196493808305,0.21125751449983415,0.0015387711825914784,0.29451034503300005,0.0015385316338419254,0.4834618720691099,0.0015385962324889028,0.0015385640457021834,0.0015386233045827345,0.001538662349467876
2806_s_at,0.0015385196493808305,0.21125751449983415,0.0015387711825914784,0.29451034503300005,0.0015385316338419254,0.4834618720691099,0.0015385962324889028,0.0015385640457021834,0.0015386233045827345,0.001538662349467876
2810_at,0.01428571429134058,0.014285792832253428,0.014285836194217798,0.014292094587337649,0.014285737953433799,0.8714212651580538,0.014285896388487688,0.014286187940045736,0.014285760361074247,0.014285714293755204
2823_at,0.01428571429134058,0.014285792832253428,0.014285836194217798,0.014292094587337649,0.014285737953433799,0.8714212651580538,0.014285896388487688,0.014286187940045736,0.014285760361074247,0.014285714293755204
2824_at,0.01428571429134058,0.014285792832253428,0.014285836194217798,0.014292094587337649,0.014285737953433799,0.8714212651580538,0.014285896388487688,0.014286187940045736,0.014285760361074247,0.014285714293755204
2839_s_at,0.2811821546006633,0.255074296629283,0.000917642478121875,0.0009177202989005843,0.3161615697042696,0.08316577934829278,0.0598279640158292,0.0009176893248734365,0.000917697263649381,0.0009174863361167936
2840_s_at,0.2811821546006633,0.255074296629283,0.000917642478121875,0.0009177202989005843,0.3161615697042696,0.08316577934829278,0.0598279640158292,0.0009176893248734365,0.000917697263649381,0.0009174863361167936
2841_s_at,0.2811821546006633,0.255074296629283,0.000917642478121875,0.0009177202989005843,0.3161615697042696,0.08316577934829278,0.0598279640158292,0.0009176893248734365,0.000917697263649381,0.0009174863361167936
2842_at,0.014285716153018584,0.014285813137277526,0.014285836135765067,0.014288838436160219,0.014285737940833121,0.8714244995477135,0.01428589630242299,0.014286187717799239,0.014285760338074983,0.0142857142909347
2848_s_at,0.0015386159662535849,0.7966892309076181,0.0015388189706988708,0.0015387528785640973,0.0015389516894486505,0.12982385698967755,0.0015386527947347567,0.0015386403267037528,0.06271587196806769,0.0015386075082330845
2855_s_at,0.0018526435517281527,0.14958994482810278,0.0018523396227442686,0.001852659435129712,0.22237328979219909,0.14982008646217532,0.0018520022115112702,0.4671027225978067,0.001852162796359013,0.0018521487022437335
2870_s_at,0.0007300739516859956,0.0007300927985776325,0.19493937552121118,0.20960106620329452,0.0007299975384615933,0.18454999819422896,0.0007299808971984859,0.0007299867498101206,0.23441350231759106,0.1728459258279404
2888_at,0.014285716153018584,0.014285813137277526,0.014285836135765067,0.014288838436160219,0.014285737940833121,0.8714244995477135,0.01428589630242299,0.014286187717799239,0.014285760338074983,0.0142857142909347
2900_at,0.014285716153018584,0.014285813137277526,0.014285836135765067,0.014288838436160219,0.014285737940833121,0.8714244995477135,0.01428589630242299,0.014286187717799239,0.014285760338074983,0.0142857142909347
2933_at,0.014285716153018584,0.014285813137277526,0.014285836135765067,0.014288838436160219,0.014285737940833121,0.8714244995477135,0.01428589630242299,0.014286187717799239,0.014285760338074983,0.0142857142909347
2968_s_at,0.0007753049705874363,0.0007752799882652666,0.0007755196372301823,0.0007752752658553265,0.0007753620146552306,0.02858401200093025,0.9652132787205779,0.0007752396937708145,0.0007754813923626995,0.0007752463157649754
2969_s_at,0.0007753049705874363,0.0007752799882652666,0.0007755196372301823,0.0007752752658553265,0.0007753620146552306,0.02858401200093025,0.9652132787205779,0.0007752396937708145,0.0007754813923626995,0.0007752463157649754
2970_s_at,0.0007753049705874363,0.0007752799882652666,0.0007755196372301823,0.0007752752658553265,0.0007753620146552306,0.02858401200093025,0.9652132787205779,0.0007752396937708145,0.0007754813923626995,0.0007752463157649754
2971_at,0.014285714293337495,0.014285815427172149,0.014285871146722728,0.1994265751003706,0.014285744737374862,0.6862862026850552,0.014286304810997274,0.014286283936106616,0.014285773566316379,0.014285714296546681
2972_at,0.014285714293337495,0.014285815427172149,0.014285871146722728,0.1994265751003706,0.014285744737374862,0.6862862026850552,0.014286304810997274,0.014286283936106616,0.014285773566316379,0.014285714296546681
3011_s_at,0.0013514407358625148,0.807662476788067,0.0013515065030257863,0.001351487928393865,0.001351489145752377,0.18152583409362327,0.0013514143630902326,0.001351530615851722,0.0013513994315920426,0.0013514203947412888
3012_s_at,0.0013514407358625148,0.807662476788067,0.0013515065030257863,0.001351487928393865,0.001351489145752377,0.18152583409362327,0.0013514143630902326,0.001351530615851722,0.0013513994315920426,0.0013514203947412888
3033_s_at,0.0014926025573145168,0.0014926601616587476,0.001492656133323505,0.001492893702804924,0.0014927413749081047,0.0014930467004962162,0.0014926431185483134,0.9865655418625066,0.0014926550315851684,0.0014925593568540475
3046_at,0.012500000029688306,0.012502267812518845,0.012502235790494552,0.012506930088603345,0.012500017586735539,0.8874875985906864,0.012500135190047537,0.012500780654032047,0.012500034219562601,0.01250000003763083
3057_s_at,0.0009175462809077977,0.6084986269097609,0.061195894043961474,0.030966075822965792,0.0009174774306529425,0.11156550186770643,0.0009174791239729219,0.0009174863551813268,0.18318641289904022,0.0009174992658501929
3058_s_at,0.0009175462809077977,0.6084986269097609,0.061195894043961474,0.030966075822965792,0.0009174774306529425,0.11156550186770643,0.0009174791239729219,0.0009174863551813268,0.18318641289904022,0.0009174992658501929
3090_s_at,0.0017243496279805487,0.0017246275922820433,0.001724406658391386,0.0017243865151616146,0.843740210578318,0.14246485788071717,0.001724302164646878,0.0017244516481218477,0.0017242411811703945,0.0017241661532100567
3106_s_at,0.014285722067639176,0.014285807980353893,0.01428583620530148,0.01428771264400493,0.014285738150364335,0.8714255388464275,0.014285896409101358,0.014286188707477625,0.014285760363296231,0.014285798626033496
3184_s_at,0.0008475098567026509,0.0008475299481295779,0.0008476236094235218,0.0008475206074585457,0.0008475461096483888,0.0008475375908416788,0.0008476332302606007,0.0008475010220791362,0.992372102909653,0.0008474951158028421
3187_s_at,0.0006493831198577388,0.0006493926883865415,0.000649422310322911,0.0006493865077525169,0.054417086544855726,0.0006494018324304584,0.0006495250906201435,0.0006495346391728201,0.9403874917565347,0.0006493755100663958
3190_f_at,0.002778048787750521,0.002778719080010369,0.0027785265654827374,0.002779142436554989,0.668098475074297,0.038141220307330005,0.27431161116260755,0.0027785292693833143,0.0027778108638042407,0.0027779164527793492
3207_i_at,0.025001203156401648,0.025000838424819722,0.02500123344439716,0.02500081620192266,0.7749882788492415,0.02500091575532901,0.025001075613604325,0.025000844805067535,0.02500285655551039,0.02500193719370612
3208_f_at,0.025001203156401648,0.025000838424819722,0.02500123344439716,0.02500081620192266,0.7749882788492415,0.02500091575532901,0.025001075613604325,0.025000844805067535,0.02500285655551039,0.02500193719370612
3215_f_at,0.025001203156401648,0.025000838424819722,0.02500123344439716,0.02500081620192266,0.7749882788492415,0.02500091575532901,0.025001075613604325,0.025000844805067535,0.02500285655551039,0.02500193719370612
3216_at,0.025001203156401648,0.025000838424819722,0.02500123344439716,0.02500081620192266,0.7749882788492415,0.02500091575532901,0.025001075613604325,0.025000844805067535,0.02500285655551039,0.02500193719370612
3232_f_at,0.0004927040434466175,0.0004926427136580659,0.15832175655444217,0.0004927626863119713,0.0004926341759758059,0.0004926471297532872,0.000492629148781399,0.0004926274476329307,0.837736850933646,0.0004927451663516195
3234_at,0.0030304023225301135,0.0030304253327242256,0.003030450618505797,0.0030303453874020144,0.7943549454527724,0.0030304178168971143,0.1814008744460752,0.0030313853565079422,0.0030303434236537783,0.0030304098429314724
3236_f_at,0.00015898970121706201,0.00015899198820190703,0.0001590012687796022,0.00015900445047358421,0.00015898725631151845,0.0001589884340758432,0.0001589850164423474,0.00015898605759490707,0.9985690766307173,0.00015898919618602235
3255_at,0.025001203156401648,0.025000838424819722,0.02500123344439716,0.02500081620192266,0.7749882788492415,0.02500091575532901,0.025001075613604325,0.025000844805067535,0.02500285655551039,0.02500193719370612
3259_at,0.025001203156401648,0.025000838424819722,0.02500123344439716,0.02500081620192266,0.7749882788492415,0.02500091575532901,0.025001075613604325,0.025000844805067535,0.02500285655551039,0.02500193719370612
3279_f_at,0.0001848482308606659,0.00018485070586218307,0.00018486702374674395,0.00018488482972711586,0.00018484804201850897,0.00018484860756372098,0.00018484712616925327,0.00018484606928036653,0.48279976068628094,0.5157213986784904
3296_at,0.025001203156401648,0.025000838424819722,0.02500123344439716,0.02500081620192266,0.7749882788492415,0.02500091575532901,0.025001075613604325,0.025000844805067535,0.02500285655551039,0.02500193719370612
3305_at,0.025001202030710164,0.025000837738149834,0.025005850556979795,0.025000503071579566,0.7749863016117339,0.025000914999369,0.0250010746660432,0.025000844111526,0.02500166895110784,0.025000802262800725
3309_s_at,0.025001203156401648,0.025000838424819722,0.02500123344439716,0.02500081620192266,0.7749882788492415,0.02500091575532901,0.025001075613604325,0.025000844805067535,0.02500285655551039,0.02500193719370612
3316_f_at,0.02500120209253253,0.025000837780325823,0.02500195558644526,0.025000503096499718,0.7749882757457267,0.025000915045703488,0.02500107472084071,0.02500084415401798,0.02500358947468326,0.025000802303224445
3326_at,0.016667324891496863,0.016667267949109534,0.016668081330177217,0.016666970049403255,0.8499901020936339,0.016667122365772592,0.016668377532955626,0.01666820348678399,0.01666903027224798,0.016667520028418953
3327_f_at,0.0025001609262296294,0.0025004240404223545,0.03869773141014327,0.00250060989714284,0.6523155342963737,0.0025005940597832284,0.1421716836079921,0.1518121850516697,0.002500308446554149,0.0025007682636891183
3328_at,0.025001203156401648,0.025000838424819722,0.02500123344439716,0.02500081620192266,0.7749882788492415,0.02500091575532901,0.025001075613604325,0.025000844805067535,0.02500285655551039,0.02500193719370612
3336_f_at,0.0004927040434466175,0.0004926427136580659,0.15832175655444217,0.0004927626863119713,0.0004926341759758059,0.0004926471297532872,0.000492629148781399,0.0004926274476329307,0.837736850933646,0.0004927451663516195
3343_i_at,0.025001203156401648,0.025000838424819722,0.02500123344439716,0.02500081620192266,0.7749882788492415,0.02500091575532901,0.025001075613604325,0.025000844805067535,0.02500285655551039,0.02500193719370612
3363_at,0.025001202030710164,0.025000837738149834,0.025005850556979795,0.025000503071579566,0.7749863016117339,0.025000914999369,0.0250010746660432,0.025000844111526,0.02500166895110784,0.025000802262800725
3373_at,0.025001203156401648,0.025000838424819722,0.02500123344439716,0.02500081620192266,0.7749882788492415,0.02500091575532901,0.025001075613604325,0.025000844805067535,0.02500285655551039,0.02500193719370612
3374_at,0.025001203156401648,0.025000838424819722,0.02500123344439716,0.02500081620192266,0.7749882788492415,0.02500091575532901,0.025001075613604325,0.025000844805067535,0.02500285655551039,0.02500193719370612
3375_f_at,0.0006289729626510824,0.0006289839169828388,0.0006290820317903289,0.03823994977989602,0.0006289594867608196,0.0006289773211988325,0.0006289550878515034,0.0006289550893381259,0.8373512277286712,0.12000593659485921
3380_i_at,0.02500120209253253,0.025000837780325823,0.02500195558644526,0.025000503096499718,0.7749882757457267,0.025000915045703488,0.02500107472084071,0.02500084415401798,0.02500358947468326,0.025000802303224445
3404_f_at,0.025001203156401648,0.025000838424819722,0.02500123344439716,0.02500081620192266,0.7749882788492415,0.02500091575532901,0.025001075613604325,0.025000844805067535,0.02500285655551039,0.02500193719370612
3441_f_at,0.0001631364392390501,0.0001631385168728624,0.00016315218202794273,0.00016316851373084865,0.00016313652743741973,0.00016313673924614117,0.00016313572655009576,0.00016313478881771295,0.46606830256135695,0.532626558004721
3448_s_at,0.0017243957061076553,0.16619131331887943,0.8200130050737109,0.0017243449537133258,0.0017250531900662772,0.0017243188317336744,0.0017243795525466851,0.0017242928459088836,0.0017245901699487823,0.001724306357384373
3454_s_at,0.05001010671647163,0.05000673408573038,0.05000781565680415,0.050004029876906386,0.5499361889969987,0.050007373609811126,0.0500087723487756,0.05000678641622464,0.050005748494171554,0.0500064437981058
3467_f_at,0.025001203156401648,0.025000838424819722,0.02500123344439716,0.02500081620192266,0.7749882788492415,0.02500091575532901,0.025001075613604325,0.025000844805067535,0.02500285655551039,0.02500193719370612
3470_i_at,0.0023810432566301284,0.002381087641725575,0.0023810928048557294,0.0023809925247904457,0.43142200730510893,0.0023810431458683176,0.5495291716673728,0.0023814775568206997,0.00238103159012396,0.0023810525067033956
3471_f_at,0.002173992590303587,0.002174069606237083,0.002174052246530443,0.0021739398800379953,0.6644824903200305,0.002173995842011083,0.3181248318187502,0.0021746821891548323,0.0021739450369683295,0.0021740004699759593
3475_f_at,0.0004927040434466175,0.0004926427136580659,0.15832175655444217,0.0004927626863119713,0.0004926341759758059,0.0004926471297532872,0.000492629148781399,0.0004926274476329307,0.837736850933646,0.0004927451663516195
3482_f_at,0.05001010671647163,0.05000673408573038,0.05000781565680415,0.050004029876906386,0.5499361889969987,0.050007373609811126,0.0500087723487756,0.05000678641622464,0.050005748494171554,0.0500064437981058
3483_f_at,0.0018868800844690733,0.001887004857189962,0.0018869601514223727,0.0018868994342017263,0.47654692381117997,0.0018869400338211255,0.1778060793099501,0.3324385654597537,0.0018868532822352245,0.0018868935757767734
3495_f_at,0.025001203156401648,0.025000838424819722,0.02500123344439716,0.02500081620192266,0.7749882788492415,0.02500091575532901,0.025001075613604325,0.025000844805067535,0.02500285655551039,0.02500193719370612
3506_s_at,0.010000234893672634,0.010000256629602047,0.010000764775740946,0.010000184814134264,0.9099972376377221,0.010000129771027587,0.010000261965288946,0.010000249839627147,0.010000570229070903,0.01000010944411319
3528_f_at,0.00013004085290256037,0.0001300416462258783,0.00013004489958376813,0.00013004869903819453,0.0001300445886265595,0.00013004158256686395,0.00013004096024853446,0.00013004045706167992,0.9988296124703739,0.00013004384337198953
3529_f_at,0.00014993174321398074,0.0001499338870236403,0.00014994246742993715,0.00014994478806610621,0.00014992927840093887,0.00014993047245038325,0.00014992735384084343,0.00014992836003441747,0.9986506006611918,0.00014993098834798583
3538_f_at,0.05001010671647163,0.05000673408573038,0.05000781565680415,0.050004029876906386,0.5499361889969987,0.050007373609811126,0.0500087723487756,0.05000678641622464,0.050005748494171554,0.0500064437981058
3541_at,0.025001202030710164,0.025000837738149834,0.025005850556979795,0.025000503071579566,0.7749863016117339,0.025000914999369,0.0250010746660432,0.025000844111526,0.02500166895110784,0.025000802262800725
3543_s_at,0.0007246729043967842,0.000724688207532741,0.0007247260269474065,0.000724680569778602,0.0007247120661593587,0.0007246954783375635,0.0007247631616512966,0.0007246690492228737,0.9934777270077535,0.0007246655282198838
3552_f_at,0.025001203156401648,0.025000838424819722,0.02500123344439716,0.02500081620192266,0.7749882788492415,0.02500091575532901,0.025001075613604325,0.025000844805067535,0.02500285655551039,0.02500193719370612
3553_f_at,0.0004927040434466175,0.0004926427136580659,0.15832175655444217,0.0004927626863119713,0.0004926341759758059,0.0004926471297532872,0.000492629148781399,0.0004926274476329307,0.837736850933646,0.0004927451663516195
3558_f_at,0.0004927040434466175,0.0004926427136580659,0.15832175655444217,0.0004927626863119713,0.0004926341759758059,0.0004926471297532872,0.000492629148781399,0.0004926274476329307,0.837736850933646,0.0004927451663516195
3560_at,0.025001203156401648,0.025000838424819722,0.02500123344439716,0.02500081620192266,0.7749882788492415,0.02500091575532901,0.025001075613604325,0.025000844805067535,0.02500285655551039,0.02500193719370612
3565_at,0.025001203156401648,0.025000838424819722,0.02500123344439716,0.02500081620192266,0.7749882788492415,0.02500091575532901,0.025001075613604325,0.025000844805067535,0.02500285655551039,0.02500193719370612
3576_f_at,0.02500120209253253,0.025000837780325823,0.02500195558644526,0.025000503096499718,0.7749882757457267,0.025000915045703488,0.02500107472084071,0.02500084415401798,0.02500358947468326,0.025000802303224445
3577_at,0.025001203156401648,0.025000838424819722,0.02500123344439716,0.02500081620192266,0.7749882788492415,0.02500091575532901,0.025001075613604325,0.025000844805067535,0.02500285655551039,0.02500193719370612
3594_f_at,0.05001010671647163,0.05000673408573038,0.05000781565680415,0.050004029876906386,0.5499361889969987,0.050007373609811126,0.0500087723487756,0.05000678641622464,0.050005748494171554,0.0500064437981058
3602_at,0.025001203156401648,0.025000838424819722,0.02500123344439716,0.02500081620192266,0.7749882788492415,0.02500091575532901,0.025001075613604325,0.025000844805067535,0.02500285655551039,0.02500193719370612
3611_f_at,0.025001203156401648,0.025000838424819722,0.02500123344439716,0.02500081620192266,0.7749882788492415,0.02500091575532901,0.025001075613604325,0.025000844805067535,0.02500285655551039,0.02500193719370612
3617_f_at,0.025001202030710164,0.025000837738149834,0.025005850556979795,0.025000503071579566,0.7749863016117339,0.025000914999369,0.0250010746660432,0.025000844111526,0.02500166895110784,0.025000802262800725
3624_at,0.025001203156401648,0.025000838424819722,0.02500123344439716,0.02500081620192266,0.7749882788492415,0.02500091575532901,0.025001075613604325,0.025000844805067535,0.02500285655551039,0.02500193719370612
3629_f_at,0.008333874798758387,0.008333727533273765,0.008334681098917602,0.008335270625018761,0.8213607488729586,0.008333523088592617,0.11196611454968156,0.008334255012567883,0.008334192696348159,0.008333611723882594
3646_s_at,0.0008850127363274962,0.0008850345476419326,0.0008850892259644633,0.0008850242322947068,0.0008850490197338636,0.0008850429397846379,0.0008851429669276911,0.00088500290839869,0.992034604956667,0.0008849964662595732
3647_f_at,0.008333874798758387,0.008333727533273765,0.008334681098917602,0.008335270625018761,0.8213607488729586,0.008333523088592617,0.11196611454968156,0.008334255012567883,0.008334192696348159,0.008333611723882594
3648_f_at,0.001695022771793445,0.001695295066723005,0.0016958388115013976,0.0016955061997741183,0.6888670801455377,0.0016954739703664038,0.2382479450922864,0.06101699885931642,0.0016951744925929769,0.0016956645901081045
3650_f_at,0.025001202030710164,0.025000837738149834,0.025005850556979795,0.025000503071579566,0.7749863016117339,0.025000914999369,0.0250010746660432,0.025000844111526,0.02500166895110784,0.025000802262800725
3661_at,0.02500120209253253,0.025000837780325823,0.02500195558644526,0.025000503096499718,0.7749882757457267,0.025000915045703488,0.02500107472084071,0.02500084415401798,0.02500358947468326,0.025000802303224445
3663_f_at,0.0004927040434466175,0.0004926427136580659,0.15832175655444217,0.0004927626863119713,0.0004926341759758059,0.0004926471297532872,0.000492629148781399,0.0004926274476329307,0.837736850933646,0.0004927451663516195
3665_f_at,0.00016892688232496837,0.00016892977975203107,0.00016894037586639136,0.0001689442381236011,0.00016892378157007325,0.00016892637950236613,0.0001689219211211408,0.00016892305570667435,0.9984796369684267,0.0001689266176061976
3670_f_at,0.0004927040434466175,0.0004926427136580659,0.15832175655444217,0.0004927626863119713,0.0004926341759758059,0.0004926471297532872,0.000492629148781399,0.0004926274476329307,0.837736850933646,0.0004927451663516195
3680_i_at,0.025001203156401648,0.025000838424819722,0.02500123344439716,0.02500081620192266,0.7749882788492415,0.02500091575532901,0.025001075613604325,0.025000844805067535,0.02500285655551039,0.02500193719370612
3686_f_at,0.005882526121495965,0.00588509547035349,0.07131782943737734,0.005882557982630865,0.8816140468358276,0.00588509292232201,0.005883295280003231,0.005883557560917132,0.005883043399403631,0.005882954989668752
3691_f_at,0.0004927040434466175,0.0004926427136580659,0.15832175655444217,0.0004927626863119713,0.0004926341759758059,0.0004926471297532872,0.000492629148781399,0.0004926274476329307,0.837736850933646,0.0004927451663516195
3693_f_at,0.025001203156401648,0.025000838424819722,0.02500123344439716,0.02500081620192266,0.7749882788492415,0.02500091575532901,0.025001075613604325,0.025000844805067535,0.02500285655551039,0.02500193719370612
3694_at,0.016667324891496863,0.016667267949109534,0.016668081330177217,0.016666970049403255,0.8499901020936339,0.016667122365772592,0.016668377532955626,0.01666820348678399,0.01666903027224798,0.016667520028418953
3704_f_at,0.00015432792695898296,0.0001543301400623883,0.0001543390453092122,0.00015434179131862836,0.00015432557013908216,0.00015432665680662947,0.00015432339464703838,0.00015432441817595432,0.9986110337065464,0.00015432735003576158
3709_f_at,0.05001010671647163,0.05000673408573038,0.05000781565680415,0.050004029876906386,0.5499361889969987,0.050007373609811126,0.0500087723487756,0.05000678641622464,0.050005748494171554,0.0500064437981058
3730_at,0.025001203156401648,0.025000838424819722,0.02500123344439716,0.02500081620192266,0.7749882788492415,0.02500091575532901,0.025001075613604325,0.025000844805067535,0.02500285655551039,0.02500193719370612
3731_s_at,0.0006993361837676512,0.000699350172902465,0.0006993845666030843,0.0006993442145517075,0.0006993704858656904,0.0006993551983361664,0.0006994178195384777,0.0006993307701284511,0.9937057838364991,0.0006993267518072143
3733_s_at,0.00043672309468330457,0.343846192208608,0.0004367536153970575,0.0004367149387141376,0.3347523455617915,0.0004367932117494665,0.05989905752697023,0.0004367116744140459,0.25888200102879094,0.00043670713888144225
3734_s_at,0.0005376737744585006,0.0005377491189411599,0.0005377153598789969,0.000537678566146758,0.0005377912948852924,0.0005377632979572001,0.4652380624847984,0.000537690023668526,0.5304602174479953,0.000537658631269902
3736_s_at,0.0005882801375992661,0.0005883631493972491,0.0005883288947129821,0.0005882861079317545,0.0005884073616728732,0.0005883753257141455,0.4464462120055415,0.000588296936714774,0.5488471869393037,0.0005882631414117781
3737_s_at,0.0008850127363274962,0.0008850345476419326,0.0008850892259644633,0.0008850242322947068,0.0008850490197338636,0.0008850429397846379,0.0008851429669276911,0.00088500290839869,0.992034604956667,0.0008849964662595732
3739_f_at,0.0018182703322813705,0.0018184175640458984,0.001818356029508715,0.0018182401001415752,0.43405532516160844,0.001818348171151053,0.2090519868789362,0.34416452615872317,0.001818240074274035,0.0018182895293296362
3744_i_at,0.02500120209253253,0.025000837780325823,0.02500195558644526,0.025000503096499718,0.7749882757457267,0.025000915045703488,0.02500107472084071,0.02500084415401798,0.02500358947468326,0.025000802303224445
3758_f_at,0.05001010671647163,0.05000673408573038,0.05000781565680415,0.050004029876906386,0.5499361889969987,0.050007373609811126,0.0500087723487756,0.05000678641622464,0.050005748494171554,0.0500064437981058
3764_s_at,0.020011215666818207,0.02000171999522679,0.020002149655358115,0.020006883009031667,0.020005846315605345,0.020003730201436788,0.020002206785229067,0.02000173308991378,0.020002261946963678,0.8199622533344166
3766_s_at,0.8199565532242871,0.02000114785918362,0.020001774838317048,0.020016983176895264,0.020003898879109354,0.020006350223258192,0.020001472602349652,0.020001156595389022,0.020003156802351565,0.020007505798859494
3768_i_at,0.81994787787228,0.020001149159868538,0.020001776838830514,0.02002524201923546,0.020003903377467398,0.02000827175811742,0.02000147427419547,0.020001157905946206,0.02000316033037995,0.020005986463679307
3769_s_at,0.81994787787228,0.020001149159868538,0.020001776838830514,0.02002524201923546,0.020003903377467398,0.02000827175811742,0.02000147427419547,0.020001157905946206,0.02000316033037995,0.020005986463679307
3770_i_at,0.81994787787228,0.020001149159868538,0.020001776838830514,0.02002524201923546,0.020003903377467398,0.02000827175811742,0.02000147427419547,0.020001157905946206,0.02000316033037995,0.020005986463679307
3775_f_at,0.00012422529302281199,0.00012422603559490253,0.0001242290244962329,0.00012423248480804142,0.00012422891973595552,0.00012422597307452615,0.0001242254407451226,0.00012422496010647147,0.9988819537755785,0.00012422809283743803
3783_at,0.025001203156401648,0.025000838424819722,0.02500123344439716,0.02500081620192266,0.7749882788492415,0.02500091575532901,0.025001075613604325,0.025000844805067535,0.02500285655551039,0.02500193719370612
3789_s_at,0.0007246729043967842,0.000724688207532741,0.0007247260269474065,0.000724680569778602,0.0007247120661593587,0.0007246954783375635,0.0007247631616512966,0.0007246690492228737,0.9934777270077535,0.0007246655282198838
3790_s_at,0.0006711755037173608,0.000671185801838061,0.0006712174444958367,0.0006711791705341624,0.05634050452026238,0.0006711955533395368,0.0006713247975682179,0.0006713314925157907,0.938289718436811,0.0006711672789177927
3791_s_at,0.0006329404304545031,0.0006329520449993924,0.0006329798136962378,0.0006329473592181436,0.0006329733022335981,0.0006329560756406531,0.0006330073242044695,0.000632936289185823,0.9943033743622851,0.0006329329980821695
3792_s_at,0.0006711755037173608,0.000671185801838061,0.0006712174444958367,0.0006711791705341624,0.05634050452026238,0.0006711955533395368,0.0006713247975682179,0.0006713314925157907,0.938289718436811,0.0006711672789177927
3801_f_at,0.025001203156401648,0.025000838424819722,0.02500123344439716,0.02500081620192266,0.7749882788492415,0.02500091575532901,0.025001075613604325,0.025000844805067535,0.02500285655551039,0.02500193719370612
3806_s_at,0.020011215666818207,0.02000171999522679,0.020002149655358115,0.020006883009031667,0.020005846315605345,0.020003730201436788,0.020002206785229067,0.02000173308991378,0.020002261946963678,0.8199622533344166
3808_s_at,0.020011215666818207,0.02000171999522679,0.020002149655358115,0.020006883009031667,0.020005846315605345,0.020003730201436788,0.020002206785229067,0.02000173308991378,0.020002261946963678,0.8199622533344166
3812_at,0.025001203156401648,0.025000838424819722,0.02500123344439716,0.02500081620192266,0.7749882788492415,0.02500091575532901,0.025001075613604325,0.025000844805067535,0.02500285655551039,0.02500193719370612
3817_f_at,0.0006289729626510824,0.0006289839169828388,0.0006290820317903289,0.03823994977989602,0.0006289594867608196,0.0006289773211988325,0.0006289550878515034,0.0006289550893381259,0.8373512277286712,0.12000593659485921
3834_s_at,0.0007246757979292888,0.0007246907518681504,0.0007247282577417011,0.000724684268293138,0.0007247105567765515,0.0007246961859308676,0.0007247635095891516,0.0007246698562787898,0.9934777152745063,0.0007246655410860957
3842_f_at,0.05001010671647163,0.05000673408573038,0.05000781565680415,0.050004029876906386,0.5499361889969987,0.050007373609811126,0.0500087723487756,0.05000678641622464,0.050005748494171554,0.0500064437981058
3852_f_at,0.0022223006857132726,0.0022223759056683493,0.002222358290437095,0.002222282678838462,0.7025733567676704,0.0022223155172758765,0.2796473433610982,0.0022230967637290227,0.002222266439366921,0.0022223035902023797
3853_f_at,0.010000211554885508,0.010000294272201043,0.010000726343976626,0.010000097492676586,0.9099954698318647,0.010000383519792167,0.010000788084385223,0.010000564790876609,0.010000784953430058,0.010000679155911378
3855_s_at,0.007692486328054064,0.007692567749985821,0.007692660125042228,0.00769244386129703,0.9307663660356955,0.007692489744617764,0.007692706759684773,0.007692708367590253,0.007692981252641065,0.007692589775391474
3858_s_at,0.05001010671647163,0.05000673408573038,0.05000781565680415,0.050004029876906386,0.5499361889969987,0.050007373609811126,0.0500087723487756,0.05000678641622464,0.050005748494171554,0.0500064437981058
3878_s_at,0.05001010671647163,0.05000673408573038,0.05000781565680415,0.050004029876906386,0.5499361889969987,0.050007373609811126,0.0500087723487756,0.05000678641622464,0.050005748494171554,0.0500064437981058
3887_f_at,0.0004927040434466175,0.0004926427136580659,0.15832175655444217,0.0004927626863119713,0.0004926341759758059,0.0004926471297532872,0.000492629148781399,0.0004926274476329307,0.837736850933646,0.0004927451663516195
3915_s_at,0.0001379371066860003,0.00013793906084449804,0.00013794669308866126,0.00013794835376124644,0.00013793505393806208,0.00013793584846126042,0.00013793310816116435,0.00013793406173264266,0.9987585543904085,0.00013793632291788245
3925_f_at,0.0006289713213314273,0.0006289820428338189,0.0006290820099325741,0.06351379683306105,0.0006289552675374905,0.0006289857537735942,0.0006289543835148771,0.0006289552156201459,0.8150060184273139,0.11707729874508116
3937_g_at,0.0017859512768531416,0.001785907267864881,0.5062451014486514,0.0017860465598284081,0.34166389737508646,0.0017858303790115086,0.13958955707793413,0.0017859089745234447,0.0017860535261610396,0.0017857461140854973
3938_at,0.001408616011516793,0.0014086881639603075,0.0014087482693734684,0.0014086562152651652,0.0014087303329029805,0.00140857587385206,0.16717113116231352,0.8215596785688064,0.0014086369568360937,0.001408538445173082
3939_at,0.0012988422247601882,0.0012988931824463787,0.34985494080970375,0.0012989244935621592,0.0012988556298782164,0.0012987503944236758,0.6397542616908487,0.001298862707287637,0.001298945927273496,0.0012987229398158362
3941_at,0.0008621956122573211,0.9922387508014001,0.0008621903169823112,0.0008622191159490846,0.0008625131808197333,0.0008621692793442826,0.0008626109603583945,0.0008626405670661878,0.0008625936774621925,0.0008621164883604584
3942_at,0.000769335073385198,0.0007693526055568752,0.0007694712975875768,0.9044946316328301,0.08934991321956556,0.0007694944873169877,0.0007692947449157091,0.0007693150314540807,0.0007693197126009591,0.0007698721947868158
3945_at,0.0014494180435069269,0.001449568524772954,0.0014495905772275931,0.0014494731586720338,0.0014495693699167515,0.0014494716722615211,0.9869541678551785,0.0014494490354461714,0.0014493817526003122,0.0014499100104173165
3946_at,0.0014494180435069269,0.001449568524772954,0.0014495905772275931,0.0014494731586720338,0.0014495693699167515,0.0014494716722615211,0.9869541678551785,0.0014494490354461714,0.0014493817526003122,0.0014499100104173165
3948_s_at,0.001961026629713952,0.8340868206921789,0.0019610081749957754,0.001960892208372118,0.001961351952953165,0.0019608591199125765,0.02551647630419448,0.1266694792270871,0.0019612507709982074,0.001960834919593769
3949_i_at,0.002040923711689981,0.0020410018068104355,0.002040978754269554,0.002040918065698998,0.23868007767609958,0.002041006054543543,0.0020409802624954424,0.7449923001256857,0.002040873979237412,0.0020409395634690426
3950_at,0.0015878037376563868,0.42759907784766066,0.043453167831416575,0.0015874494548191154,0.001587574285442727,0.0015874836758010878,0.0015874206124429182,0.5178349613376906,0.0015874976031676178,0.0015875636139023968
3951_at,0.025005017386242907,0.025003194445821997,0.025003641717498207,0.025001564403401372,0.02501391218809672,0.7749591733670548,0.025005601610512972,0.025003169784300422,0.025002229633179558,0.025002495463891078
3952_at,0.025005017386242907,0.025003194445821997,0.025003641717498207,0.025001564403401372,0.02501391218809672,0.7749591733670548,0.025005601610512972,0.025003169784300422,0.025002229633179558,0.025002495463891078
3953_at,0.0200029038724759,0.020001849232789297,0.020017038996481107,0.02000325013354623,0.02000617498956276,0.8199560060041158,0.020008206159147005,0.020001834960416482,0.020001290880567086,0.020001444770898224
3970_s_at,0.0005882929232974712,0.0005882745608211285,0.000588318963322369,0.0005883425633335843,0.0005883616816067292,0.3495665062518877,0.5008967353840975,0.06350942371566437,0.08249732499394974,0.0005884189620193008
3975_at,0.001099120129551294,0.001098956129769869,0.0010989805548676985,0.0010990110663857068,0.0010990552493115465,0.0010990810969971564,0.8819024592306738,0.1093053768304833,0.001098956636057107,0.001099003075902523
3981_at,0.0020834193783796943,0.002083560375595899,0.002083777510884807,0.0020836267795096585,0.0020835604379964945,0.28444348945042885,0.17014146766080837,0.002083609916290729,0.49971592701534,0.03319756147476553
4008_at,0.0009709701973776788,0.0009711170345595694,0.0009709610682033919,0.0009709774668086152,0.0009709915475692053,0.026484372005439988,0.9003637906460357,0.06635490135408616,0.000970926410832671,0.000970992269087015
4009_at,0.03333333333551533,0.033333333334918364,0.03333333333501044,0.6999954536134932,0.03333333333488162,0.033336990881771195,0.03333366028457445,0.033333895188770626,0.03333333335502074,0.03333333333604393
4024_at,0.033333333335554806,0.03333333333491993,0.033333333335040016,0.6999975068227088,0.03333344148147587,0.033333333335896234,0.03333333333480541,0.03333333333482652,0.03333333333488293,0.033335718349889666
4029_at,0.033333333335554806,0.03333333333491993,0.033333333335040016,0.6999975068227088,0.03333344148147587,0.033333333335896234,0.03333333333480541,0.03333333333482652,0.03333333333488293,0.033335718349889666
4033_f_at,0.002702806986412985,0.0027028407383242257,0.0027028722467991326,0.002702749111491638,0.38642677553723176,0.002702786653860081,0.5919501908669543,0.0027033700842002254,0.002702793167587183,0.0027028146071384177
4035_at,0.0250012020338043,0.025000968115839836,0.025000967193211147,0.02500050302084949,0.7749916534386594,0.025001045378897028,0.025001074634931737,0.025000844054809065,0.02500071654430239,0.025001025584695573
4037_at,0.0250012020338043,0.025000968115839836,0.025000967193211147,0.02500050302084949,0.7749916534386594,0.025001045378897028,0.025001074634931737,0.025000844054809065,0.02500071654430239,0.025001025584695573
4038_at,0.0250012020338043,0.025000968115839836,0.025000967193211147,0.02500050302084949,0.7749916534386594,0.025001045378897028,0.025001074634931737,0.025000844054809065,0.02500071654430239,0.025001025584695573
4043_s_at,0.0017859512768531416,0.001785907267864881,0.5062451014486514,0.0017860465598284081,0.34166389737508646,0.0017858303790115086,0.13958955707793413,0.0017859089745234447,0.0017860535261610396,0.0017857461140854973
4045_s_at,0.09584164283155758,0.10449809007728547,0.4163409811315524,0.001389093485586368,0.0013891413018710262,0.0013891983603038244,0.3749842744792361,0.0013890352068203072,0.001389460949595537,0.0013890821761914265
4056_at,0.2650793255184597,0.008333656772926426,0.008336318718936586,0.008333452872539553,0.5743427739882242,0.008340328625943638,0.10223077249542066,0.008333532234809714,0.008335119507399073,0.008334719265340476
4057_at,0.0732432154689398,0.001961088905573451,0.00196109730665618,0.001961213853708402,0.001961187372080951,0.6392703199483895,0.27375852902916853,0.0019610090483005785,0.001961216715154426,0.0019611223520282902
4059_at,0.000518194342292081,0.000518187733630408,0.0005183480865663134,0.9024992951099226,0.000518245511829204,0.09335468828854396,0.0005182685748218252,0.0005182848475595465,0.0005183180702322614,0.0005181694346020419
4060_at,0.0016133320484528137,0.0016135933051074167,0.48444319139833997,0.0016131756025794144,0.0016131897172258782,0.0016131644551994105,0.5026510475502695,0.0016132122630365773,0.0016129990849104057,0.0016130945748787037
4062_at,0.19125526584007152,0.28952672916967576,0.3728947056968161,0.0011629126949791642,0.13934525851363466,0.0011632920519144344,0.001162898613344386,0.0011629793080024334,0.0011628697660150764,0.0011630883455464249
4063_at,0.0018868973909501126,0.0018869478812610127,0.20187515010582416,0.0018872404055945403,0.0018872674427460785,0.0018868919430165083,0.001887113379622382,0.0018873236748494675,0.783028203098374,0.0018869646777618376
4064_at,0.0018182947039083223,0.0018183063660237669,0.001818628456084099,0.0018183254689991706,0.0018187803786720279,0.0018182899631319907,0.0018184414324498694,0.9836338488159577,0.001818859315651808,0.001818225099121242
4065_at,0.003571677430137697,0.003571850952777471,0.1971741321698958,0.0035719769088599883,0.00357293767515275,0.0035718426786309006,0.003571874914460118,0.0035724878310512383,0.7742496586065143,0.0035715608325197884
4066_at,0.003703912189292677,0.0037041940055372643,0.003704548471410224,0.003705002854678765,0.4464646204680502,0.003703781449909808,0.0037045946652073513,0.14496459649011645,0.3826408330898889,0.0037039163159081805
4067_at,0.00204091062628029,0.0020413702695065,0.08311442099771502,0.00204119642886705,0.0020414043482477728,0.0020411379199467214,0.5161326758832521,0.0020411740092631083,0.38646483093688744,0.002040878580034003
4070_at,0.0015875097100383673,0.0015875905280681153,0.001587645837090106,0.0015873986344686298,0.0015874577264787606,0.0015878082360110052,0.10878606959288663,0.0015874253602157632,0.5771278313039986,0.302973263070744
4072_at,0.0030306133978007643,0.003030610714107802,0.003031134077581242,0.0030303918215352998,0.39299662965264043,0.0030304530969558863,0.39878496315155626,0.14881645503422883,0.04121836128496827,0.0030303877686252353
4073_at,0.001539102780370632,0.0015388859815135035,0.0015389025156722802,0.03251202473946348,0.13602773178023778,0.001538539211574382,0.4678989195779189,0.354328760892053,0.001538638126653947,0.0015384943945420347
4074_at,0.0018182415991557603,0.0018183696253378176,0.0018182560607273401,0.0018182064009681954,0.8187991291718126,0.0018182794031953084,0.16665382749412902,0.0018190966785500962,0.0018183308292126043,0.0018182627369112854
4075_at,0.0023810873322711056,0.002381441967395627,0.3673167527510171,0.002381078387262073,0.5362450376880568,0.002381477685086446,0.07976906247576152,0.0023815420720338268,0.002381426501464388,0.002381093139651009
4076_f_at,0.005263295141752745,0.005263489708859861,0.005263814950818991,0.005263415161470548,0.952629110502037,0.005263244893885097,0.005263361195964482,0.005263482833844582,0.005263513842302521,0.005263271769063894
4077_at,0.007692475086274165,0.007692524586018449,0.0076929789378095146,0.00769248511662542,0.7915386205679596,0.007692557450894538,0.007692981798462937,0.007692569186732566,0.1469200718360235,0.007692735433199221
4078_i_at,0.03333663937875468,0.0333371000482976,0.03333868814109775,0.033336555125564195,0.6999654234520231,0.033337322267978926,0.033337039595730276,0.03333800860632957,0.03333552820126474,0.03333769518295926
4079_at,0.0013334506300236087,0.00133351006063485,0.3815007884319394,0.0013336594378575404,0.0013334397403040414,0.0013336251469228705,0.45526672171524635,0.0013334529153347058,0.15389785231458783,0.0013334996071488808
4084_at,0.3814555601866235,0.2996834939835619,0.002325839451773818,0.0023257212540411807,0.1318891430618116,0.13114097109099382,0.0442020593073459,0.0023257575958171776,0.0023257005260366344,0.0023257535419942527
4093_at,0.5198943423618453,0.0020003281891569054,0.46410171405836487,0.002000474578405082,0.002000209051735616,0.0020006529879255507,0.0020001840324534383,0.0020001312327786007,0.002001328822605133,0.0020006346847296413
4095_at,0.003333739543203204,0.003334643716159163,0.0033335974547973332,0.0033342023489057525,0.9279098522934021,0.0454187184718102,0.0033335387586865967,0.0033347676197940075,0.003333536708254295,0.0033334030849872785
4096_at,0.0011495553725520006,0.001149530677118969,0.13482642125725722,0.0011496178417070599,0.015972200073525945,0.0011497939085805624,0.0011496457638122477,0.0011498244719364329,0.6531585877624907,0.18914482287101875
4097_at,0.003448843611666896,0.43122352253183105,0.0034493101021826613,0.003449561871198721,0.5411848233059898,0.003449057375503967,0.0034486010753639633,0.003448580610988562,0.0034491690817162043,0.003448530433558134
4103_at,0.001333506540900192,0.0013335628270418989,0.1453593768790853,0.001333573104568598,0.0013335303773991437,0.0013336133284745102,0.6215535775253008,0.2237522783069862,0.001333516128655173,0.0013334649815880486
4107_at,0.002128113149813252,0.002128071949028348,0.6818409370069659,0.30113415386830755,0.0021281556051845167,0.0021279850973104147,0.0021278720827814196,0.0021289765285815243,0.0021277853002751646,0.002127949411751968
4109_at,0.001639571429769397,0.41267410272775196,0.4743213164515058,0.0016398629544934476,0.06309458255441219,0.0016395428768811414,0.04007259124526864,0.0016394765256983292,0.0016395743186431147,0.0016393789155758815
4114_at,0.0025001693189907414,0.0025002357159029385,0.0025001964726975292,0.0025001587824101017,0.9774984625977645,0.0025000966416026124,0.0025001832156756683,0.0025003357356401484,0.002500078406570928,0.002500083112744858
4116_at,0.00200026625960959,0.0020005047991934824,0.08074406828541657,0.0020004868657821744,0.002000088084864087,0.7300226324483403,0.0020000518817690446,0.0020005674987992246,0.17523118178753078,0.0020001520886948187
4121_at,0.0009902098294734007,0.0009901959564274686,0.000990177304139785,0.0009901397687731228,0.000990251491628247,0.0009901348508323145,0.4123204846173564,0.5797580646946408,0.0009902178488044458,0.0009901236379240394
4126_at,0.12878665899935746,0.6930184861470471,0.0030314644743801703,0.0030306945961258063,0.0030312269289623373,0.0030305402986495118,0.003030677136439562,0.0030310784724081187,0.15697871627642895,0.0030304566702010747
4127_at,0.001389157263663529,0.0013891754367355263,0.001389256577829997,0.13537198775229972,0.001389076864137357,0.0013890235203513333,0.0013889936917801523,0.8535153034114769,0.0013890725140937874,0.001388952967631873
4129_at,0.0015154441113106284,0.639641704792693,0.001515367986995279,0.0015152975099418339,0.0015153523575187854,0.0015152790210508655,0.32376928359926654,0.0015152433088056589,0.025981731440417724,0.0015152958719996392
4130_at,0.002128241950422911,0.23977791884129204,0.002128209745761444,0.002127741092187273,0.08063472488670403,0.0021282481286300104,0.0021279031932137575,0.6646897775916553,0.00212780886681511,0.0021294257033182035
4132_at,0.0023256810045929645,0.00232584204312738,0.002325969145982124,0.002325628904079173,0.6021780165758848,0.002325855238675871,0.0023258479261179872,0.3792157567833993,0.002325748635249487,0.002325653742890925
4135_at,0.0008696613025180355,0.05310801970132849,0.0008697057390564617,0.8936791429937361,0.0008698916160374201,0.0008699000779599724,0.04712467695860345,0.0008696893907049647,0.0008696727378312938,0.0008696394822238022
4138_at,0.0010873210653230474,0.9902139915065666,0.0010871995704426229,0.001087126681492559,0.0010877029496460992,0.0010871561290916115,0.001087387513484981,0.0010878873872526957,0.001087065318110636,0.001087161878589059
4145_at,0.001538544330095703,0.001538805876629881,0.1467530754782702,0.0015387645133136546,0.07555309374715015,0.7669230436615065,0.0015386383500334319,0.0015386660484348264,0.0015386128114291905,0.0015387551831364925
4147_at,0.0015627788121834426,0.0015631069390229539,0.21736272515107602,0.07165263026842905,0.0015629163727183689,0.7000443552223788,0.001562968583945691,0.0015626728690721356,0.0015631566423182032,0.0015626891388553002
4149_at,0.004000172175383308,0.004003698376877036,0.004000396440447849,0.00400020228194962,0.004000314279112999,0.004000156019057952,0.9639945034584256,0.004000315810339316,0.004000125771711319,0.004000115386694778
4150_at,0.0009178164716541771,0.3906802579073805,0.0009177028821628535,0.0009175650661510909,0.0009176379114723473,0.04336909590559285,0.000917604171285626,0.5595271038616013,0.0009175554524765519,0.0009176603702226968
4152_at,0.0016395665498826727,0.0016399976218881512,0.001639748752188864,0.001640251297700883,0.0016397450946453805,0.07327013396930307,0.9136119135814991,0.0016397705993781103,0.001639386043334619,0.0016394864901790984
4153_at,0.0031254377563124116,0.003126097890487536,0.17630245565846558,0.003125646531879897,0.0031263098220714455,0.0031252725602800733,0.0031253358505802776,0.4473687529646233,0.003126373014953303,0.3544483179503462
4158_at,0.033335917135242525,0.033335580299177194,0.0333366411278115,0.03333441365150809,0.6999769912434084,0.03333636142123526,0.033336719387563565,0.033335460879246215,0.03333496853814229,0.0333369463166649
4159_at,0.033335917135242525,0.033335580299177194,0.0333366411278115,0.03333441365150809,0.6999769912434084,0.03333636142123526,0.033336719387563565,0.033335460879246215,0.03333496853814229,0.0333369463166649
4160_at,0.0032262270016128647,0.0032266926067518434,0.003226308415063377,0.0032262819554155836,0.9282412121042896,0.00322592546802497,0.04594900967447253,0.003226272341923879,0.003226214623779997,0.003225855808665504
4162_at,0.012500541799473613,0.012500434174189813,0.012500483040553304,0.01250016948557286,0.6080042600344162,0.012500490934156784,0.2919917566051249,0.012500419252557286,0.012500977385069787,0.012500467288885386
4165_i_at,0.9863629783218382,0.0015152015324941856,0.0015152165469425134,0.0015151755291469798,0.00151522576618238,0.001515197338829409,0.001515179582896722,0.00151518999865053,0.001515190991032916,0.0015154443919862491
4168_at,0.0015877490580132466,0.10845582728344962,0.001587608638403507,0.0015876195041271207,0.5887448436563549,0.001587506853003864,0.2916862512965467,0.001587563809657102,0.0015875754815104649,0.0015874544189334837
4170_at,0.12896714077253985,0.002857324214793662,0.0028574862404672882,0.0028572793059491635,0.002858133979643951,0.0028573976391232363,0.002857324779993174,0.002857305388328,0.002857434023212844,0.8481731736559489
4172_at,0.0016395777752521348,0.0016395292919954751,0.0016395858483077813,0.0016395241668608334,0.0016395154102227516,0.0016395147722324355,0.5033584939200025,0.0016394957106478942,0.3324581484979908,0.15270661460648743
4173_at,0.679887333324313,0.002381034633565305,0.002381194669149192,0.0023809918812805306,0.002381546367241805,0.09461019817284322,0.20883427121372874,0.00238106154841771,0.002381020837951479,0.002381347351508971
4175_at,0.039026540529588205,0.0016129846339493178,0.0016130372954916573,0.0016130021469565852,0.0016129559778036823,0.0016130384407401195,0.0016129554128254452,0.0016129430403196373,0.0016129590209987158,0.9480695835013266
4177_at,0.0031250722369895595,0.0031251345423782126,0.003125076009514635,0.0031250467084777164,0.9057697291768285,0.003125040839874146,0.0031252235304181863,0.06922958672214939,0.0031250492434578944,0.003125040989911942
4179_at,0.0031250922078733443,0.0031251726244773343,0.00312507073028543,0.003125049421072131,0.2994935117851963,0.003125074446419879,0.6755053390438797,0.003125439128144434,0.003125174374397744,0.0031250762382536903
4183_at,0.0019612883126723293,0.001961281692097617,0.30420134252522163,0.0019609589011950774,0.001961458171811289,0.0019614605433840317,0.36044589725527854,0.0019609914439509993,0.3216242270573812,0.001961094097007078
4185_at,0.001163291890950096,0.0011630825292569323,0.7486220947404794,0.1506725252787412,0.0011632461261703337,0.0017143052337566947,0.0011629995150183444,0.0011631239018341556,0.0011633161361443718,0.09201201464764855
4186_at,0.23449979132356047,0.0020001900029006656,0.002000468639910343,0.002000139819168712,0.00200068530934015,0.0020001523538389437,0.0020009586456742707,0.002000529926180615,0.7494969224438959,0.00200016153552985
4187_at,0.005000724345569851,0.005000213561456962,0.005000252678997484,0.005000114356781519,0.41173517997047426,0.005000121256558734,0.5482620062014593,0.005000587064001154,0.005000404501371001,0.005000396063329683
4190_at,0.0016132313173472766,0.0016132312943117906,0.001613161707986947,0.0016130842187992837,0.0016132819405974286,0.0016131315664966689,0.34534562145779985,0.0016131071573977991,0.6417491647512692,0.0016129845879936714
4193_at,0.0012503629108465632,0.6121920501193919,0.0012503110484742772,0.0012502878737066204,0.0012501361941733946,0.0012502344480095264,0.0012501244268255068,0.37780622976365497,0.0012501154838890974,0.0012501477310280236
4198_at,0.00107540790310169,0.666889614008207,0.22936376545036347,0.0010753644328319772,0.0962186406634237,0.0010753297065434235,0.0010753904064575727,0.0010755249787262886,0.0010753322740096076,0.0010756301763352198
4201_at,0.00243967127614196,0.0024395020488356886,0.002439824710947285,0.0024393866275507154,0.2884284610418705,0.002439431753788589,0.0024392560529691255,0.22129500253546877,0.002439771540274468,0.4731996924121529
4203_at,0.0031253465840432124,0.003125485824294988,0.862283014944752,0.0031254484002477137,0.0031258555074756334,0.0031254429887750154,0.04219785027660188,0.0031253123044765983,0.07364100816068414,0.0031252350086487845
4204_at,0.0025008303334045677,0.5399226361935958,0.0025010225873455675,0.002500901564298966,0.4400726817066884,0.0025003932569500325,0.002500335777845514,0.0025001994799152614,0.0025008687983916725,0.0025001303015639684
4205_at,0.07725426653668345,0.5958191670942796,0.0013161560784658295,0.02372285497423354,0.0329761226484174,0.0013161638043966057,0.0013164335202297598,0.26364695935765775,0.0013159612957169332,0.001315914689919061
4206_at,0.002222393559439489,0.0022226451155094836,0.29344692775915077,0.002222583097025565,0.002222657023024447,0.0022228248183068316,0.002222545044207238,0.002222430434621406,0.0022225020980426425,0.6887724910506722
4207_at,0.3661508569674324,0.0028578028531036914,0.002858159221588526,0.0028575384343648884,0.002858217705483683,0.0028581656437785354,0.0028577697260350134,0.4070517120162704,0.20679182725159884,0.002857950180344012
4209_at,0.0011364279925668076,0.21685715540466913,0.23407034174518193,0.5411169220445938,0.0011366312056268599,0.0011365084880121303,0.0011364814403836152,0.0011365697074592433,0.0011365275667474686,0.001136434404758851
4210_at,0.020000696425304165,0.020000653713046716,0.02000521109891417,0.020003447201885273,0.8199812211003352,0.020003197132983933,0.020000904122595736,0.020003037606059763,0.020000682144328583,0.020000949454546377
4211_at,0.0017859173531512436,0.08030247471010785,0.0906690734972672,0.001785800293443726,0.6611145553885426,0.0017858092759750074,0.15719823839114314,0.001786402359915551,0.0017860000112905994,0.001785728719163129
4212_g_at,0.0017859173531512436,0.08030247471010785,0.0906690734972672,0.001785800293443726,0.6611145553885426,0.0017858092759750074,0.15719823839114314,0.001786402359915551,0.0017860000112905994,0.001785728719163129
4213_at,0.002000230299727363,0.0020004863870244547,0.3789382586847871,0.0020001190877193724,0.002000555260516637,0.00200033175041673,0.6050593127412308,0.0020003671871734385,0.0020002141358965186,0.0020001244655075967
4214_at,0.001724313074887588,0.0017248905567185703,0.9844796781770496,0.0017250238898881465,0.001724415310544903,0.0017244506435037817,0.00172429635762008,0.0017242494798803316,0.0017243984500721226,0.0017242840598347172
4215_g_at,0.001724183897144944,0.5823745054557643,0.0017242407622387707,0.0017242267550537976,0.11742976656692321,0.0017242638817351478,0.0017243367451086726,0.28812606185834255,0.0017242014818409865,0.0017242125958475867
4216_at,0.0016949631012397265,0.5901240095022376,0.0016950210663676808,0.001694993548735252,0.001695414095451072,0.0016950417085155075,0.001695118908757313,0.396315483130845,0.0016949729634776628,0.0016949819743730741
4219_at,0.15055706595499083,0.002439235738784609,0.4142019288809718,0.1878350813669324,0.0024392975925510256,0.0024391844912373113,0.002439268380096054,0.002439367833278371,0.0024394906157619765,0.23277007914539566
4220_at,0.034520905353995615,0.0020838239827811835,0.08167893191405057,0.002084086321316367,0.19892477784530965,0.002083501404774094,0.672372770347989,0.0020840094898724264,0.0020837900686537375,0.0020834032712573934
4222_at,0.001818257255856291,0.0018182612653620473,0.0018184407403209124,0.0018182290201413948,0.0018185408494463945,0.001818244808943132,0.5165753430685008,0.44301225843037084,0.027684078604168688,0.0018183459568893048
4223_at,0.9854810549636791,0.001613339172242235,0.0016134088880998094,0.0016135640753375741,0.0016130989064013898,0.0016130635271588336,0.0016129635205938916,0.0016130009514827848,0.0016132605550179056,0.001613245439986563
4225_at,0.00031450924836222687,0.0003145628852602819,0.00031451942249648786,0.9721135757233083,0.0003145117047786206,0.019346226784622486,0.000314694429222071,0.00031451782104297373,0.00031449392432522183,0.0063383880565814855
4227_at,0.002174066843034025,0.9804309612825767,0.0021742050982879995,0.002174031590035724,0.0021743363241898375,0.0021743046246114157,0.002175593052114594,0.0021741889817362653,0.0021741352302228852,0.002174176973190429
4229_at,0.0028576286144198215,0.0028573069578438698,0.0028573050824361548,0.32873139821159475,0.37077720148749715,0.002857329066446118,0.0028572728820998017,0.0028572648955453046,0.0028572753061951984,0.28049001749592184
4231_at,0.0014706380997934108,0.0014707418825653845,0.0014707005734417055,0.0014706401305683895,0.0014712716021302477,0.001470791923475519,0.986763010576282,0.0014706443024759376,0.001470910951375418,0.0014706499578919395
4232_at,0.0012500735172909531,0.0012501888879296573,0.0012503677875565775,0.001250069491785224,0.38033276129410903,0.0012500894221640347,0.6096657991560746,0.0012501892742521128,0.0012503669257683688,0.001250094243069427
4233_at,0.002127856285556236,0.0021285675407989616,0.002128743057410994,0.11615188102159495,0.7701664614981049,0.0021281377949979178,0.07436959393066003,0.0021278185341304166,0.0021281049983397733,0.026542835338405686
4234_at,0.001449360261247475,0.23218043989429968,0.10384151403925904,0.36067248582504874,0.11149331603969329,0.18456520155998313,0.001449429146141347,0.0014493853478340366,0.001449482390437912,0.0014493854960553685
4236_at,0.0016668975217505723,0.0016668601247713593,0.0016668673619853489,0.0016667120391924185,0.3097336183364611,0.0016670581581205374,0.0016669558630076139,0.6769314694190993,0.0016667095814109174,0.0016668515942008368
4241_at,0.0014286680278864465,0.0014288895107731163,0.00142890262941938,0.0014286424310673708,0.0014289699492116704,0.001429081827323115,0.8432753639040181,0.0014286789688215536,0.14529406297681283,0.0014287397746663554
4242_at,0.12890665333054693,0.8078411767020897,0.0012821804547934205,0.001282160070368103,0.0012822635678429624,0.054276826677225186,0.0012822184922273575,0.001282263187801664,0.001282094770303473,0.0012821627468013203
4243_at,0.0018870521203390642,0.20889837047372847,0.001887488675112385,0.0018872549236627308,0.5329145808402491,0.0018872519757542974,0.06937359329860836,0.1774900387871106,0.0018871902653754883,0.0018871786400595169
4244_at,0.0016133830406710019,0.0016130409478657876,0.0016131221293258528,0.0016135799680413864,0.0016133291946865494,0.04044036008418769,0.946653621079557,0.00161347400416056,0.0016129305388283537,0.0016131590126757618
4246_at,0.0014085766955500745,0.0014089207866473234,0.0014086673248427392,0.0014085325619493242,0.0014086965875023541,0.0014085424667005949,0.9873223241037203,0.0014086405945432205,0.001408596743469465,0.0014085021350746486
4248_at,0.0009616705277619383,0.33506432268322883,0.14377762256529486,0.22357929274887073,0.0009616480036969244,0.10278934746959473,0.0009616603848727171,0.0009616115044385206,0.18998119241497305,0.0009616316972677714
4249_at,0.01666713839358375,0.016667141396862817,0.016667282291487832,0.01666690517488762,0.8499946639434977,0.0166672552013057,0.01666733346310663,0.016667123040142274,0.016667835106454247,0.01666732198867144
4255_at,0.001492624112291509,0.12819080957076173,0.0014930529995292147,0.0014926402678103006,0.12406143821384794,0.0014926929240346887,0.35967524631870484,0.3791160170275973,0.0014926948449353861,0.001492783720487204
4256_at,0.002439693809867698,0.0024393340010103372,0.5920209763791862,0.002439215092891822,0.0024393577531069605,0.0024393242621972107,0.0024393851171048966,0.002439189436659274,0.3884641473264241,0.002439376821551426
4274_at,0.03333333333551533,0.033333333334918364,0.03333333333501044,0.6999954536134932,0.03333333333488162,0.033336990881771195,0.03333366028457445,0.033333895188770626,0.03333333335502074,0.03333333333604393
4280_f_at,0.0008772166821952467,0.000877239952792738,0.0008772349141824978,0.07319742705120126,0.9197847069721108,0.0008772274668599667,0.0008772304553255502,0.0008772517354124703,0.0008772473071347265,0.0008772174627848247
4285_at,0.0020837141125306996,0.00208385100223528,0.00208434264675591,0.0020836561215510593,0.15900014534087364,0.002085571657896365,0.0020837010281485047,0.8243274934612022,0.002083861803767679,0.0020836628250388398
4287_s_at,0.0034486556576895323,0.0034488326122624653,0.003449311857522693,0.00344854411187248,0.3710763182506456,0.0034491157373049645,0.0034489546107235036,0.0977973599356307,0.003449366807021418,0.5069835404193266
4293_at,0.09374959594100292,0.25969150494566706,0.533026042057773,0.09774014546582961,0.0026323872793087007,0.00263260013857157,0.0026318950216899,0.002631893050484809,0.00263193496272377,0.0026320011369486713
4296_at,0.006666738291948164,0.0066667462633718646,0.006666706318094866,0.13523649830939577,0.8114274071884175,0.006666697638576199,0.006667229585808643,0.0066679993992158565,0.006666845615507376,0.006667131389663869
4302_at,0.011111508960980097,0.011111538241716958,0.011111199498594548,0.24440511829424863,0.6667025932243535,0.011112398778786548,0.01111152559552972,0.011111559261578302,0.011111268798376763,0.011111289345835003
4310_at,0.0014927153537921077,0.0014926405776340078,0.0014926620343715803,0.1543960676104116,0.0014926860169501867,0.0014927735210916314,0.001492624542703383,0.0014926481346352468,0.0014926040088737353,0.8336625781995364
4311_at,0.09608323756022456,0.0011366417978332696,0.42096444896507323,0.0011367176190207947,0.0011365469489119367,0.09465998302887813,0.0011364935342464872,0.0011364743105753106,0.0011365067578649759,0.3814729494773712
4312_at,0.0028574549401646477,0.0028574075658902754,0.002857345542053993,0.002857227373778323,0.18459724050057966,0.0028572835367430415,0.6759580528409418,0.0028573861852987576,0.1194433830802297,0.0028572184343198153
4316_at,0.0034488457036740633,0.0034487678817157435,0.22787534622071892,0.0034484764836986404,0.4963013969316247,0.0034486193751577634,0.0034486685563566155,0.2516822051273974,0.003449263468638869,0.003448410251017158
4317_at,0.002325766537442762,0.002326247723719982,0.32620342168758926,0.00232589292980244,0.604244409289609,0.0023257873457834697,0.0023258930980052848,0.05327099468443524,0.002325896605524189,0.002325690098088335
4321_at,0.0010529715967233417,0.13177908961851884,0.0010527676409977438,0.0010527329271960775,0.001052850301870854,0.001052785197750206,0.17607102015815024,0.001052739605915304,0.6847803961833887,0.0010526467694886225
4323_f_at,0.0013891037702463002,0.0013891683541780333,0.0419275711114867,0.06789800345466747,0.061742972415012004,0.0013894136217285373,0.0013894491871684663,0.001389278981109283,0.8200960282945889,0.001389010809814135
4324_s_at,0.0006993310720753553,0.0006993806379019827,0.0006994035544700737,0.0006995966570030975,0.0006994874739585731,0.000699526698606817,0.0006994088662040237,0.0006993178178059926,0.9937052166668164,0.0006993305551576286
4326_at,0.0250012020338043,0.025000968115839836,0.025000967193211147,0.02500050302084949,0.7749916534386594,0.025001045378897028,0.025001074634931737,0.025000844054809065,0.02500071654430239,0.025001025584695573
4333_at,0.010001681193538498,0.010000521631205253,0.010002853580910133,0.01000052582041013,0.8090480385183976,0.11094187330704992,0.010001208523217033,0.010000711841380185,0.010000781057156908,0.010001804526734218
4335_at,0.001176539190152704,0.001176575790133029,0.001176554642061412,0.0011765371477392935,0.0011767491601793647,0.0011764867746798463,0.0011766537773506068,0.989410793623637,0.001176619693806493,0.0011764902002600938
4336_at,0.0027038712680323676,0.0027028828771329047,0.0027036351231789573,0.002702889298167104,0.22036699636678764,0.0027031537434067357,0.7142600138115879,0.00270332563711707,0.04645037260757515,0.0027028592670142355
4338_at,0.0009010314052236139,0.000901004474422287,0.02478167283123445,0.9564851395345262,0.0009009964639892992,0.0009009743435471241,0.0009009811799280434,0.01242615081610002,0.0009011041644297513,0.0009009447865992176
4340_at,0.014286160030429082,0.014286012299204386,0.014286159513924842,0.014285848357577105,0.8714207236918668,0.014286185694189709,0.01428745420717041,0.014289294076312681,0.014285921394388229,0.014286240734936744
4342_at,0.003031398142659119,0.6283043684243288,0.0030311356969408725,0.0030306845467404967,0.34744953342110396,0.003030567562945903,0.0030304258120249184,0.0030306159649072556,0.0030307823018140743,0.0030304881265347137
4343_at,0.19187269484378996,0.055706793329831944,0.0014711148954250687,0.0014707770623242898,0.0014709008858145712,0.001470697315608679,0.4984981540958889,0.0014707688211149804,0.24509744666007333,0.001470652090128317
4346_at,0.0016131781395606838,0.3678008347592173,0.18413775102739607,0.0016131050497380764,0.0016133154406225796,0.0016133630856900035,0.03248044752106977,0.4059017687557576,0.0016130283732486417,0.0016132078476991541
4350_at,0.0012659276416143565,0.0012659193327511631,0.0012659054096999852,0.0012658534484512175,0.7927524010223939,0.0012658491777397284,0.13170867611832257,0.0012659605531787769,0.06667767130313881,0.001265835992709539
4354_at,0.0019231957884570112,0.11581690607892571,0.0019237938256072705,0.0019237335857469132,0.001923808725021913,0.0019236782872793996,0.8687943558819713,0.0019235868161158489,0.001923292244593968,0.0019236487662806557
4355_at,0.002439114001074269,0.0024395929299644292,0.0024395507542299393,0.0024393159547684766,0.12509227895938557,0.36985670211337357,0.1153307517402825,0.3750841803539282,0.0024391695241200396,0.002439343668872975
4357_at,0.00158755826647083,0.28554168260166984,0.0015874500218242067,0.0015876107164225397,0.16614964765147097,0.46167899000189894,0.0015874226185717177,0.0015874608045812512,0.001587381612284662,0.07710479570480501
4358_at,0.002564260161736715,0.002565038209718114,0.03766514728780255,0.0025647591807660833,0.13960357905733692,0.8047803210844958,0.0025642694792881423,0.002564240524664408,0.002564192371913169,0.00256419264227821
4359_at,0.001695042420458704,0.6779176645375402,0.3085204125319987,0.001695357498416263,0.0016954532710393329,0.0016952160767895346,0.001695026416513885,0.0016950259803487115,0.0016955121273849942,0.0016952891395095795
4363_at,0.0014494354328195161,0.8841117626497838,0.0014494373207356286,0.0014494172196382609,0.10429247046598498,0.0014495589183721699,0.0014495921997541325,0.0014495964271298738,0.0014493569954976164,0.0014493723702842696
4364_at,0.004348323059418698,0.004348770292954089,0.004349142317922531,0.004347960571227424,0.908355613856226,0.05685722517997643,0.004348116268717268,0.004348324894159314,0.004348559539507075,0.004347964019891141
4365_at,0.0024396065088811395,0.002439750602584353,0.002439903225427681,0.0024393371665599344,0.23230991130673093,0.0024394409239605844,0.7481738016483059,0.002439623426145968,0.002439347491235564,0.0024392777001680205
4366_at,0.129747566152803,0.33076424672405713,0.0016669769998327235,0.0016668652102558481,0.0016671023839107246,0.0016669564714581167,0.0016668702410773332,0.5278197700757943,0.0016668274222368705,0.0016668183185740678
4373_at,0.316676266908592,0.0014928262393852447,0.0014930375861394033,0.0014926849203810546,0.0014929693998089668,0.0014928350756505833,0.3042660277041165,0.3686075085362637,0.0014931586811931733,0.0014926849484692643
4374_at,0.0009524756255690035,0.0009524573331796366,0.11948717553786642,0.0009524647382713121,0.0009524542030330126,0.0009524736386387152,0.0009524363922427934,0.0009524500606568339,0.1681231036420621,0.7057225088284802
4375_at,0.4410949504432023,0.0017859084174698262,0.31521640144793384,0.00178590325223704,0.0017858645255728735,0.0017862494837279684,0.0017858561816867294,0.09227146740981963,0.0017858170091341352,0.14070158182921563
4376_at,0.0013160075451693492,0.3353540703043749,0.001316259817211368,0.0013159950284820949,0.0013162389987147497,0.0013160500637220093,0.15668952363791003,0.4224580013289329,0.07760181421365626,0.001316039061826292
4377_at,0.0014092280227911709,0.0014086041106862494,0.0014085898547975362,0.0014084953592222711,0.0014085684736423341,0.9873212351296549,0.001409360061038299,0.0014085755969321144,0.0014085279480714366,0.0014088154431638117
4384_at,0.0010990168358803647,0.8154157248223368,0.0010990147708296732,0.0010989953086528149,0.1201685097847463,0.0010994194008611352,0.05672203715682567,0.0010992950536673905,0.0010990068570917717,0.0010989800091080095
4385_at,0.0018871343018703384,0.42208702981228663,0.0018874836909956493,0.09762445532837469,0.29725739459348005,0.0018871263911797288,0.0018872271649263517,0.1447265057713672,0.028868690796711633,0.0018869521488077648
4386_at,0.001785817216625889,0.0017859661785715796,0.0017860449969750137,0.046813906517071686,0.0017859892740799447,0.0017858522936991428,0.001785829545131838,0.0017858639619008191,0.9388989142879938,0.001785815727950381
4387_at,0.002778416556844195,0.3411734734512066,0.27381684537284035,0.0027784196096366297,0.23183794743378525,0.0027780034119297514,0.0027787365716446886,0.13650209499414093,0.002778175626905911,0.002777886971065668
4388_at,0.0023813246419797096,0.0023814943809150595,0.0023812301577893066,0.0023811203381919974,0.8344325272780222,0.002381472276528346,0.0023814422583939626,0.00238130381253486,0.08844656355514649,0.06045152130049791
4389_at,0.033335917135242525,0.033335580299177194,0.0333366411278115,0.03333441365150809,0.6999769912434084,0.03333636142123526,0.033336719387563565,0.033335460879246215,0.03333496853814229,0.0333369463166649
4390_at,0.003125128277179888,0.003125081881283488,0.0031251869399688765,0.0031250326752420544,0.9718732370615959,0.0031250608149788538,0.003125246664719711,0.0031258696312501614,0.003125115353216844,0.0031250407005643742
4391_at,0.001298773020777631,0.19046735510969492,0.001299156477096971,0.0012988538493241071,0.5797021316076626,0.001298829209068628,0.0012998831962704796,0.22073731534095478,0.0012988693761010828,0.0012988328130488517
4392_at,0.0017545868218899066,0.32435521874890105,0.0017550598237650573,0.0017545980561711435,0.5829702218304726,0.00175453843233862,0.0017546566324687098,0.02648736723012097,0.0017545750049426103,0.055659177418929305
4394_at,0.002857299981358789,0.03530993428616422,0.002857782273853281,0.002857866319807962,0.0028575861014806694,0.0028579660037339172,0.0028577735930959847,0.002857463214158702,0.9418290441676939,0.0028572840586526304
4396_at,0.2716739513354358,0.19300282656366208,0.005000927615330504,0.5003181568686491,0.005001286076754811,0.0050007123762437055,0.0050003985807167365,0.005000457225118774,0.0050006197721222155,0.005000663585966095
4397_at,0.7634603098485876,0.0018868557801355408,0.0018868924448233765,0.0018869778123096906,0.0018868347518061377,0.07391055905377607,0.14942049676019914,0.0018868441070504006,0.001886897350920756,0.0018873320903915144
4398_at,0.10870321208389497,0.0014707691904881964,0.0014708002179746756,0.001470745783401388,0.0014707138816638793,0.0014708430998234781,0.0014707188440281856,0.0014707641782936948,0.0014707393245784576,0.8795306933958531
4399_at,0.0022728844017555127,0.5076955623847192,0.002272825574719725,0.00227277582538569,0.4741213351559545,0.002272846448433296,0.0022729827467297637,0.0022732378067826238,0.002272764003521242,0.002272785651998388
4400_at,0.0020409770907875075,0.002041389167328935,0.0020410186877462522,0.0020411885465983787,0.0020414533974307332,0.0020413451433857663,0.6577950601325266,0.3258758076375953,0.0020408685664596304,0.0020408916301409208
4402_at,0.002703382663583422,0.002703811116989305,0.002703906741426286,0.002703113008050169,0.0027036986044371185,0.0027030196394910487,0.41536464772230197,0.21589259120389503,0.0027038643437057863,0.3498179649561199
4403_at,0.0022223126401117914,0.0022223375318640255,0.0022223687804157704,0.002222327173651027,0.29528556884571966,0.002222344546586906,0.00222240900005145,0.6869357259871663,0.002222292424444671,0.0022223130699883294
4406_at,0.04683852616144434,0.0017545807792430578,0.43143849570104204,0.150982256305416,0.0017556632744115737,0.001754517086116969,0.0017545606296701364,0.36021215005052354,0.0017547586837501448,0.0017544913283822838
4409_at,0.0027038193957091322,0.002703174747560056,0.14510428558135463,0.00270287290898571,0.0027035557317354186,0.0027031810304234015,0.8332693707916108,0.0027037037955868776,0.0027030495594527167,0.00270298645758119
4413_at,0.000892972066570135,0.5196516592372483,0.17332753774282084,0.07625748117164442,0.0008930790748592928,0.01170265074559069,0.2145956136756125,0.0008930881265961258,0.0008929883203376603,0.0008929298387201397
4414_at,0.14014968200300681,0.001666890732837513,0.5225114382013417,0.07544541192344817,0.205022745973987,0.0016671011819681932,0.001666818573290796,0.04853572047953006,0.0016670341593560054,0.0016671567712335969
4420_at,0.05502321435194027,0.004348230967443441,0.004348248936333459,0.04897799629051039,0.8655606221082525,0.004348049546211598,0.004348117139376378,0.004348828163345096,0.004348805879150105,0.004347886617436956
4421_at,0.04706610569605379,0.0030313957893730137,0.0030312159146853633,0.003031147067797278,0.2471571773780159,0.6420209703938844,0.04556938880301078,0.003030651581068419,0.0030310988081829263,0.0030308485679282665
4422_at,0.08759387572479584,0.0026321405587241596,0.0026321758484894086,0.0026318085492897597,0.0026320971682071118,0.0026321351381281767,0.0026317898246125005,0.0026322107602314757,0.8913499380177687,0.002631828409752734
4423_at,0.0025648462062417875,0.0025646487736892586,0.29054648676996764,0.0025650652196559463,0.3972362476315111,0.002564583182400905,0.0025644007684231854,0.0025643579279329286,0.0025646398094211166,0.294264723710756
4424_at,0.1268430473429247,0.001234734884611891,0.09077718876113262,0.0012348154512782038,0.001234651722176841,0.0012347760112663194,0.0012346249166317006,0.0012346767944617738,0.0012346307832256129,0.7737368533322903
4425_at,0.001562741349450948,0.0015626108779827465,0.0015627740164225665,0.0015626193927854996,0.0015626873040960401,0.0015627567110024089,0.0015626788670984825,0.0015626378752319173,0.0638099627850672,0.9236885308208622
4427_at,0.1711957163061432,0.0017245396886065864,0.0017245364721941,0.001724436685242498,0.00172450985280068,0.0017250569239997643,0.37542505505685836,0.001724474709374746,0.44130744463467825,0.0017242296701016739
4428_at,0.0009709449043215501,0.0009709829226471605,0.0009709288950816594,0.0009709098472266308,0.0009711069063486525,0.0009709142268202589,0.0009709510690127057,0.9912614331724369,0.0009709320670282243,0.0009708959890761118
4432_at,0.001063954529525807,0.001063995409124977,0.0010639583527453306,0.0010640053280188855,0.001064233522505985,0.001063895730298568,0.0010640001060667986,0.9904241812523135,0.0010639097364887663,0.0010638660329115126
4433_at,0.004000732018516279,0.0040006724348042085,0.3097890553082288,0.004000708700516226,0.6582065424668624,0.004000628426294883,0.004000132663560098,0.004000205508407085,0.004000581091006385,0.004000741381803574
4434_at,0.004000732018516279,0.0040006724348042085,0.3097890553082288,0.004000708700516226,0.6582065424668624,0.004000628426294883,0.004000132663560098,0.004000205508407085,0.004000581091006385,0.004000741381803574
4435_at,0.001299050299534432,0.1092819335771638,0.0012989468995272997,0.0012989244328690407,0.11566462283594164,0.0012988925792348372,0.001298854902482247,0.7659611343192924,0.001298848867360712,0.0012987912865938345
4436_at,0.0012659292423840855,0.22000496035829972,0.0012660241232560945,0.33706699642139853,0.0012659776976052116,0.0697998706661492,0.001266090067113576,0.001265902757443663,0.0012660329065035762,0.3655322157598463
4438_at,0.002702908304868663,0.0027030550537265104,0.00270285594985179,0.0027028270786594658,0.9756717506039565,0.0027028892834176843,0.002702982059962748,0.002703251529608978,0.0027027492133407547,0.0027047309226069594
4439_at,0.002702908304868663,0.0027030550537265104,0.00270285594985179,0.0027028270786594658,0.9756717506039565,0.0027028892834176843,0.002702982059962748,0.002703251529608978,0.0027027492133407547,0.0027047309226069594
4442_at,0.0013159267999696047,0.0013161338246797246,0.44155272173268667,0.04760240633205295,0.3500066729822614,0.0013159101413578297,0.15294228550076341,0.0013160894458557487,0.001315972996619814,0.001315880243752645
4443_at,0.0033339395330069213,0.0033338759665146687,0.0033344380121118154,0.0033342141422412156,0.1781976987111634,0.003334029388520669,0.0033338464157269573,0.7951302145230004,0.0033337291771288226,0.0033340141305851162
4444_at,0.0019238549658415192,0.0019238535036591056,0.18934590273655308,0.001923383448163591,0.001923533149064438,0.001923254466032728,0.6694887472099236,0.12770010915441796,0.0019233978864950764,0.0019239634798489148
4445_at,0.000990239731507232,0.6642673228749563,0.000990433152366337,0.0009902343728744952,0.0009902724168646695,0.10466237110250298,0.0009902762820810445,0.13156331653602074,0.0009902171933440689,0.09356531633748219
4446_at,0.0010992345473022553,0.0010990098118145806,0.11459210787199116,0.0010990551870770301,0.001099053713872085,0.0010990418650033671,0.0010989774579175599,0.001098987716170222,0.35481075555992253,0.5229037762689293
4447_at,0.3605002124245274,0.11861218352316308,0.02660486794579622,0.0015626672758619641,0.0015628660859470062,0.0015627605526757112,0.0015626274726967748,0.0015627490914217358,0.0015625778224647006,0.4849064878054454
4448_at,0.0022729080870383003,0.0022729161435327506,0.002272840830686595,0.0022728042663082916,0.0022730831366143327,0.0022728314358927953,0.9795436149996098,0.002272869955971465,0.002273323838479741,0.0022728073058659744
4449_at,0.11688559117952395,0.00263257820475685,0.0026322519031844187,0.002632546496565047,0.22667907791520928,0.002632360519969012,0.0026319547721035783,0.15330036585893844,0.48734138954300743,0.0026318836067418536
4450_at,0.0008475657533856895,0.0008475430989649605,0.6787393208092249,0.012885556573272509,0.0008475841666562465,0.0008478250421226574,0.0008475007516575748,0.0008475277673790282,0.0008477005859466475,0.3024418754513898
4451_at,0.0016130461315015672,0.00161312446475104,0.001613245248794721,0.0016130596499041678,0.0016131130291700462,0.0016131441857654132,0.18111705233423087,0.0016131600935829714,0.7193273949931868,0.0882636598691124
4452_at,0.0016395290171775435,0.8777679768657255,0.0016396219865946028,0.10911524166353823,0.0016397140535749995,0.0016397351097979125,0.0016395439876938634,0.0016394833654475342,0.0016396204097209278,0.0016395335407288815
4453_at,0.0019609232516332132,0.0019614218074677564,0.0019612069633114957,0.001960871065704009,0.7853954532337857,0.001961096006399325,0.0019611908110521124,0.001961120398835213,0.19891570348326526,0.001961012978545971
4455_at,0.0014713080207480857,0.0014707726128176048,0.08122271356005195,0.0014716562869833089,0.10994385667458122,0.0014708688913592847,0.001470972889658694,0.0014708022197139421,0.7985363284318041,0.0014707204122818185
4456_at,0.3690677956144747,0.002128044075108247,0.18770578740560556,0.002128333092763951,0.17503778185924082,0.06454536748366609,0.11139184403502617,0.0021278244314067545,0.0837393296455963,0.002127892357111379
4457_at,0.0019231992834916373,0.07755352784767548,0.6363375548579252,0.0019232918207125842,0.0019236631254992555,0.0019234725258788802,0.27264514909315235,0.0019232417051058838,0.0019235930207349929,0.0019233067198237439
4462_at,0.11715346619909463,0.0028572813374095557,0.0028572115314745776,0.002857208643678073,0.4990414452168502,0.0028572215280951605,0.3638041509743734,0.0028574938434914165,0.0028572522942084204,0.0028572684313244528
4465_at,0.001538635689878398,0.001538551835973958,0.0015387275365006897,0.0015385739535152103,0.0015386485244110269,0.0015388527616220975,0.8755550380744872,0.11213580265635667,0.001538520394549813,0.0015386485727050267
4467_at,0.08130506947693834,0.001299027034314063,0.3327535623745529,0.0812702449145389,0.0012989453050382559,0.08332858867178775,0.001298873212836989,0.0012988478700252093,0.0012988611138290544,0.4148479800261386
4468_at,0.0012822324571501488,0.0012825525955859503,0.0012823056657613409,0.0012823621709063514,0.001282339957539309,0.9884584221001286,0.0012829067188700497,0.0012822402840215771,0.0012824062865000058,0.0012822317635367677
4469_at,0.003226773742477026,0.00322618033010251,0.2809122747066679,0.0032266583577122356,0.0032263874100300336,0.003226292162385053,0.003226337153244791,0.0032264900832165416,0.21014515562529554,0.48635745042886824
4472_s_at,0.0017548596599144019,0.0017547494780381873,0.5870153907971197,0.0017546375252388646,0.2078922356495641,0.0017544741925923928,0.0017547019533539956,0.1928097202307738,0.0017547341349031537,0.0017544963785013658
4474_at,0.00333339404525388,0.0033334634554424104,0.003333473198416661,0.0033336159777514036,0.8452155011876769,0.0033334512378713037,0.0033345999311972683,0.12811448970604805,0.0033346127992529926,0.003333398461089156
4475_at,0.001818346288952535,0.4824704997273382,0.1311257382582935,0.0018184698820422483,0.0018187957628297356,0.0018183928117700592,0.0018183869091033358,0.0018186945320159457,0.3736743278809553,0.001818347946699232
4476_at,0.0023264026655053765,0.12280861092646389,0.5337492753326424,0.3271585544789852,0.00232631022134289,0.002325716885272919,0.0023258592213475197,0.0023265380280777753,0.002327073730412063,0.0023256585099498826
4478_at,0.00312534570646289,0.0031253576086516504,0.9077352117738092,0.0031252206221998083,0.06725916151408136,0.003125501117125559,0.0031275377653921556,0.003125289865300041,0.003126064971115543,0.0031253090558615794
4479_at,0.0250012020338043,0.025000968115839836,0.025000967193211147,0.02500050302084949,0.7749916534386594,0.025001045378897028,0.025001074634931737,0.025000844054809065,0.02500071654430239,0.025001025584695573
4480_at,0.001449362400304485,0.0014494683095969743,0.001449452906803227,0.0014494623236151294,0.0014494903465503012,0.001449333564874551,0.06850090546343553,0.9199037487223268,0.0014494624884048742,0.0014493134740882457
4481_at,0.001333505108941988,0.0013337820985206746,0.0013334530803599815,0.0013334453282192267,0.0013335714591195197,0.0013334175431257082,0.9361515008314245,0.05318045601712632,0.001333437139669459,0.001333431393492796
4482_at,0.2755425225754607,0.001250324452170137,0.45370854007063693,0.0012501134374383817,0.0012502029233437575,0.0012502877045311967,0.0012500774076987001,0.0012501094673433217,0.0012500921197655618,0.2619977298416114
4483_s_at,0.0014708241908010275,0.0014708045518721782,0.001470959623922768,0.0014709112677988793,0.0014709418363920757,0.0014707375680294988,0.001470749403616195,0.9867625291653733,0.0014708393516828773,0.0014707030405112496
4485_at,0.0022224524994723634,0.0022224489041711717,0.002222947976814367,0.0022224093866921603,0.343173776889257,0.00222248380227575,0.0022225626203060873,0.002222504601540183,0.6390461439088511,0.0022222694106198352
4487_at,0.005555998396864401,0.0874745333073553,0.16313021934469982,0.0055557059712107205,0.4021392233914505,0.005556693307195846,0.3139191171259271,0.005555958764886486,0.00555648244726545,0.005556067943144456
4489_at,0.0008066069938691185,0.9927409452157567,0.0008065482072241706,0.0008065523461539934,0.0008066186858473208,0.0008065738111639263,0.0008065276171222605,0.0008066309703553319,0.0008064976386152284,0.0008064985138920521
4491_at,0.07720532652135877,0.0025005768851369017,0.29540384353224336,0.0025002344976886837,0.002500500917142384,0.002500250566673919,0.6098878271119605,0.002500305563390651,0.0025009740775883142,0.0025001603268164935
4492_at,0.4106090935598285,0.0015877593000201667,0.5369191155334408,0.0015876170579560522,0.0015875567858470838,0.0015877956185137818,0.001587437389902051,0.0015877955535662015,0.0015876589603310007,0.04135817024059415
4493_at,0.253909825617001,0.001961240702489775,0.0019614249871752394,0.001961307755019343,0.21251568950420202,0.03421944091856222,0.001960976630097564,0.0019609951575506705,0.4875881098228752,0.0019609889050271117
4494_at,0.6759167132464109,0.0012987812621889849,0.0012989032329283844,0.0012990057054824355,0.001298807125287206,0.0012987740915187953,0.0012989084997265293,0.001299001780600832,0.0012989365129689305,0.313692168542887
4498_at,0.0016668982169196825,0.0016667446982099844,0.5189641329013693,0.0016669300355620453,0.0016667855623154321,0.0016668654496214605,0.4061844891622822,0.001666828673597258,0.0016669259084998074,0.06318339939162289
4499_at,0.0018519790236110995,0.30598668925173733,0.0018521612931728787,0.0018519525106009233,0.0018521987359628221,0.0018520348441824273,0.0018520800969163969,0.0018520030305683134,0.6791968895739365,0.0018520116393112625
4506_at,0.0020410034291430197,0.0020409999341353424,0.002041045618541915,0.0020408810145716365,0.0020419755281563924,0.0020409360936370032,0.0020413353161414026,0.9816281859187503,0.0020427420000335363,0.0020408951468895977
4509_at,0.003448730473244835,0.0034488151252849374,0.003448765147198236,0.003449390089633394,0.21324231932354837,0.0034491598588476708,0.003448818995301677,0.7591657541231024,0.0034490460933388296,0.0034492007704997043
4511_at,0.0016668821462786183,0.0016667550372394494,0.0016672323372707886,0.0016667361577463284,0.0016669246858089953,0.001666737594076101,0.7995472990075535,0.0016668818156790931,0.18711784152598748,0.001666709692359673
4512_at,0.39873080646936554,0.0030307871929416324,0.003031091703568957,0.003030761253547529,0.047757574082446325,0.06176414529064613,0.47356276856122315,0.003030651893908674,0.0030306788866397713,0.0030307346657124368
4515_i_at,0.98749941517307,0.0013889393792821468,0.0013889599652289594,0.001388983551755787,0.001388950322159832,0.001388956979197088,0.0013889173366266891,0.0013889253322981784,0.0013889434394292802,0.0013890085209519597
4516_f_at,0.98499739933333,0.0016670891146454245,0.001667174942162688,0.0016673407925380788,0.0016668085640398301,0.0016668274131979976,0.001666715300553563,0.001666750217527216,0.0016670264330430479,0.0016668678889620665
4517_at,0.0014929112870804668,0.0014929456408779033,0.0014928103134562473,0.0014927562381262104,0.40366589549964077,0.0014929499636693621,0.0014927756213397453,0.5843915503445062,0.001492731441089037,0.0014926736502141487
4518_at,0.0013890995992955387,0.0013889611428379866,0.001388989062700261,0.0013889968348352237,0.0013890560662307137,0.001389253493544946,0.8848349692533749,0.10405271886431838,0.001388918282494458,0.0013890374003677878
4519_at,0.0016394842126626259,0.0016394226624507474,0.0016394896326759713,0.0016393963896108481,0.0016397099939721934,0.0016395453440763866,0.5754445779084535,0.41143940216708996,0.0016395733843123427,0.0016393983046954148
4520_at,0.0020411624835528367,0.08697447354895174,0.035548822201825196,0.0020413687038729855,0.10452534345284525,0.002041048387936672,0.37027896543943406,0.0020411456143271736,0.3924666554566053,0.0020410147106487563
4521_at,0.0011766596225888243,0.001176927613857385,0.27759360514684484,0.0011768260348714846,0.5730576339565395,0.09485194582249667,0.04743654186423145,0.0011767127475370651,0.001176573281731,0.0011765739093018144
4523_at,0.0011236651800558065,0.0011236938606830327,0.0011238010115543213,0.0011236787493585645,0.0011237676740367404,0.0011237475885665313,0.8218944482386265,0.1691158083729783,0.0011236959289155633,0.0011236933952247974
4524_at,0.0008265727772838859,0.0008265721992022165,0.0008266174447053887,0.8865236629892029,0.0008265915571906403,0.0008265967980705914,0.000826557904452717,0.101483956099052,0.0008266302215270172,0.006206242009312397
4525_at,0.0013699205304927196,0.0013700131412169945,0.0013700432196094479,0.001370165032868661,0.43733203109154023,0.0013699842639396083,0.5517076643840835,0.0013700679722718225,0.0013701726523256614,0.0013699377116512081
4526_at,0.0016668121305281947,0.0016670006130898077,0.001667101754086901,0.001666878501201406,0.001666881432614811,0.0016667186986047149,0.5785280656698855,0.40813693249188987,0.0016668496244553732,0.0016667590836433868
4527_at,0.00185216413316812,0.001852286257260365,0.0018523635521858234,0.00185193218914565,0.14490319608164867,0.0018521184868012079,0.12324654368217065,0.7188852287791914,0.0018522065711155918,0.0018519602673125485
4529_f_at,0.9799993119125373,0.0022222971260236297,0.0022223414933336856,0.0022222600896251816,0.0022223334609061834,0.002222306045469877,0.0022222659520398074,0.0022222836371766663,0.002222298998275653,0.0022223012846119628
4530_at,0.07044324461349574,0.3038766298147763,0.001587676348847147,0.0015875135168011683,0.0015876640281305315,0.001587404629378249,0.24271420670628002,0.001587536293571622,0.3734407626230801,0.0015873614256390503
4532_at,0.05351283235864528,0.06698881285575123,0.2639729523107535,0.0014086931119260426,0.05100284300014068,0.0014089274976182655,0.0014090832963427294,0.0014088613254958481,0.37268444324412464,0.1862025509992018
4534_at,0.16241894348456642,0.0025004319996058937,0.30401293249046624,0.002500622214073277,0.0025008290086409473,0.3547296549837884,0.0025003734034991236,0.0025005288738308047,0.1638352033524648,0.00250048018906401
4535_at,0.7143107700384265,0.2725728691681178,0.0016396108610485225,0.001639529046247778,0.0016395082683794738,0.0016397112832499062,0.001639456405334924,0.0016396911599183097,0.0016394206651381045,0.0016394331041385934
4536_at,0.0034484601174989884,0.00344897470570956,0.003448600403768282,0.003448608732202815,0.24812013579829745,0.16623157668694996,0.561507200771474,0.003449675564549436,0.003448368581932731,0.0034483986376168253
4537_at,0.00303035957060864,0.0030307176372141257,0.0030305078162875363,0.003030422224677653,0.0030305518405152024,0.003030474976760821,0.0030305968194568014,0.003030481241706555,0.972725529086234,0.003030358786538629
4538_at,0.10001742958585275,0.002041307341107712,0.0020413414886447066,0.0020412210533072204,0.0020410253371599555,0.002041453844408093,0.0020411035262072777,0.0020411005063187414,0.8836528540017334,0.0020411633152600086
4540_at,0.001428676169546903,0.29153195453979297,0.17262602477739636,0.0014288756055737283,0.0014289202596814766,0.5052419392013126,0.0014287457316258534,0.0014286219525355426,0.0014290762682949599,0.022027165494239425
4541_at,0.002222397010072319,0.0022223644672380175,0.002222440455096246,0.002222851893708965,0.11380458505289408,0.0022223523882706786,0.8340907155496486,0.0022225417530210958,0.03654743315762405,0.0022223182724259855
4543_at,0.05446963820404575,0.0022729801350412186,0.002273142950989367,0.0022729255448747103,0.06276223750482617,0.0022732790558740853,0.002273508484869148,0.8668564179784293,0.0022728768571628837,0.0022729932838872037
4544_at,0.004545563541701015,0.0045458167869353435,0.004545946448585083,0.004545808206710669,0.3764780866857087,0.004545595418662931,0.4321565981759553,0.1595440603779381,0.004546987711921886,0.004545536645880857
4546_at,0.0012049114663567047,0.001204891340795238,0.00120500055655662,0.001204886411815186,0.0012051624465756648,0.0012048607713037254,0.001204974126347763,0.9891555069300052,0.0012049536383834621,0.001204852311860289
4548_at,0.0025654545928403124,0.07430525964761053,0.12447854954121283,0.0025644918022555492,0.09029439321357037,0.002564537480936848,0.4082042785201892,0.20911562864008287,0.08334295868345497,0.0025644478778464362
4549_at,0.15469429449722938,0.0033340540803835353,0.2644469450815731,0.003333946524126357,0.5575219647624892,0.0033337646745912296,0.003333538815945644,0.0033338263166822354,0.003333999566136969,0.0033336656808423287
4551_at,0.15904800885255965,0.2950580869851194,0.0012660607885944747,0.0012659830042283846,0.0012662558695561098,0.0012660172133097953,0.0012659748548008217,0.0012660779025549405,0.5370315852008396,0.0012659493284369724
4552_at,0.002439388901292411,0.002439601128946216,0.5444417367340789,0.24441847971483777,0.19406309672119046,0.002439745745710595,0.002439546423773272,0.002439473849610701,0.002439565231171901,0.0024393655493875964
4554_at,0.0018868845288138592,0.0018868412116727032,0.0018868663221518482,0.0018868421560023405,0.2542018517192486,0.0018868707078464836,0.0018870654020404119,0.7307025658546178,0.0018873958477909703,0.0018868162498150277
4555_at,0.0005051133319314772,0.9954532558891331,0.0005052060191565026,0.0005051584470969814,0.000505238183970075,0.0005052045108110652,0.0005051444463382961,0.0005053762780428676,0.0005051125823617029,0.0005051903111579226
4556_at,0.0020003880402114957,0.5668446787261375,0.002000426519734364,0.0020003822161384867,0.0020006826900972772,0.3293701198260231,0.0020002338132476087,0.0020002248096759765,0.002000180462771229,0.089782682895963
4558_at,0.68095346194002,0.001785777098730589,0.0017858571461012915,0.0017857554287825234,0.0017858071486974456,0.10647382833771965,0.2000702164311452,0.0017858046616486055,0.0017860811401980128,0.001787410666956671
4568_at,0.001587433126094799,0.0015875760086032436,0.14141351843528216,0.0015876203955224712,0.0015875928740822852,0.0015874506155099774,0.0015874490738113111,0.8458862923942178,0.0015876185384177482,0.0015874485384583074
4573_at,0.02729408560164019,0.000980623680678179,0.23863761560696659,0.0009804883545678719,0.000980642998993057,0.0009804485863659498,0.035368175803206,0.6928169453732588,0.0009805241021345228,0.0009804498921888146
4574_at,0.27345344799852206,0.0011631102822849506,0.24147098830331593,0.17318855845167067,0.0011630405230300428,0.13319191275295272,0.001163151542989961,0.0011629660940333088,0.06289751463336636,0.11114530941783407
4575_i_at,0.8710283549617988,0.000934658064664097,0.0009346589599163004,0.000934608094996398,0.000934645122183695,0.0009349186047139712,0.00093463231374749,0.0009346134146175944,0.0009346059463059931,0.12149430451705566
4576_at,0.0016394577408936585,0.5961302563024791,0.001639825101390185,0.001639576420767886,0.0016398049109493228,0.0016394207357777698,0.31621349068770405,0.0016395553291837068,0.07617921726015166,0.001639395510702686
4577_at,0.0015631954359646713,0.0015626135021493657,0.0015626440884617704,0.001562555696733073,0.0015627582552032945,0.0015626211517592308,0.0015626129049107322,0.9859358510340903,0.001562561680283778,0.0015625862504437982
4578_at,0.002000134186906683,0.0020002597068357977,0.9819981065167459,0.002000199349518303,0.0020001104036037397,0.002000265632835597,0.0020001112210727067,0.002000069890735776,0.0020001315224371214,0.002000611569308472
4580_at,0.0015385666207954607,0.0015392278501142104,0.19803436479569156,0.0015385760632958057,0.45070492787873456,0.001538546632658712,0.001538761018776688,0.3404899519627224,0.0015385763378172037,0.0015385008393934655
4582_at,0.0034499302156729477,0.0034495508793754336,0.0034484926048875828,0.0034487939159839115,0.8681518870680839,0.003449120116672529,0.0034485522327596173,0.003448851008641894,0.10425633380740075,0.0034484881505214902
4584_at,0.0013700177640005,0.1004294739795852,0.0339738337717771,0.0013702865203212623,0.1581408181451644,0.595746614631914,0.0013700316143045546,0.0013701666601115914,0.10485872917743876,0.0013700277353825572
4586_at,0.025000000003742705,0.025000000002687425,0.025000000002882692,0.7749964520743498,0.02500000000265472,0.025002916690550037,0.02500015238994275,0.025000478816521395,0.02500000001200739,0.025000000004661068
4588_at,0.01111128597435123,0.011111190400941955,0.011111251355365549,0.3472708007046113,0.5638368275713348,0.011112574917958452,0.011111602954301752,0.011111667293997936,0.011111663223110323,0.01111113560402686
4589_g_at,0.01111128597435123,0.011111190400941955,0.011111251355365549,0.3472708007046113,0.5638368275713348,0.011112574917958452,0.011111602954301752,0.011111667293997936,0.011111663223110323,0.01111113560402686
4590_at,0.01111128597435123,0.011111190400941955,0.011111251355365549,0.3472708007046113,0.5638368275713348,0.011112574917958452,0.011111602954301752,0.011111667293997936,0.011111663223110323,0.01111113560402686
4591_at,0.025000000003742705,0.025000000002687425,0.025000000002882692,0.7749964520743498,0.02500000000265472,0.025002916690550037,0.02500015238994275,0.025000478816521395,0.02500000001200739,0.025000000004661068
4598_g_at,0.025000000003742705,0.025000000002687425,0.025000000002882692,0.7749964520743498,0.02500000000265472,0.025002916690550037,0.02500015238994275,0.025000478816521395,0.02500000001200739,0.025000000004661068
4601_at,0.025000000003742705,0.025000000002687425,0.025000000002882692,0.7749964520743498,0.02500000000265472,0.025002916690550037,0.02500015238994275,0.025000478816521395,0.02500000001200739,0.025000000004661068
4602_at,0.025000000003758686,0.025000000002686425,0.025000000002894613,0.7749978494308969,0.025000050382483416,0.02500077481796193,0.025000000002512995,0.025000216748547462,0.02500000000261935,0.025001108605638422
4616_at,0.025000000003742705,0.025000000002687425,0.025000000002882692,0.7749964520743498,0.02500000000265472,0.025002916690550037,0.02500015238994275,0.025000478816521395,0.02500000001200739,0.025000000004661068
4618_at,0.025000000003758686,0.025000000002686425,0.025000000002894613,0.7749978494308969,0.025000050382483416,0.02500077481796193,0.025000000002512995,0.025000216748547462,0.02500000000261935,0.025001108605638422
4623_at,0.0014287095011432944,0.001428670481462629,0.9007525893128591,0.05573976475403262,0.033506250234502516,0.0014288338132922673,0.0014289166250262253,0.0014289482528216347,0.0014286312643939933,0.0014286857604659867
4624_at,0.025000000003742705,0.025000000002687425,0.025000000002882692,0.7749964520743498,0.02500000000265472,0.025002916690550037,0.02500015238994275,0.025000478816521395,0.02500000001200739,0.025000000004661068
4626_at,0.025000000003742705,0.025000000002687425,0.025000000002882692,0.7749964520743498,0.02500000000265472,0.025002916690550037,0.02500015238994275,0.025000478816521395,0.02500000001200739,0.025000000004661068
4631_at,0.025000000003758686,0.025000000002686425,0.025000000002894613,0.7749978494308969,0.025000050382483416,0.02500077481796193,0.025000000002512995,0.025000216748547462,0.02500000000261935,0.025001108605638422
4633_at,0.025000000003758686,0.025000000002686425,0.025000000002894613,0.7749978494308969,0.025000050382483416,0.02500077481796193,0.025000000002512995,0.025000216748547462,0.02500000000261935,0.025001108605638422
4635_g_at,0.025000000003758686,0.025000000002686425,0.025000000002894613,0.7749978494308969,0.025000050382483416,0.02500077481796193,0.025000000002512995,0.025000216748547462,0.02500000000261935,0.025001108605638422
4651_at,0.025000000003758686,0.025000000002686425,0.025000000002894613,0.7749978494308969,0.025000050382483416,0.02500077481796193,0.025000000002512995,0.025000216748547462,0.02500000000261935,0.025001108605638422
4652_at,0.025000000003758686,0.025000000002686425,0.025000000002894613,0.7749978494308969,0.025000050382483416,0.02500077481796193,0.025000000002512995,0.025000216748547462,0.02500000000261935,0.025001108605638422
4653_at,0.025000000003758686,0.025000000002686425,0.025000000002894613,0.7749978494308969,0.025000050382483416,0.02500077481796193,0.025000000002512995,0.025000216748547462,0.02500000000261935,0.025001108605638422
4654_at,0.025000000003758686,0.025000000002686425,0.025000000002894613,0.7749978494308969,0.025000050382483416,0.02500077481796193,0.025000000002512995,0.025000216748547462,0.02500000000261935,0.025001108605638422
4659_at,0.025000000003742705,0.025000000002687425,0.025000000002882692,0.7749964520743498,0.02500000000265472,0.025002916690550037,0.02500015238994275,0.025000478816521395,0.02500000001200739,0.025000000004661068
4662_at,0.025000000003742705,0.025000000002687425,0.025000000002882692,0.7749964520743498,0.02500000000265472,0.025002916690550037,0.02500015238994275,0.025000478816521395,0.02500000001200739,0.025000000004661068
4668_at,0.025000000003742705,0.025000000002687425,0.025000000002882692,0.7749964520743498,0.02500000000265472,0.025002916690550037,0.02500015238994275,0.025000478816521395,0.02500000001200739,0.025000000004661068
4670_f_at,0.0019231547643410811,0.2864264756595552,0.0019232656215102198,0.05660195151240305,0.11999677770547311,0.0019236549700470107,0.0019233225254462255,0.0019231869485292108,0.0019232150544215762,0.5254349952382733
4672_at,0.025000000003742705,0.025000000002687425,0.025000000002882692,0.7749964520743498,0.02500000000265472,0.025002916690550037,0.02500015238994275,0.025000478816521395,0.02500000001200739,0.025000000004661068
4675_at,0.025000000003742705,0.025000000002687425,0.025000000002882692,0.7749964520743498,0.02500000000265472,0.025002916690550037,0.02500015238994275,0.025000478816521395,0.02500000001200739,0.025000000004661068
4679_at,0.025000000003742705,0.025000000002687425,0.025000000002882692,0.7749964520743498,0.02500000000265472,0.025002916690550037,0.02500015238994275,0.025000478816521395,0.02500000001200739,0.025000000004661068
4681_at,0.025000000003758686,0.025000000002686425,0.025000000002894613,0.7749978494308969,0.025000050382483416,0.02500077481796193,0.025000000002512995,0.025000216748547462,0.02500000000261935,0.025001108605638422
4685_at,0.025000000003758686,0.025000000002686425,0.025000000002894613,0.7749978494308969,0.025000050382483416,0.02500077481796193,0.025000000002512995,0.025000216748547462,0.02500000000261935,0.025001108605638422
4696_at,0.025000000003742705,0.025000000002687425,0.025000000002882692,0.7749964520743498,0.02500000000265472,0.025002916690550037,0.02500015238994275,0.025000478816521395,0.02500000001200739,0.025000000004661068
4697_at,0.025000000003742705,0.025000000002687425,0.025000000002882692,0.7749964520743498,0.02500000000265472,0.025002916690550037,0.02500015238994275,0.025000478816521395,0.02500000001200739,0.025000000004661068
4698_at,0.025000000003758686,0.025000000002686425,0.025000000002894613,0.7749978494308969,0.025000050382483416,0.02500077481796193,0.025000000002512995,0.025000216748547462,0.02500000000261935,0.025001108605638422
4699_at,0.0014288501065061199,0.6272927599692499,0.0014288619041687585,0.06275092962124958,0.00142871764769547,0.0014287770026783701,0.29995488278451743,0.0014286642181162428,0.0014288498690011215,0.0014287068768169121
4701_at,0.025000000003758686,0.025000000002686425,0.025000000002894613,0.7749978494308969,0.025000050382483416,0.02500077481796193,0.025000000002512995,0.025000216748547462,0.02500000000261935,0.025001108605638422
4710_at,0.0012822303184629904,0.1889912266868394,0.0012822510823801826,0.06841384458739093,0.0012821383646089933,0.4127056152342476,0.0012822309840453915,0.0012821804384881197,0.0012823022648382923,0.3221959800386981
4711_at,0.001219562486152465,0.001219602744000256,0.4296946720812267,0.0012195624553883832,0.001219681542331285,0.00121956524801924,0.0012196233961960427,0.5605485511802961,0.0012196268396583176,0.0012195520267312546
4713_at,0.2125476353284006,0.0026317318896393314,0.0026317267220706086,0.0026316597928235943,0.41264608056279983,0.002631706011933671,0.002631728003447046,0.0026317257745170123,0.002631956945252135,0.35638404896911613
4715_at,0.29944699180465123,0.0017860021993444024,0.5221042441655341,0.03239130045734148,0.0017858785413113808,0.0017860957942613992,0.0017867023754646973,0.0017858586598968225,0.0017859119151747574,0.13534101408701962
4717_at,0.05280843204764455,0.0020410544436214127,0.2329697983121337,0.0020409705954296422,0.22827496407926384,0.0020410044878994287,0.3691309605169264,0.0020413424077225786,0.10661043436517656,0.002041038744182015
4718_at,0.0013160905088796416,0.0013160290334298043,0.15196539527985634,0.8072139268051821,0.001316032112721649,0.0013159492657044167,0.0013160224528651545,0.001316067697866622,0.03160856828108543,0.001315918562408819
4719_at,0.0015152164348436223,0.0015152450348577683,0.001515732093976137,0.001515193828322817,0.0015154557658933158,0.0015153116308938336,0.0015154894251334517,0.9863616399364334,0.001515493836332297,0.0015152220133134824
4720_at,0.014286160030429082,0.014286012299204386,0.014286159513924842,0.014285848357577105,0.8714207236918668,0.014286185694189709,0.01428745420717041,0.014289294076312681,0.014285921394388229,0.014286240734936744
4724_i_at,0.001818389361647285,0.0018184529937565702,0.052383518280614695,0.0018182189180107756,0.8995010806951965,0.0018185784782527989,0.03538623605644414,0.0018182895940109891,0.0018185143065414444,0.001818721315524893
4727_s_at,0.0014494180435069269,0.001449568524772954,0.0014495905772275931,0.0014494731586720338,0.0014495693699167515,0.0014494716722615211,0.9869541678551785,0.0014494490354461714,0.0014493817526003122,0.0014499100104173165
4728_at,0.025000000003758686,0.025000000002686425,0.025000000002894613,0.7749978494308969,0.025000050382483416,0.02500077481796193,0.025000000002512995,0.025000216748547462,0.02500000000261935,0.025001108605638422
4731_at,0.0013894441097613542,0.0013889663634753546,0.0013890263654532864,0.0013889371460268755,0.001389348723185113,0.0013889699225094608,0.9874977893812296,0.001389028559754777,0.0013892550576236166,0.0013892343709805402
4732_at,0.18162620633196805,0.0016397038110210935,0.0016397101693720391,0.0016394966940778465,0.0016397414677479483,0.0016394645207402324,0.5269352010816827,0.055396047746135754,0.226205004482208,0.0016394236950463019
4733_at,0.0018869229149781602,0.0018869777354036759,0.0018869749028161823,0.0018871749744756201,0.0018872789966743332,0.0018868884088926966,0.4196547604388394,0.5015150839352838,0.06562097472432009,0.0018869629683161116
4734_at,0.0010206100664773676,0.4089866180372149,0.2118633823760671,0.24541596665045082,0.0010205557888105924,0.0010206279971054976,0.0010205197476795586,0.0010204796466828754,0.12761054706329578,0.001020692626215388
4737_at,0.08520661037388687,0.001754876490010431,0.05014524382629494,0.0017545108888691872,0.0017546209867672134,0.0017549302456538306,0.0017546744033510018,0.8523653185077823,0.001754530097512061,0.0017546841798722296
4740_at,0.10256546723039603,0.0021279254556155363,0.23745725661707062,0.0021278191953711376,0.0021278425706948963,0.002128297864077072,0.002127846426561467,0.0021278153981211362,0.6450817971669425,0.0021279320751494686
4741_at,0.012500331036387523,0.012500206010416504,0.012500220395623764,0.012500099579751582,0.8874945073146624,0.012500279415173933,0.012501195756634975,0.012502744781143271,0.012500144971262825,0.012500270738943343
4742_at,0.002631747688785202,0.00263220359532052,0.1447692336284916,0.0026323324271882915,0.471375197160433,0.0026317302973440293,0.24867067913743912,0.11939314659248447,0.002631972109742836,0.0026317573627708895
4744_at,0.10618500916568194,0.003572154094569873,0.5394855394207659,0.003572356282603035,0.22200095996067454,0.059277178318863304,0.05519124162837431,0.0035718959698437204,0.0035717274958636264,0.003571937662759761
4745_at,0.012501387131112656,0.012501865756225042,0.47065457645810344,0.012501984237271693,0.4293330567340195,0.012502152869333122,0.012500398315312437,0.012500413124325168,0.012501730192756765,0.012502435181540174
4751_at,0.0014496839236669125,0.12335525741792049,0.06103382214769568,0.0014496117755349663,0.0014495882983918218,0.03093452692099339,0.7759791971263719,0.0014495823278350924,0.0014493631004229386,0.0014493669611666984
4753_at,0.002222341186588743,0.5683374930637183,0.3058471795789273,0.00222264179619472,0.11025720644689298,0.002222499999986705,0.0022225305944959337,0.002222657147446138,0.0022230110698809352,0.002222439115868194
4754_at,0.0013699866788586135,0.0013701712619598391,0.4269567187975897,0.0013703358523975363,0.0013700051425810378,0.0013699794381619823,0.31392339691611587,0.24952919935636964,0.001370254994601304,0.0013699515613644349
4755_at,0.001724264320499552,0.0017242698635185248,0.001724301004932109,0.0017241728572473815,0.0017249186299792114,0.0017244328315083656,0.984480670367236,0.0017244881227942458,0.0017242090005447235,0.0017242730017399122
4756_at,0.002500103666636025,0.002500348941299531,0.0025001168453481883,0.0025001167857765017,0.42913458108718955,0.0025001580614317067,0.5508639869489865,0.002500365805590584,0.0025000864757356188,0.0025001353820057184
4757_at,0.007693194083719654,0.007693025431199671,0.00769386983779051,0.007692525883535596,0.9307637336535224,0.007692776255275085,0.0076924964472137765,0.007692548620379621,0.00769323955935811,0.007692590228005562
4758_at,0.031067452653809335,0.9197046916429323,0.0020001916588674837,0.00200026266113849,0.03522598178213959,0.0020004017139416967,0.0020002961224773173,0.0020003819352067396,0.002000206937726168,0.0020001328917607923
4761_at,0.13459763848118575,0.3172748207538384,0.0017244394858490454,0.001724324790284713,0.0017246019317072485,0.0017244145655764206,0.0017243427783389866,0.5360568403715992,0.0017242946740401502,0.0017242821675800622
4763_at,0.0013517083765159559,0.0013516646312613854,0.0711236411703244,0.001351707096686095,0.11891765978588661,0.0013514278122942515,0.45172430293326066,0.3501247983326309,0.0013516201455415521,0.0013514697155980018
4764_at,0.0019236506997131135,0.0019234891923949368,0.0019236091235277732,0.0019231729896273609,0.0019232015821628947,0.0019233593836029902,0.5574229594839788,0.0019231663067848256,0.42719007273879034,0.0019233184994170045
4765_at,0.38027564950823767,0.03716252391018894,0.07650265580054566,0.0013700172467100103,0.0013701133963455662,0.22569463357735464,0.0013701407213340894,0.07767074417152091,0.0013699473114436801,0.1972135743563189
4767_at,0.0887920250601102,0.0025005937478131167,0.35042874469397156,0.0025006066981657724,0.13968320746194807,0.04679199296450851,0.002500334426527041,0.15302670732486018,0.2112755802925091,0.0025002073295865195
4768_at,0.34649937266508585,0.0028579637900213476,0.6306389040376792,0.0028576995639931356,0.0028586302733429893,0.002857341913581973,0.0028576748138309997,0.0028574224573811075,0.0028576622319837234,0.0028573282530997986
4770_at,0.002083914281817484,0.0020837408864791355,0.6201027289812645,0.12232651928032191,0.05844732556208979,0.0020839396148702163,0.002083949283892235,0.002083635123740638,0.15134830177334122,0.037355945212182676
4771_at,0.0011117669630900362,0.0011111730485414766,0.001111249851395617,0.0011120546557424837,0.00111122719084697,0.001111202304586621,0.014258389088556813,0.0011112130087175109,0.001111259121099038,0.9768504647674234
4774_at,0.00096174133607341,0.0009617706380802232,0.128502105504622,0.0009617223613518631,0.0009618662946489572,0.0009616659196285314,0.22130536097315118,0.6434603175142729,0.0009617939215056745,0.0009616555366653243
4775_at,0.1438899108889757,0.004546420274476344,0.3829728514760024,0.0045459730273947965,0.4413131188056915,0.004546318112636625,0.0045457321533621635,0.004547185464054956,0.004546585884030264,0.004545903913375184
4776_at,0.029027258716556283,0.14429648388549268,0.5288425122146283,0.2865110194926825,0.0018870740812847453,0.001887372784235521,0.0018869933479634354,0.0018870931308980858,0.0018871606836679692,0.0018870316625904085
4779_f_at,0.4740230578895022,0.000854773492191955,0.0008547658200911074,0.0008547507300201367,0.0008547750596203102,0.0008547607152387513,0.0008547395595920395,0.0008547437380096631,0.0008547826341723309,0.5191388503615615
4780_at,0.4740230578895022,0.000854773492191955,0.0008547658200911074,0.0008547507300201367,0.0008547750596203102,0.0008547607152387513,0.0008547395595920395,0.0008547437380096631,0.0008547826341723309,0.5191388503615615
4781_at,0.5794468218826877,0.0031253621594436324,0.0031254152487345914,0.003125073071453801,0.0031264743336274097,0.1200726225610889,0.2786021456097784,0.0031251842489877575,0.0031253571675975513,0.003125543716600375
4785_at,0.012501387131112656,0.012501865756225042,0.47065457645810344,0.012501984237271693,0.4293330567340195,0.012502152869333122,0.012500398315312437,0.012500413124325168,0.012501730192756765,0.012502435181540174
4786_at,0.7550295344957756,0.0023256382418798283,0.0023258398983131137,0.0023256070861416797,0.0023256799401741176,0.029411023662123535,0.19927956318189408,0.0023256865369907687,0.0023256933088055386,0.0023257336479019252
4787_at,0.0020001604533032343,0.607582976478513,0.002000092850180736,0.0020000509768481117,0.2881471332042506,0.0020000892213597275,0.002000374914711934,0.09026903658165811,0.0020000293932275802,0.0020000559259470635
4788_at,0.10755646092244334,0.0010871311386469048,0.0010870684122792366,0.0010872224521910692,0.0010870924531091923,0.4569301362537821,0.42790348844596626,0.001087130159360017,0.001087049485977824,0.001087220276243987
4789_at,0.001818391141218317,0.0018185860594069814,0.0678728484724666,0.0018184997372001634,0.17271816416892405,0.0018184711645833408,0.0018183943124223622,0.7466798036102809,0.0018184083947010777,0.0018184329387963209
4791_at,0.0013515011166002778,0.0013517444447724214,0.16937528588764725,0.0013517329095162369,0.1254988025745311,0.6956651233644315,0.0013514565336309047,0.0013514776720047524,0.0013514502723189986,0.0013514252245465526
4794_at,0.012500331036387523,0.012500206010416504,0.012500220395623764,0.012500099579751582,0.8874945073146624,0.012500279415173933,0.012501195756634975,0.012502744781143271,0.012500144971262825,0.012500270738943343
4795_at,0.0016950462191763743,0.6543785021569258,0.001695182246940086,0.19767732284610084,0.07866072702877754,0.0016953980611338355,0.0016950464398174114,0.001695060040836579,0.001695021057444156,0.05911269390284732
4796_at,0.004348586710763634,0.004348813206371823,0.004348068148777872,0.004348202338339367,0.5942814057880822,0.37093231309627417,0.0043481993980730264,0.004348309823919844,0.004348026470894419,0.004348075018503775
4797_at,0.089578411602733,0.0033339847079070857,0.5118070768978074,0.0033338779425316272,0.3752766664168721,0.0033338384584228847,0.003333492825590826,0.0033335491932729895,0.003333849373424225,0.003335252581437758
4799_at,0.0011628110789356455,0.12641474380573625,0.0011629961765112305,0.0011628383584826338,0.7969908552632291,0.0011628626079047248,0.06845427053306155,0.0011628733098820274,0.0011629354512514853,0.0011628134150053959
4801_at,0.001754442659890297,0.001754409815978168,0.0017544689525974728,0.0017544511768357697,0.0017545631752143788,0.0017544082764828657,0.0017545285530062406,0.9842094002525232,0.0017549264192981305,0.0017544007181734802
4803_at,0.0017860139631605046,0.001786089266271475,0.20750827698240046,0.0017858701736963689,0.0017862157882448657,0.0017864121615548928,0.7782029647573052,0.0017860118098463062,0.0017862103978076966,0.0017859346997122845
4804_at,0.002326312621621782,0.47748711170928043,0.0023263194435908883,0.0023257466637151584,0.12268782293682073,0.002326212301552677,0.002326027970166174,0.00232703931989088,0.3835416287772,0.002325778256161343
4805_at,0.0006993700131258173,0.0006993441179387052,0.6255991333132305,0.0006993604844953378,0.0006993489159856619,0.09068687183383432,0.0006993359032403188,0.0006993483670849552,0.000699439265330202,0.2788184477857344
4806_at,0.006250800004827736,0.006251082466270239,0.5603755068978474,0.006250619459462697,0.3896176859322943,0.006251151880301883,0.006250669912397269,0.006250622153589343,0.006250907606500364,0.0062509536865086755
4807_at,0.0025645653779697154,0.0025646694468896124,0.0025642158684455905,0.03778690469295946,0.002565136944982832,0.0025641658226625364,0.0025644085320799216,0.9416970761539047,0.002564635733885465,0.0025642214262199077
4808_at,0.12849445944941162,0.24135944795777864,0.0015155577565208313,0.0015153441690496559,0.11880547678209293,0.0015155345351439567,0.001515412014642436,0.5022480481059941,0.0015153734488847408,0.0015153457804808657
4809_at,0.0016393703127997562,0.0016399405215350132,0.0016394116317557032,0.0016393559578458457,0.985244789714924,0.0016393575476301504,0.0016394495083195267,0.0016395351650038792,0.0016394157727557242,0.0016393738674304686
4810_at,0.0018183835627190552,0.0018184836373673569,0.0018186619445116218,0.3593198501479682,0.0018184309047791793,0.43827829522633655,0.00181833641793695,0.09947410658794759,0.09201697233094364,0.0018184792394897
4811_at,0.36609644089208415,0.009091370147470952,0.00909240905188631,0.009092645644412398,0.46236758614892487,0.009091766953178874,0.10789346902937258,0.009091428298354166,0.00909168842682859,0.009091195407487169
4813_at,0.002325979360880875,0.002326006671683462,0.7973852597557335,0.0023256976134385095,0.1840080968254747,0.0023258375187912923,0.002325727629192829,0.0023257805570829223,0.0023258230291321067,0.0023257910385897362
4814_at,0.0011495335982833197,0.001149591430794381,0.0011496853478223856,0.0011496043109195146,0.0011497261850811741,0.001149559297006742,0.001149862053775597,0.0011495013757394277,0.9896533775312223,0.001149558869355098
4815_at,0.0023816318740844597,0.4056724219865607,0.4056370287252519,0.0023812119221485934,0.17202092625571386,0.0023813830410795082,0.0023812035316633615,0.0023812330066743915,0.002381470614397025,0.002381489042426165
4816_at,0.0016133911257104627,0.001613223570504893,0.1834363907453137,0.08754330111363061,0.0016131318074408946,0.14158890946739633,0.001613154826156239,0.5777522027924232,0.001613118671008975,0.0016131758804145925
4817_at,0.0027049069985022414,0.0027032392817757035,0.002703610881034217,0.00270305779324231,0.0027032723193818322,0.0027031027235273333,0.9756690484304604,0.0027038153298461344,0.0027028857429537046,0.0027030604992762386
4818_at,0.0022223596113856545,0.0022227726406487173,0.4050812355159181,0.002222701441084724,0.002222742789735992,0.002222320884984749,0.0022228188913413546,0.002222707777662729,0.5771380139109963,0.0022223265362414455
4820_at,0.5380533460716946,0.0026317295489886724,0.0026318089646447836,0.0026316970464477034,0.002632429209466234,0.10168550654851788,0.3418378517678288,0.002631836969087531,0.0026318873418886774,0.0026319065314349623
4821_at,0.0014928698683502513,0.0014928915490831538,0.0014929967748135656,0.06329107664150627,0.12932692682584937,0.0014929509078224518,0.001492808179356389,0.7035326587997971,0.0014930860456456565,0.09489173440777579
4822_at,0.02048669712445636,0.001351734522222414,0.0013515618520948897,0.001351527716813835,0.0013518516494982367,0.0013517651265807687,0.0013517875610899804,0.9687000750892963,0.0013514643714315933,0.0013515349865153687
4823_at,0.004347955544027306,0.004347888647379083,0.004347973255319825,0.0043478965471811515,0.960867199314372,0.004347912662430232,0.004348286347622301,0.004348847321245308,0.0043480697469805525,0.004347970613442274
4824_at,0.0018522066454999232,0.0018519498519433948,0.0018522164055988785,0.001852112141793149,0.001852491966468022,0.001852155071030884,0.13900928129125215,0.0018520585772056153,0.8461730142297276,0.0018525138194804228
4826_at,0.09420134112369413,0.0018870665355394923,0.001887510935618112,0.0018869967808905655,0.001887080255964428,0.0018870204836831436,0.33002476422869126,0.00188702786831211,0.5625642899697423,0.001886901817864378
4827_at,0.001204928506904087,0.001204891782061814,0.001204896080221227,0.0012048512804126589,0.19965403653890473,0.0012049129830121342,0.0012049049757846219,0.7907062321327174,0.0012048396369855382,0.0012055060829959283
4828_at,0.3588102135708333,0.0030310080625028293,0.6169421689984281,0.0030307126434639107,0.0030311761581106197,0.003030965923241643,0.0030306389157521386,0.00303132546123715,0.003031091302256082,0.003030698964174143
4829_at,0.0021740773823664765,0.002174078535094325,0.0021741354438274112,0.002173961237951779,0.0021743612265906695,0.002174497934687314,0.9804324196925764,0.00217435419001165,0.0021739430582311684,0.0021741712986626453
4830_at,0.0017859931509407127,0.001786156615257241,0.0017862402136155984,0.0017860413733714294,0.6730099954712759,0.0017859178719597081,0.3127014285242351,0.0017863206046493673,0.0017860542326890213,0.001785851942005966
4832_at,0.0018868994603653503,0.0018871660146047812,0.0018870487949030506,0.0018870758160961525,0.9191028304993062,0.0018871671657395032,0.0018872525109125404,0.0018871353362847297,0.001887836790655537,0.06579958761113218
4834_at,0.001613022661875829,0.0016130018253056467,0.0016130382417468118,0.0016129648347431062,0.0016130711718400379,0.9854829060623599,0.0016130031898604485,0.0016130228512714205,0.0016129369536593704,0.0016130322073374776
4836_at,0.0014493654619927427,0.0014493460340992595,0.0014494518777778173,0.0014493745209919826,0.0014494299004677244,0.0014494445079262302,0.7466792757150427,0.24172554250406858,0.0014494132417764082,0.0014493562358566159
4838_at,0.0009434913023904986,0.0009435141866061492,0.0009434498914077868,0.0009434134438226538,0.0009435051671327425,0.0009436101138281635,0.9379502246195494,0.0545019071905093,0.0009434152225816032,0.0009434688621718583
4842_at,0.0012050058068720278,0.0012050725708851729,0.263613187176669,0.001205285364988406,0.03977470834861549,0.0012051983831426684,0.0012050726862225007,0.6881765347951815,0.0012049931648939396,0.0012049417025294382
4843_at,0.002174850471107079,0.0021742875283811617,0.0021740396561249556,0.06793929455086962,0.9146666352065994,0.0021741597576583295,0.002174217953858132,0.002174329105262531,0.002174228492553481,0.0021739572775852593
4845_at,0.0022732112692752135,0.00227282865744803,0.002272936726111185,0.0022727958490336157,0.0022729123355368958,0.0022729035747342647,0.0022728037405062725,0.0022727833227578044,0.0022727571046874773,0.9795440674199092
4846_at,0.003226533355074955,0.0032264674564035007,0.003226518591742824,0.0870124960740345,0.5733330552768715,0.0032260018313813813,0.31707009255038154,0.003226695474885312,0.003226059730964359,0.0032260796582602043
4847_at,0.003704081090632246,0.003704284905793463,0.0037045593543790687,0.0037037847574503055,0.43349713016714786,0.0037041087760818986,0.09944487133767026,0.0037038774469433998,0.33294557167879624,0.11188773048510525
4848_at,0.9819977048214623,0.002000153279039896,0.002000248931995558,0.0020002168250853073,0.002000533078652249,0.002000308106040477,0.0020002107606752135,0.0020001742014367115,0.002000162957604522,0.002000287038007649
4849_at,0.004545566174010053,0.004545509577780838,0.004545569240723716,0.004545500391038418,0.9590888150676145,0.004545533953173097,0.004545937657608266,0.004546477980440156,0.004545547343034029,0.0045455426145770235
4850_at,0.0019245955259718946,0.0019234803266519268,0.0019233248954529944,0.0019233698853048,0.0019234700543862742,0.4562488358772849,0.34453722617930743,0.05558601554737233,0.001923372673051513,0.13208630903521576
4851_i_at,0.0010640313117119737,0.7462354683839888,0.0010640696832394153,0.0010638816263512801,0.0010643488886257905,0.0010639937262625684,0.0010639110019978971,0.24525242578938397,0.0010639021657100065,0.0010639674227280788
4852_s_at,0.0010640313117119737,0.7462354683839888,0.0010640696832394153,0.0010638816263512801,0.0010643488886257905,0.0010639937262625684,0.0010639110019978971,0.24525242578938397,0.0010639021657100065,0.0010639674227280788
4853_at,0.0010754606676015802,0.7118649434068247,0.0010754754779666198,0.0010753021814703867,0.0010753686473515016,0.001075406235342599,0.0010753475112619054,0.2795319958767268,0.0010753255949122748,0.0010753744005416
4855_at,0.002564328501546255,0.002564569934189478,0.002564391661839422,0.002564185331712138,0.6315617177143188,0.0025643479165331057,0.3479233842160792,0.0025643643233073166,0.002564529415727594,0.002564180984746632
4856_at,0.0012196499028132811,0.0012198924380353697,0.0012197196739659707,0.0012196419440727742,0.0012197143290568514,0.11640971901429575,0.1571234842433597,0.0012197083435849581,0.7179288797113809,0.001219590399434566
4858_at,0.0015151809419710386,0.001515272583556378,0.0015151933809767865,0.0015152011455274786,0.7029637603904989,0.001515220807766335,0.0015153075852343048,0.11855005223082414,0.1262668861945117,0.04312792473913302
4859_at,0.0008772963510684278,0.0008772176752973037,0.702434863357649,0.0008772753432839193,0.0008772476177651222,0.0008774158237622965,0.0008772537232297307,0.000877485141105797,0.0008774469590498953,0.2905464980077885
4860_at,0.0015628560706989114,0.0015628817139580723,0.2562553179065666,0.0971559177446066,0.0015626102261634867,0.06994464131138517,0.04105867322664828,0.001562663089726264,0.0015629049683332317,0.5277715337419133
4861_at,0.012500331036387523,0.012500206010416504,0.012500220395623764,0.012500099579751582,0.8874945073146624,0.012500279415173933,0.012501195756634975,0.012502744781143271,0.012500144971262825,0.012500270738943343
4862_at,0.005883065410402424,0.1899970067194815,0.5592605661588484,0.005883569321693671,0.2095591667230966,0.005883772023255439,0.005882950961852675,0.005883178237658615,0.005883333430966143,0.005883391012744599
4863_at,0.8936789557381116,0.0010102262503907712,0.0010103556697886843,0.0010102821459291704,0.001010190798946681,0.09823882343096281,0.0010103396400992731,0.0010101796136223165,0.00101020609416259,0.0010104406179860465
4864_at,0.0010529967234377473,0.15466557418718807,0.07373270127268353,0.23343054984255446,0.0010528957283095811,0.0010529909850744553,0.001052751477168714,0.5318538774990534,0.001052808262158137,0.0010528540223718797
4866_at,0.0012659834089291091,0.001265914943250628,0.0012658883054727556,0.0012659603546979882,0.00126602520584692,0.0012658605587607327,0.0012659171253065228,0.9886066731057134,0.0012659364720266906,0.0012658405199952609
4868_at,0.0017243842156950242,0.21077582609393655,0.775429304625259,0.0017243459585663868,0.001724458333574162,0.0017243169892472237,0.0017243753363217755,0.001724291491693011,0.001724398335355628,0.0017242986203510886
4869_at,0.002000505002209139,0.0020004354979178056,0.0020002816653558633,0.0020001831327145204,0.0020007241396006055,0.002000098117345763,0.0020001997581245894,0.0020002344612568756,0.9819972854041853,0.0020000528212894323
4870_at,0.001852088068302621,0.0018519176067237275,0.001851936648086283,0.0018520033826088726,0.28662065236754836,0.0018518803820853874,0.001852021945045079,0.6985635629613572,0.0018519346833901717,0.0018520019548520876
4871_at,0.004167022233463515,0.0041672276089905385,0.2565687519800493,0.0041672810074926,0.5833759728184285,0.004167254346173755,0.004166876377442286,0.13088491166716712,0.004167258363275791,0.00416744359751678
4872_at,0.007143146040782918,0.007143737212215283,0.007144476738410291,0.007143556828079905,0.9357078578418857,0.007143196520919174,0.007143386670719081,0.007143719392453287,0.007143744722735544,0.0071431780317987685
4873_at,0.001333481433855416,0.0013334223678080086,0.001333461782430046,0.1344874169394464,0.0013334020763404854,0.11111260556770663,0.0013333844790380592,0.0013333768533835264,0.0013337547541067431,0.7450656937458847
4875_at,0.17532783139260963,0.004167645958295757,0.0041680663998950465,0.00416696279848249,0.3621697446146381,0.0041677724211997055,0.10549663424810281,0.3320008231657171,0.0041671521175566705,0.004167366883502698
4877_at,0.0013515317332135387,0.14354813149230317,0.0013518904997011302,0.0013516282892021122,0.0013515847866740712,0.028932858975167106,0.818057936044065,0.0013515653427956054,0.0013514430344558788,0.0013514298024223867
4884_i_at,0.0017545511678876025,0.0017545209014065161,0.0017544716851937477,0.022900095172272043,0.0017548978805794813,0.001754442110885791,0.0017545355849278767,0.9630635685198924,0.001754475767593045,0.0017544412093614097
4886_at,0.001136627349124159,0.07913597493742361,0.0011367336588376238,0.0011368163997179915,0.00113655882050061,0.9117712711700202,0.0011364431770209981,0.0011364793082464313,0.001136621059424094,0.0011364741196845567
4888_at,0.000877269410002952,0.129621252321661,0.2865464831620261,0.0008773764940662786,0.000877245036622125,0.5776910721622591,0.0008775188532585563,0.0008772488112975183,0.0008773010954573054,0.0008772326533489467
4889_at,0.0016394958830758866,0.0016396160009668943,0.0016395413326629853,0.0016399216308862314,0.0016394211548304096,0.9852439316180375,0.0016394048831194863,0.0016393927895651372,0.0016395397668270343,0.0016397349400283938
4891_at,0.0016949856364707502,0.06733007243309434,0.32243038942313873,0.0016951634635263256,0.0016954216498437228,0.0016951475768470778,0.5128844164653042,0.08718385371161597,0.0016950902885240946,0.001695459351634774
4892_at,0.07710940811660628,0.00178610055732342,0.0017861049423176267,0.0017858143710747466,0.0017863177653039508,0.0017869364290599118,0.5142727137682609,0.0017859552139366508,0.39611475595349876,0.0017858928826177327
4893_at,0.14260838079434993,0.04381746857083616,0.031384310392816105,0.0009525341242564569,0.0009524562077465011,0.0009526645320958474,0.0009524404939200131,0.0009524752149189086,0.0009525169896002138,0.7764747526794599
4898_at,0.0008404124381399019,0.7570063167070419,0.0008407731246517944,0.0008404415927706149,0.0008403967088742282,0.23627007071796932,0.0008403722356459959,0.0008403740556599614,0.0008403792311324436,0.000840463188113841
4899_at,0.0012502487445027047,0.9887488003076371,0.0012501540075488347,0.0012501740195223808,0.0012501008906637995,0.001250215850622849,0.00125005364229753,0.0012500691261444457,0.0012501008276058006,0.0012500825834545516
4900_at,0.0025651714539356354,0.002564620768682621,0.002565086799752495,0.05256050452366239,0.3633601112654046,0.0025644896754624382,0.46030260779295745,0.002564398270569008,0.06984460695389351,0.04110840249567983
4902_at,0.001389222207602995,0.0013892242503429353,0.00138917049644581,0.0013889869930235185,0.0013893574632300673,0.0013891993318921063,0.9575795793454315,0.03130705233285117,0.0013890888747680407,0.0013891187044118574
4903_at,0.0008621817103873238,0.000862166108080874,0.0008621494833822963,0.0008621811498677848,0.0008621040902930863,0.9922407959267647,0.0008620943776934963,0.0008621062115806696,0.0008621084527176807,0.0008621124892321122
4908_at,0.007693173860013319,0.0076930212468166405,0.0076938251430977,0.007692491913159652,0.9307639438216208,0.007692768385599621,0.0076924895372624475,0.0076925238199781676,0.007693236536438932,0.007692525736012831
4912_at,0.5971062983648524,0.0028577014281621414,0.0028577739735405347,0.0028571779503434986,0.0028593219238696108,0.13345701878038485,0.2494318187817097,0.002857684673718091,0.0028573773481996197,0.00285782677521943
4913_at,0.0022225695159538233,0.0022227789555165976,0.1573984689890972,0.002222691374822294,0.0022225716596611014,0.002222692785408397,0.8248197185447039,0.002222614240597883,0.0022222631800959507,0.0022236307541426952
4914_at,0.002500648125600591,0.002500276567528137,0.268776574928578,0.002500170079201145,0.0025004451532766704,0.7112207189204912,0.0025003958852745844,0.0025003628248414984,0.0025002023429517755,0.0025002051722565603
4918_at,0.0010639421206645003,0.001063885121364413,0.0010640474932639454,0.0010638734158750103,0.0010639905538198224,0.001064712362456734,0.8081269467454637,0.18335884004580233,0.0010658214308082612,0.00106394071048119
4919_at,0.8546333713261646,0.04594166959192997,0.0007409165463211584,0.05868559300957434,0.0007409022008442722,0.0007408953636935445,0.0007408549501845095,0.0007408536731613354,0.03629418050514976,0.0007407628329764125
4920_at,0.6800079820894265,0.002631633330411299,0.002633769976752065,0.002631599257143818,0.0026316596903968137,0.09533441715216506,0.2062331904748692,0.0026316353274081824,0.002631651015712331,0.00263246168571493
4921_i_at,0.9899973377765043,0.0011113476415187298,0.0011116824445873308,0.0011115727646677073,0.001111232926895851,0.0011114719717304146,0.0011111889349110784,0.0011111908530497285,0.0011112931165562817,0.0011116815695783747
4922_at,0.0014091169614768276,0.24831370582256987,0.2202326866572959,0.0014087555969183165,0.13474854978640788,0.0014086292785215804,0.17014976108419277,0.21951141891796613,0.001408628715138106,0.0014087471795126406
4923_at,0.0012659736238259355,0.0012661102051164759,0.0012662000621270022,0.021444845182708006,0.0012660627829991237,0.0012659552538352963,0.0012660669566734455,0.0012660367757523965,0.9684268922864039,0.0012658568705585071
4924_at,0.0020411188651017305,0.0525611923026507,0.2665422497251462,0.002041144197149332,0.002041297079604596,0.002040947597153836,0.26154582146425437,0.4071038826543863,0.002041248115822488,0.0020410979987304937
4926_at,0.001515441090588861,0.001515240228281881,0.0015154089441872353,0.00151530206693197,0.0015152661923024467,0.2316811711125952,0.0015152455856207636,0.0015152183957073012,0.0015153876326870364,0.7561963187510973
4930_at,0.2343923092155973,0.002174336585061483,0.0021743599578138055,0.002174400219864172,0.0021740383209886234,0.0021741587096119537,0.16507236891729196,0.002174031630663669,0.5853160281378932,0.0021739683052138426
4931_at,0.0009092181901089765,0.0009091204015160388,0.7096805665686223,0.0009091832192124594,0.0009092598567678573,0.0009092970434338968,0.0009091565597698257,0.0009091807303556315,0.0009094223003768706,0.28304559512983624
4933_at,0.001389101837210589,0.2336249204604971,0.11575070804844398,0.5753289261532605,0.0013893974843786974,0.0013892058183284943,0.0013893340681521591,0.06696040379712852,0.0013890191471092454,0.0013889831854906835
4934_at,0.01666713839358375,0.016667141396862817,0.016667282291487832,0.01666690517488762,0.8499946639434977,0.0166672552013057,0.01666733346310663,0.016667123040142274,0.016667835106454247,0.01666732198867144
4935_at,0.9636209416211307,0.022342717736192362,0.00175464981508681,0.0017545627392927573,0.0017544842821742978,0.0017546448297796873,0.001754526820881937,0.0017544328705871787,0.0017544289397582187,0.0017546103451161852
4936_at,0.001333371524059232,0.0013333859357114362,0.0013334820064318004,0.0013334052399877252,0.0013335418116641785,0.0013333579451774585,0.001333810550526653,0.8373492700796997,0.15198300868985581,0.0013333662168860353
4939_at,0.0011905994431768154,0.6621924648488785,0.0011908003672248346,0.059656926580442894,0.0011906238073636768,0.0011906435276954233,0.0011906063902924102,0.2698160787052417,0.0011906665913034317,0.0011905897383803958
4941_at,0.0012987464783789245,0.0012988051130863986,0.001298812955821536,0.0012988275075930867,0.7060634258808033,0.0012988205482495434,0.28354590783649736,0.001298913579713851,0.0012989732745626941,0.0012987668252931932
4942_at,0.0020410148609348276,0.00204099715137907,0.002041319310847347,0.0020409006682167285,0.0020409713463060545,0.002040920208488875,0.0020409081962323825,0.0020408752926531527,0.9816312316216657,0.0020408613432758007
4943_at,0.001162904230943224,0.001162900951033905,0.0011629133051496623,0.0011628349052284338,0.0011631240700015544,0.0011628951001174269,0.6901884236772063,0.3005082107846034,0.0011629126382210824,0.0011628803374949923
4946_at,0.001852138232634503,0.0018521204401481493,0.0018529041475972977,0.0018521643710256578,0.0018523922810468442,0.00185411598731418,0.0425695602978272,0.9426103075245341,0.0018519684567150207,0.0018523282611570288
4947_at,0.01666713839358375,0.016667141396862817,0.016667282291487832,0.01666690517488762,0.8499946639434977,0.0166672552013057,0.01666733346310663,0.016667123040142274,0.016667835106454247,0.01666732198867144
4948_at,0.0028578147621864352,0.0028574322445964902,0.0028576461505003064,0.8665313606313251,0.1106081115038696,0.0028574140040927955,0.00285746183753032,0.0028575242408973847,0.0028577902392105544,0.0028574443857910803
4949_at,0.0034487919347996675,0.0034494623333569214,0.2975343049124806,0.0034497767473371166,0.0034497579275980174,0.003448890671176858,0.0034488202316502663,0.6748725731250829,0.003448887417123118,0.0034487346993944813
4950_at,0.012500331036387523,0.012500206010416504,0.012500220395623764,0.012500099579751582,0.8874945073146624,0.012500279415173933,0.012501195756634975,0.012502744781143271,0.012500144971262825,0.012500270738943343
4951_at,0.2951332882665182,0.5427119062485722,0.0014286933532454416,0.001428813377486554,0.001428792514292397,0.0014286555302878293,0.0014286589483128644,0.1521537558153651,0.001428624247967412,0.0014288116979519914
4956_at,0.0014499836413355413,0.0014494634221963176,0.4128947982187605,0.0014493562740096953,0.14455355699035308,0.0014498042111223456,0.3713986969883537,0.062455473020960245,0.0014494907001058586,0.0014493765328028336
4957_at,0.0008548184895459366,0.0008547918978260434,0.05817530005170054,0.0008548562003184196,0.0008554117399034618,0.0008550124196327151,0.0008549907656395715,0.0008554150851557081,0.6096867909218132,0.32615261242846433
4958_at,0.0037038864820510627,0.003703816236254576,0.11704004648318232,0.045171143933710634,0.2687764538414157,0.0037039153735806602,0.42640094101358045,0.0037040228385646313,0.003704423679547266,0.12409135011811265
4959_at,0.26721308602460764,0.13081719492893926,0.0011767432841663973,0.001176551927681135,0.5707626486635156,0.0011767043182737654,0.024147104204576487,0.0011766317633120252,0.0011767834694405364,0.0011765514154871183
4960_at,0.0015625959760450295,0.001562679071591835,0.0015626715815713276,0.001562548973997969,0.0015628642334874388,0.0015627187979615714,0.985935507363933,0.0015632842179433399,0.0015625286826975344,0.001562601100771005
4961_at,0.004546220028359246,0.0045468319571326556,0.004545653005401527,0.2967970422485523,0.6668334572735514,0.004545968277318551,0.0045459764455227395,0.004546879882030701,0.0045462138485053176,0.004545757033625448
4963_at,0.001818368375828732,0.0018188545887060199,0.26377268988935937,0.0018188286762722652,0.15994797729020713,0.0018184993211194087,0.4163587050114121,0.14900884308613174,0.0018188621869984637,0.0018183715739649128
4964_at,0.0014086752977632547,0.0014088868269322224,0.0014087468217949199,0.10152698799568437,0.8872030811723449,0.0014087466082152902,0.0014086862887908423,0.001408816572965978,0.0014085526164982454,0.0014088197990100298
4967_at,0.001923267911204909,0.5944518900418908,0.0019232188033826301,0.028744426175539448,0.001923742998736069,0.07194869303879754,0.0019233730354948472,0.2933148498372972,0.0019233498522699388,0.0019231883053865138
4969_at,0.1539481941558088,0.0030309839503560535,0.003031424455206986,0.08224234740364096,0.7425926508375053,0.003030909418192009,0.0030306442614741248,0.0030304694085500905,0.0030313817562678874,0.003030994352997894
4970_at,0.0006849729939906149,0.0006851153382546129,0.0006850667939860717,0.8483766133169963,0.0006850153492943257,0.14614329709276358,0.0006849601767769513,0.0006849741306398795,0.0006850213757430026,0.0006849634315545977
4971_at,0.012500331036387523,0.012500206010416504,0.012500220395623764,0.012500099579751582,0.8874945073146624,0.012500279415173933,0.012501195756634975,0.012502744781143271,0.012500144971262825,0.012500270738943343
4976_at,0.23712667209213176,0.007692567093475418,0.007694933408769083,0.007692411665864993,0.6171957245361572,0.007698585181323265,0.09181917498088633,0.007692455773134775,0.00769399278354401,0.00769348248471331
4978_at,0.001695007678948562,0.5967051002423567,0.0016951477583272256,0.0016950246919716708,0.1271525730232351,0.0016949955532940897,0.2642768500920774,0.0016951310186641671,0.0016951863436303824,0.0016949835974947502
4980_at,0.0026325513482605774,0.0026322323705388166,0.5262812459745958,0.0026324406447946107,0.24679583583271683,0.0026318685959748475,0.1575440645929957,0.05358619185174824,0.002631875736486856,0.0026316930518877173
4982_at,0.0015155898033514868,0.0015155074463349266,0.0015156496279915565,0.0015153974249565375,0.10255638713004415,0.0015154385245005394,0.0015154660520515627,0.0015155571486933342,0.8853196245216343,0.0015153823204415735
4983_g_at,0.0015155898033514868,0.0015155074463349266,0.0015156496279915565,0.0015153974249565375,0.10255638713004415,0.0015154385245005394,0.0015154660520515627,0.0015155571486933342,0.8853196245216343,0.0015153823204415735
4984_at,0.001639791117452222,0.0016396766184999373,0.0016398773274761732,0.0016396073941381283,0.1456679068918278,0.0016396288918859652,0.0016396321905279062,0.001639712099821752,0.8412145829485688,0.0016395845198013336
4987_at,0.0011494748700053336,0.6012653006847652,0.0011497877441714705,0.0011494816245954623,0.06283676857303766,0.0011495068042064488,0.0011495803022256923,0.30338111347059143,0.0011495156988159717,0.025619470227585258
4988_at,0.005263286478448401,0.005263288993309963,0.005264416474688361,0.00526319191442995,0.6253217676531894,0.005263271289844466,0.33257032191687036,0.005263272330311594,0.0052639507295002795,0.005263232219407235
4990_at,0.004167051992555588,0.0041671748868807494,0.3062595649592951,0.004167292015470897,0.4180671882544796,0.004167267869593605,0.19708231689047176,0.05358744973155825,0.004167342027034858,0.004167351372659514
4992_at,0.001819000212786425,0.0018185203598291442,0.3996368860411767,0.11144009861274978,0.00181842354226007,0.0018183149466473834,0.0018185479036540377,0.0018186607844032881,0.4761932216556972,0.0018183259407958767
4994_at,0.0062501678874144415,0.006250161427796937,0.0062501933388336125,0.006250104756646392,0.2334786755609866,0.006250168747672424,0.7165193245894089,0.0062502128190431916,0.006250814325197485,0.006250176547000131
4996_at,0.0014707563541118717,0.2681434708251312,0.0014710598222309147,0.0014708064432213655,0.43292106294219307,0.0014706667915959737,0.0014710201867567502,0.28863982966430796,0.0014707283867628207,0.0014705985836879507
5001_f_at,0.9769217715377441,0.0025642167232380105,0.002564253617158911,0.0025641457333011137,0.0025644183448138964,0.0025642271461990274,0.002564222417449413,0.0025642974190413542,0.0025641904498293656,0.002564256611224896
5005_at,0.0015873236616130329,0.0015873425507430736,0.001587343511250768,0.0015873141920040436,0.631369432903779,0.0015873448907417612,0.3559315391496638,0.0015874529915414894,0.0015875856924370902,0.0015873204562258689
5007_at,0.0028572359307124946,0.00285727578457042,0.002857258380416582,0.00285717262171494,0.9742843434182901,0.002857276833831987,0.002857366841910807,0.002857586334826152,0.002857246371798346,0.002857237481928246
5008_at,0.0018519654491116896,0.0018520349991563616,0.0018522633186921428,0.035600003584267244,0.0018519722292244375,0.001852099344220738,0.20556493780495222,0.0018520219092020927,0.7458705579826838,0.001852143378489347
5009_at,0.001010203415744701,0.001010312211738814,0.3231299706384037,0.0010102497738386177,0.0010103790164532028,0.0010101893971589228,0.0010106056135608802,0.6687874003638131,0.001010560272740585,0.0010101292965475966
5011_at,0.0011905791370993366,0.0011907697307486497,0.1829424876212258,0.0011906816333889117,0.0011906719436468927,0.001190534923822652,0.001190667631364409,0.8075323911210273,0.0011907080448698786,0.0011905082128063592
5014_at,0.0012821469410590868,0.3071637414929802,0.1649822248821964,0.0012824092664580613,0.0012821610199832056,0.5188788058960135,0.001282113216041449,0.0012821263134305714,0.0012821427638692881,0.0012821282079681535
5015_at,0.0017242722889154946,0.0017242102992400207,0.0017241889363433312,0.0017241809538095475,0.2547292524844621,0.001724173236245912,0.20758831693316004,0.5256130488146897,0.0017241984252036125,0.0017241576279302042
5016_at,0.0013158331250759626,0.0013159401091333903,0.0013159409885018546,0.0013158616088084479,0.5882949339228309,0.0013159224866858442,0.3046115004852349,0.0013158825195207118,0.09788232992570708,0.001315854828500936
5018_at,0.002778146085511139,0.0027782593995638403,0.0027784924556546434,0.0027782532330307423,0.41322306928987923,0.0027789432137597095,0.002778076260465799,0.0027781793265670113,0.2971837403774182,0.27014484035814956
5021_at,0.0020835421407047923,0.10149179759798624,0.0020833952030727214,0.0020837511503278053,0.4805038945537797,0.002083523097576503,0.3834132746407669,0.00208387683801172,0.02208955741775445,0.002083387360019129
5022_at,0.07439638609019616,0.0009436425964542823,0.08060864443645416,0.7262084180914095,0.0009434589925882103,0.05912641537877968,0.0009434717295913501,0.0009434285251490996,0.05494263416197552,0.000943499997401993
5023_at,0.0014494748770092142,0.0014494460223306617,0.0014494113779267247,0.07600225051631475,0.0014494072498050673,0.9124024496063861,0.0014493601152587375,0.0014493950424293372,0.0014494183393765861,0.0014493868531629298
5024_at,0.0019611691324581777,0.001960927195578008,0.0019608451865395725,0.0019610025925751898,0.7702365641586428,0.001961006141852786,0.0019618295390022578,0.21407490207069393,0.0019609360727927063,0.0019608179098644855
5025_at,0.0014287145803013807,0.0014289655805819537,0.25921092389177103,0.001429238321542104,0.0014289168243854346,0.0014291141585277797,0.19792450128709996,0.001428736640181482,0.3415221337057512,0.1927687550098576
5026_at,0.004546548464044659,0.004546898810893299,0.004547994950841489,0.004546877747981956,0.9590790912232351,0.004547010844070784,0.004546247497553529,0.004546132133231387,0.004546889185863321,0.004546309142284694
5027_at,0.0005349291726965936,0.04414632707567687,0.0005348750753536462,0.9515748847129256,0.0005348682697954114,0.000534845311632855,0.0005348305991883965,0.00053483283628828,0.0005348144093024054,0.0005347925371399116
5030_at,0.3356831075233284,0.2741925100203032,0.004001228599947639,0.004000334294443617,0.3228592110394512,0.00400159633306228,0.04326011438745106,0.00400091955305883,0.004000683043025335,0.004000295205928416
5031_at,0.9819977048214623,0.002000153279039896,0.002000248931995558,0.0020002168250853073,0.002000533078652249,0.002000308106040477,0.0020002107606752135,0.0020001742014367115,0.002000162957604522,0.002000287038007649
5033_at,0.05766174726162315,0.03335707687674282,0.18379632991062544,0.0016671921479271617,0.0016672126823967517,0.0016670937508422128,0.0016671546031070772,0.0016669169372083902,0.0016669907750499102,0.715182285054477
5034_at,0.002127773471907411,0.21411304501410566,0.0021282882404183995,0.002127882848348555,0.6450561496867828,0.00212785719577558,0.1259355467167813,0.0021277818014876753,0.0021279704041824,0.002127704620210334
5035_at,0.0015875649044622547,0.0015874519246558906,0.0015876651516243062,0.018755961289232063,0.9230381422154207,0.04709297471002699,0.001587555651724959,0.0015874706608653625,0.0015874922907391548,0.0015877212012483579
5040_at,0.0018872102826657988,0.0018870251237156255,0.0018873607437800586,0.0018869627384282843,0.841553048638206,0.14334979870800663,0.0018871675123938879,0.0018871259740949515,0.0018872162615570362,0.001887084017151549
5041_at,0.0012347565995795176,0.9017771639996839,0.0012347148413251509,0.0012346817075907744,0.0012347497211190983,0.08834533601127496,0.0012346485342869646,0.0012346487156060205,0.0012346771195004492,0.001234622750033037
5045_at,0.003226158668435353,0.5408749094687567,0.0032269103490278404,0.0032259732466867323,0.0032271018606336572,0.003226213845651185,0.0032264252895423118,0.0032262431769199042,0.4333138709051727,0.0032261931891734443
5048_at,0.0013891541922065164,0.6527256332820481,0.0013891623926836946,0.0013890578751775287,0.001389061708581565,0.0013890133329397647,0.30794895268655365,0.00138897895976854,0.029601965655421798,0.001389019914618901
5051_at,0.0025646800017662106,0.7453180706191149,0.0025647933297531086,0.0025644766624624508,0.00256487650912249,0.23416495373637466,0.002564371724826093,0.0025643826591799203,0.0025647620050023774,0.0025646327523977546
5052_at,0.0010101762208569592,0.0010101653186422145,0.0010102539983605175,0.0010101946173924027,0.24952209299826172,0.0010101799807830615,0.7423960676706477,0.0010104418085405734,0.0010102860196592076,0.0010101413668559117
5054_at,0.0019232974194038593,0.0019232309689778582,0.0019234137568975953,0.001923265547943886,0.6389514695665612,0.0019233948831471163,0.0019233267102218557,0.34566205995700267,0.0019233119279145243,0.0019232292619293823
5055_at,0.001612977723547259,0.0016129653283275028,0.0016129283339747626,0.0016129183707777894,0.3321346685766935,0.0016129581672914195,0.0016129818395406131,0.654961745224833,0.0016129440148277112,0.0016129124201863625
5057_at,0.0029414247671979282,0.0029415743045417106,0.00294154501524854,0.0029413337516775735,0.002941946751447895,0.0029420171503942772,0.002941807078980568,0.002941454798788879,0.7565292228920135,0.2199376734897092
5058_at,0.9050169498395254,0.0010753806194475418,0.0010755240032191142,0.0010754692645987178,0.0010753291960563724,0.08637975971028755,0.0010753257113714344,0.0010753330192673843,0.001075365574861042,0.0010755630613653855
5060_at,0.02100464108311787,0.001389251203125676,0.1971433268855289,0.0013891675241178515,0.7721275251738732,0.001389224342042255,0.0013892366731467713,0.0013892268595438386,0.0013893244615063027,0.0013890757939973325
5061_at,0.0027031672289650377,0.25712319513831366,0.07878981778528979,0.002703020875541634,0.24956793619137427,0.1681247061609563,0.0027030646991082026,0.23287856371404284,0.0027029286574367845,0.002703599548971511
5062_at,0.0027031672289650377,0.25712319513831366,0.07878981778528979,0.002703020875541634,0.24956793619137427,0.1681247061609563,0.0027030646991082026,0.23287856371404284,0.0027029286574367845,0.002703599548971511
5064_at,0.039471550005007155,0.0004545944575351862,0.0004546150326916091,0.7667619898726168,0.00045456355841428194,0.1650330638343489,0.00045457038857619873,0.00045456062156181597,0.0004545898073594885,0.02600590242188844
5067_at,0.002000183576398618,0.002000334281344206,0.0020006449424305405,0.0020004558714421493,0.002000960118290938,0.002000308401399938,0.20129035140387758,0.0020002418817033005,0.7827063137325566,0.0020002057905560235
5068_at,0.0028573524481673887,0.0028580061348048714,0.002857788123852653,0.0028574100098361743,0.002857528992677429,0.0028573470398382456,0.584703274986413,0.002857422759385628,0.3924366351066871,0.0028572343983376916
5069_at,0.0029415780885354015,0.002941662354370185,0.19565731719868495,0.002941757210834434,0.7808097546952473,0.00294167453348581,0.0029412977199522686,0.002941582817184995,0.0029415846158378813,0.0029417907658667647
5070_at,0.00769273101978326,0.00769285398686282,0.0076932665504332,0.007692526929086184,0.9307629204541692,0.00769323729757497,0.00769365757051287,0.00769254940506029,0.0076934917098442236,0.00769276507667307
5071_at,0.024161524969692198,0.001449358423473967,0.001449491992265279,0.0014493121670361283,0.0014496338831988447,0.001449396897915908,0.6781208805511416,0.28757142835516686,0.0014494046598220367,0.0014495681002871
5073_at,0.0011368969091747206,0.0011367561307954544,0.15527445102682952,0.0011365580980057632,0.0011366777863805362,0.0011367049930761962,0.001136504180708694,0.0011365290460752363,0.2607848746941909,0.5759840471347629
5075_i_at,0.8610383868773569,0.0014085492821805765,0.001408611899388076,0.0014097109992519564,0.0014085633716023698,0.0014085987033473158,0.0014086124119886926,0.0014085403480507757,0.001408637086881609,0.12769178901995185
5076_f_at,0.8610383868773569,0.0014085492821805765,0.001408611899388076,0.0014097109992519564,0.0014085633716023698,0.0014085987033473158,0.0014086124119886926,0.0014085403480507757,0.001408637086881609,0.12769178901995185
5079_at,0.04659481108213574,0.05670096720768315,0.15239386710758965,0.669534041705511,0.0011630784752859273,0.04791302138029776,0.0222115825041775,0.0011628678726029991,0.0011628785579854456,0.0011628841067309224
5081_at,0.0007043039327531928,0.0007043849392108258,0.0007043883064352985,0.7461728646416739,0.0007043809115254536,0.19357333627363202,0.000704355949371555,0.05532331930272299,0.0007043979765210791,0.0007042677661536899
5082_at,0.04442360737467621,0.12097783188554045,0.0009524746769241439,0.7911488250790352,0.0009524303479857587,0.03773498348689021,0.0009524461571662541,0.0009524251026923964,0.00095249724923797,0.0009524786398513933
5083_at,0.0250012020338043,0.025000968115839836,0.025000967193211147,0.02500050302084949,0.7749916534386594,0.025001045378897028,0.025001074634931737,0.025000844054809065,0.02500071654430239,0.025001025584695573
5084_at,0.5526211631444822,0.0018869707294098834,0.001886943517042336,0.001886855141599643,0.0018870036797006527,0.0018869506639048771,0.4322833326405492,0.0018869275680080068,0.0018868887759960968,0.0018869641393072173
5085_at,0.0030304550186219022,0.0030306052639981415,0.48546992501910446,0.003030589343206328,0.003031490299023639,0.0030305128247085063,0.490284279484223,0.003030653192895559,0.003030984869021346,0.003030504685197002
5087_at,0.0017863702108756195,0.001786066754465004,0.001786129143664713,0.0017860218244190036,0.9839249846586023,0.0017860184451059468,0.001785936984570125,0.001785993736769076,0.0017866294177887197,0.0017858488237393665
5088_at,0.25212673031646143,0.0010310445357480686,0.0010312597792864213,0.0010311662482189864,0.0010311328437676342,0.019385881322942642,0.22772721498857562,0.0010310167941049169,0.3615145205063459,0.13409003266454841
5089_at,0.001786218843067372,0.0017859976361634907,0.0017859649737120224,0.0017860692773713261,0.0017861479891214936,0.0017861279923954308,0.1859888170973581,0.0017859660032803946,0.799722472835125,0.0017862173524053138
5090_at,0.0017247236897311672,0.0017245460339455386,0.23376397171348476,0.0017245613499042502,0.0017245652455792333,0.001724404414676555,0.09948778774116722,0.0017245157287984775,0.6546766560027648,0.0017242680799479868
5091_at,0.0009010207257877293,0.0009009893301499843,0.0009009794924264551,0.0009010063171655547,0.000900939352270275,0.9918913032250948,0.0009009283892745997,0.000900933067320021,0.0009009525729579726,0.000900947527552697
5093_at,0.0014927658553351344,0.0014926448537627302,0.0014926104695848171,0.0014925809979354436,0.0014928124496745,0.0014925765722980172,0.12329136104345363,0.8647674521562275,0.0014926312187204967,0.001492564383007692
5094_at,0.9035145310453125,0.028801737856138803,0.05540004176731201,0.0017548470038578339,0.0017550053839536204,0.0017547907713394064,0.0017545841276331985,0.0017546630975711942,0.0017549195916150976,0.0017548793552662652
5097_at,0.050627423253122826,0.0012822371976089107,0.5348283709599688,0.0012821172543009984,0.0012822786777280128,0.0012825021468281079,0.001282402057591386,0.40556794953075026,0.0012821159076927963,0.001282603014408065
5098_at,0.40646240355229263,0.1419509373109038,0.3241182312431693,0.0012659093791481347,0.0012662972977076203,0.0012660864105720042,0.0012659639516013643,0.11987184966347038,0.0012661892208696744,0.0012661319702651028
5100_at,0.06793033882630498,0.4223037123983859,0.1290750917540478,0.06953441520805809,0.0012197206738888485,0.06122400271906284,0.0012196504866581223,0.22931923681409644,0.0012195538412617193,0.016954277278235324
5101_at,0.001961101523378994,0.0019611467045761205,0.001961135393742088,0.9115885184959669,0.0019614178724935774,0.0019614925749617787,0.001961203771514716,0.07272198540158913,0.001960937194449213,0.001961061067327411
5104_at,0.0012347583347048874,0.0012346589209382898,0.0012346949771674428,0.0012346594842788487,0.0012350311220831718,0.9240436143757175,0.066078184848902,0.0012350855891163119,0.0012346641457060524,0.0012346482013855643
5105_at,0.0006213405423416458,0.000621270713955006,0.5185105702099333,0.05835211863900124,0.0006212613039970995,0.23059937358739496,0.0006215462485629856,0.17022521226884632,0.0006213205593253763,0.019205985926642168
5110_at,0.0016950670729232943,0.1639976889825375,0.7069206019887789,0.0016951598508972284,0.11721546564136547,0.0016951994185145016,0.0016953533387261126,0.0016950773384214542,0.0016953725075670686,0.0016950138602683106
5113_at,0.0014926478235683786,0.001492773579267481,0.0014930674998575465,0.001492825796044989,0.5002231589370757,0.001492623648050224,0.001492825118563907,0.4878348428717332,0.0014926715337970197,0.001492563192041479
5116_at,0.002041345768810365,0.002041102760707021,0.002041026420971147,0.002040862321713012,0.9479718539162447,0.0020410390384934195,0.035699555445528316,0.0020411615325574735,0.0020410351429210926,0.0020410176520533744
5119_at,0.60146091822412,0.06430814419269408,0.0011630500156229438,0.0011630244448065108,0.0011629662186937028,0.0011630023913217881,0.0011628705355143753,0.0011629736031495955,0.0011630385347683118,0.32609001183930875
5121_at,0.002778933337619158,0.9749954875468575,0.0027787292666362064,0.002777982520891932,0.00277856205721366,0.002778044984277473,0.002777995250839593,0.0027780338539818068,0.002777931305864782,0.002778299875817735
5122_at,0.000719759091788926,0.0007195414575951232,0.09421285642643758,0.03250633840356694,0.0007194882391315595,0.19868621311650067,0.0007197584554093884,0.0007194821913699859,0.19335756358824055,0.4776389990299594
5126_at,0.0011628849717190582,0.22360890612124157,0.13088088213184365,0.00116303015213607,0.001162912654428368,0.6373698446004269,0.0011628553024475815,0.0011628689855279573,0.0011629433237238212,0.0011628717565051025
5127_at,0.0008476184492310119,0.6066215942012845,0.10705774438377766,0.23545641580159313,0.0008477564591260994,0.0008476619375217821,0.04577817809077439,0.0008476950806477947,0.0008476311322862486,0.0008477044637573571
5131_at,0.19883831316538703,0.002777942368594659,0.04441779285255618,0.0027779586988847405,0.0027779835773655117,0.0027780282959293627,0.002777877247913067,0.0027778433804631106,0.0027778795208521045,0.7372983808920542
5133_at,0.0250012020338043,0.025000968115839836,0.025000967193211147,0.02500050302084949,0.7749916534386594,0.025001045378897028,0.025001074634931737,0.025000844054809065,0.02500071654430239,0.025001025584695573
5135_at,0.12736499704253265,0.001724565485912428,0.0017243656078565841,0.0017244833543789211,0.18261203536274678,0.1075923079191452,0.572084270813823,0.001724444228586188,0.0017242421189525518,0.0017242880660658857
5137_at,0.0016394709135060935,0.0016399077794327977,0.001639820295493257,0.0016394487921696777,0.0016395213770476374,0.0016395395626807145,0.8898951325128553,0.09698830636913501,0.0016393933685281065,0.0016394590291515646
5141_at,0.0016395279786664129,0.0016396469219788286,0.1273183315606343,0.0016395329991351492,0.0016396909941978986,0.0016394201146784047,0.12118068053263958,0.0016395273171330121,0.7400240411115615,0.001639600469374872
5146_at,0.6444086536621543,0.0015626883919552478,0.0015628317830408396,0.0015629389326394826,0.0015626019642176112,0.059174020043843846,0.24443259160097133,0.0015626074434715888,0.04260847536438597,0.0015625908133198526
5148_at,0.0020836901353572666,0.0020836364208248947,0.8574684032217108,0.002083722158403673,0.07438882595376008,0.0020838922989555725,0.0020841132883813005,0.053556607984319916,0.002083596816346925,0.0020835117219397364
5152_at,0.0011766925826735986,0.0011766482870802946,0.0011769862958183337,0.0011765389876262002,0.0011766227188585775,0.0011768081036031663,0.0011765383635229578,0.9894099502822941,0.001176640182270407,0.001176574196252392
5154_at,0.0016951178970726405,0.9611029600102661,0.02533570784352994,0.0016951133691806126,0.0016953412805227666,0.0016951059718926982,0.0016951662231532948,0.0016950191568622754,0.00169548685089822,0.0016949813966216896
5156_at,0.0250012020338043,0.025000968115839836,0.025000967193211147,0.02500050302084949,0.7749916534386594,0.025001045378897028,0.025001074634931737,0.025000844054809065,0.02500071654430239,0.025001025584695573
5159_at,0.4924694653338476,0.0022228028128981354,0.15168736366320612,0.0022230454887178616,0.0022227064271321036,0.0963338366733528,0.24617323349994613,0.002222442133046769,0.002222634916735381,0.0022224690511170164
5161_at,0.0016132065422816374,0.2744054879321188,0.0016133061139992004,0.001613169137834357,0.056616118430447865,0.6576859251930254,0.0016130996792455073,0.001613037537284166,0.0016131592397964562,0.0016134901939666337
5164_at,0.01250140928803915,0.0008774623600825748,0.10528624106413009,0.0008774446338879368,0.0008774741694452518,0.023396092788583848,0.0008773072974357814,0.0008773081280855038,0.21828497820324375,0.6361442820670661
5165_at,0.002000249714877131,0.0020003709055917765,0.0020002698375991817,0.002000058877438901,0.20014545693539668,0.783852706668495,0.0020003735488822506,0.0020002254435781013,0.0020002253778284643,0.002000062690312456
5166_at,0.14147686418055624,0.0013161431617006929,0.0013162134745575307,0.001316262335068988,0.0013162584295463027,0.45468037370075604,0.0013159789612898984,0.0013159569539664864,0.3946299419010457,0.0013160069015122097
5169_at,0.0008697031498368317,0.0008696780128256236,0.000869655282845852,0.8488117595828363,0.0008696467665809206,0.0008696400388388768,0.0008696966714061056,0.14423095191888433,0.0008696499497394542,0.0008696186262056419
5174_at,0.0025642894916193936,0.0025644303581566787,0.0025645635580761462,0.002564376336675238,0.1962717335763856,0.0025644096141948835,0.0469600021081096,0.7388176219248503,0.0025642440155350284,0.0025643290163969617
5175_at,0.06695278892749904,0.0012503754881120041,0.0012501754453017406,0.0012503159922201469,0.08055664740266708,0.0012503822183320718,0.5036402182460725,0.34134893810057637,0.0012500785837363628,0.001250079595482513
5179_at,0.0016951159334341707,0.0016952003412216226,0.3184586401317867,0.0016952655043127496,0.26806278278827234,0.0016949898906780416,0.1451028093213481,0.24308737998925112,0.0016954270712325086,0.01681238902846268
5181_at,0.0027784308918152377,0.0027782992218296707,0.0027784890598162343,0.002777950536687467,0.0027783993024821547,0.002778107811361369,0.19025044182121273,0.002778181154086724,0.5656766201721767,0.22462508002853168
5183_at,0.004545598128606316,0.004546061470131891,0.004546550877365197,0.0045463419160901505,0.4500223797853598,0.004545811634632571,0.004546922824624828,0.004546467490172761,0.5136082535967199,0.004545612276296539
5184_at,0.5261399741986724,0.404663572323787,0.0025648156443153353,0.0025648248538711975,0.002564520245336237,0.0025648026840858077,0.002565477061791819,0.00256454658331902,0.051243113711331036,0.002564352693489994
5187_at,0.0011766106669342362,0.23989819598760914,0.0011767290648401214,0.0378116753854375,0.11101861659177438,0.4198130485663879,0.0011766693851130304,0.0011766559014148967,0.001176838689787263,0.1855749597607015
5188_at,0.0010103875440398682,0.04967290139841898,0.07208552362821856,0.0010102706947979839,0.001010360397667262,0.0010103323015930579,0.8711693057107663,0.0010105382287747028,0.0010101765460012553,0.0010102035497220805
5189_at,0.0009526608804459589,0.7026224563151098,0.000952689304776814,0.07057651828398517,0.000952592499646775,0.2201327762411586,0.0009524770849111289,0.0009525951873300343,0.000952433422677978,0.0009528007799576259
5191_f_at,0.9839261245751302,0.001785946580962774,0.001786156940355464,0.0017859633231332049,0.0017858949756636533,0.001786027259840286,0.0017858042396562718,0.0017858688788191688,0.0017858551931046176,0.0017863580333342271
5192_at,0.033335917135242525,0.033335580299177194,0.0333366411278115,0.03333441365150809,0.6999769912434084,0.03333636142123526,0.033336719387563565,0.033335460879246215,0.03333496853814229,0.0333369463166649
5193_at,0.016014056494837853,0.0010756263375568452,0.0010754273262717122,0.001075431874238726,0.001075402971634793,0.0010753508359768865,0.8862512904114078,0.09020666338811789,0.0010753785707078947,0.0010753717892495987
5194_at,0.0019231108529842197,0.0019232069534828406,0.001923287251472446,0.0019231222696113996,0.0019239457796928062,0.001923146716435146,0.001923235008309965,0.9826904436938838,0.001923292526201072,0.0019232089479263316
5196_at,0.0017858857077873223,0.0017860722913630915,0.0017861439106810824,0.0017859460125170647,0.0017861054359031806,0.0017860407352520825,0.14577778196583763,0.00178583762981741,0.839934271493707,0.0017859148171341338
5200_at,0.0008929381338377819,0.7125791070907638,0.0008930152905927125,0.0008929176081867615,0.0008930224049088429,0.0008930062581090832,0.0008930437079858124,0.2802770435634141,0.0008929550629678949,0.0008929508792331916
5201_at,0.0014494587382086876,0.9270267127067382,0.0014495196870973799,0.0014494070027379242,0.06137649825734061,0.0014497450964278723,0.001449644336933131,0.001449373472862241,0.0014502622890696993,0.0014493784125841512
5202_at,0.0250012020338043,0.025000968115839836,0.025000967193211147,0.02500050302084949,0.7749916534386594,0.025001045378897028,0.025001074634931737,0.025000844054809065,0.02500071654430239,0.025001025584695573
5203_at,0.057187419759689544,0.3751507060199896,0.24114351294954095,0.0010003184686439457,0.0010002593829570362,0.3205172182442,0.0010001899145240755,0.0010001341931848294,0.001000070166962742,0.001000170900307084
5206_at,0.0015154538621693747,0.05118914479030647,0.0015157347218715375,0.0015155331182857288,0.0015156828773953902,0.0015155102460061825,0.7315614164735045,0.2066406503670212,0.0015155710136618519,0.0015153025297777048
5216_at,0.0005781149535052312,0.0005782491804173507,0.0005781033101662935,0.9230791723911667,0.0005781628314197626,0.0005781142899441635,0.0722957618576821,0.0005781779227033903,0.0005780768942354197,0.0005780663687595564
5219_at,0.020679274566989293,0.0014086348788843316,0.0014087094226337125,0.001408537467130563,0.001409009839299091,0.0014088018626650304,0.0014089518048758728,0.9680507968067368,0.0014086145264694807,0.0014086688243159049
5220_at,0.0013698948513212088,0.001369963782043894,0.0013699279026779783,0.0013699128341169574,0.0013700167291669843,0.001369884527403585,0.9876704687068055,0.0013699881846804974,0.0013700603314062473,0.0013698821503769804
5222_at,0.002041105891243155,0.0020410665307123376,0.507014436134179,0.002040993931511248,0.002041286634166366,0.0020410593384186273,0.16499726687898245,0.31370005757409514,0.0020409623077609533,0.0020417647789306302
5223_at,0.0016129914217121561,0.0016131564273404635,0.0016130845543621316,0.0016130050860725953,0.0016131912404946038,0.0016141970705735018,0.0016130225299346226,0.0016130597627291598,0.9211288681489361,0.06596542375784462
5225_at,0.0011114909671563428,0.0011112673802772663,0.0011114026632965332,0.0011112791656617304,0.25181397822907076,0.05321822128654448,0.0011112534493124724,0.6871887339026157,0.0011111412991973684,0.0011112316568673362
5228_at,0.0014707898773687327,0.4616292972719432,0.0014708295327353462,0.0014708900209544624,0.4105992834560643,0.10256491637892363,0.016381821019412338,0.001470762053149087,0.0014707493247648846,0.001470661064684298
5229_at,0.012500331036387523,0.012500206010416504,0.012500220395623764,0.012500099579751582,0.8874945073146624,0.012500279415173933,0.012501195756634975,0.012502744781143271,0.012500144971262825,0.012500270738943343
5231_at,0.0010418144357726665,0.0010418254063020767,0.0010419048848331045,0.9035021131596396,0.001041787794284876,0.0694772393723303,0.019727919921247054,0.0010417563250629703,0.0010417999347999934,0.0010418387657272839
5232_at,0.0025001485602781323,0.0025001671942520656,0.002500316470359868,0.0025001688640050286,0.0025002535052379184,0.002500620253528417,0.3613912408103171,0.002500113431112256,0.5592606569628211,0.06184631394808815
5234_at,0.0018520870048295073,0.001852062814679419,0.0018523685845463263,0.001852052816439992,0.0018521066699469166,0.0018519995351099037,0.0018520563224240125,0.001852019707342591,0.9833312475427982,0.001851999001883105
5235_at,0.0010759486296969465,0.34738159991867196,0.0010755969054615001,0.0010753818801865532,0.0010755442345208638,0.0010755537137880193,0.0010754436702949503,0.6440139373348842,0.001075451778626999,0.0010755419338680367
5240_at,0.0021744635508772997,0.7401989189444687,0.0826081435444263,0.0021740699418386117,0.11499484278052392,0.002174341841352534,0.04915255932453135,0.0021742839390831202,0.0021743045680789716,0.002174071564819218
5241_at,0.14715629350018375,0.0021282547941219782,0.002128431166143582,0.002128248332227844,0.5422926142058704,0.08216402753539086,0.21561801746471795,0.0021283175114916123,0.002127733653677745,0.00212806183617454
5242_at,0.03945496610531591,0.17209799795593222,0.6364979457813327,0.0016671012360722028,0.0016670621716383474,0.0016669189074026976,0.0016672526975316636,0.1419464779210302,0.0016671406120806619,0.0016671366116635616
5244_at,0.0033334702389016067,0.003333424957325789,0.0033334314998216836,0.0033334747779393986,0.25893643940443917,0.0033334011848673312,0.6586376760668445,0.05909176314991021,0.0033334941813360835,0.0033334245386141366
5245_at,0.0012822128469495856,0.0012821665580585548,0.00128211766167431,0.0012820791728476268,0.2841800056762339,0.00128209922689474,0.001282709001292452,0.7055623883558098,0.0012821631822685768,0.0012820583179705247
5248_at,0.11645033977672367,0.0013336299079890596,0.8728807084822429,0.0013338014759132235,0.0013335624251367441,0.0013339850053070267,0.001333420053683272,0.0013334673492507458,0.001333542077705806,0.0013335434460474524
5253_g_at,0.002381102815057092,0.002381228288416737,0.32945800398313885,0.0023810004368655367,0.5577006743003914,0.002381101667867648,0.09617297022909069,0.0023815030878748364,0.002381374319410284,0.002381040871887188
5255_s_at,0.0027782711075906275,0.0027781754905990153,0.0027786150692355664,0.2032490097937305,0.6289311717696544,0.0027778803439070052,0.1483724967660896,0.0027782268082082746,0.0027783083471346706,0.0027778445038503705
5258_at,0.001162854886031233,0.0011628164800739729,0.0011628699476521713,0.049278457600127584,0.0011629486604147257,0.001162809045177326,0.0011628913452468575,0.9414186656390008,0.0011628840151609368,0.0011628023811142228
5260_at,0.0010638951460597193,0.5454178759012315,0.0010641174111937813,0.0348487437441125,0.3407334705031316,0.0010639368453436077,0.0726159521050032,0.0010639921487340036,0.0010641123948158318,0.0010639038003743273
5261_at,0.0008404484881656358,0.08019726389372293,0.0008405241604313476,0.8353412074389889,0.0008405453989373005,0.0008404829665326469,0.07857810807735888,0.0008405639760061954,0.0008404173733536297,0.000840438226502543
5263_at,0.0023812154550702834,0.18078138525248255,0.002381647240286875,0.002381347468415692,0.45817952674708184,0.3443693938448454,0.0023813083317621997,0.002381048636465922,0.0023817428363856986,0.0023813841872033933
5265_at,0.043363105976237416,0.702454987501427,0.19403796934046313,0.04195946921774425,0.003030814529742513,0.003030523511277232,0.0030305371677884223,0.003031485255439991,0.0030307588932863977,0.0030303486065935046
5267_at,0.0008065991923260808,0.000806614965917591,0.3319912706659223,0.22148517144186988,0.0008064860432761636,0.0008067460484240325,0.0008064997856662972,0.0008064868064328978,0.1409502074904849,0.30073391755967965
5273_at,0.001428807901962897,0.0014289789541800336,0.4331903211258867,0.0014288470844157136,0.0014287072080590316,0.5553788350801658,0.0014294645782841598,0.0014287021885834549,0.001428661163437041,0.0014286747150250188
5277_at,0.033333333335554806,0.03333333333491993,0.033333333335040016,0.6999975068227088,0.03333344148147587,0.033333333335896234,0.03333333333480541,0.03333333333482652,0.03333333333488293,0.033335718349889666
5281_f_at,0.033333333335554806,0.03333333333491993,0.033333333335040016,0.6999975068227088,0.03333344148147587,0.033333333335896234,0.03333333333480541,0.03333333333482652,0.03333333333488293,0.033335718349889666
5283_at,0.03333333333551533,0.033333333334918364,0.03333333333501044,0.6999954536134932,0.03333333333488162,0.033336990881771195,0.03333366028457445,0.033333895188770626,0.03333333335502074,0.03333333333604393
5291_at,0.03333333333551533,0.033333333334918364,0.03333333333501044,0.6999954536134932,0.03333333333488162,0.033336990881771195,0.03333366028457445,0.033333895188770626,0.03333333335502074,0.03333333333604393
5292_at,0.033333333335554806,0.03333333333491993,0.033333333335040016,0.6999975068227088,0.03333344148147587,0.033333333335896234,0.03333333333480541,0.03333333333482652,0.03333333333488293,0.033335718349889666
5296_i_at,0.050000000005296884,0.05000000000388205,0.05000000000407205,0.5499831671052994,0.05000000000375802,0.05001352258223843,0.05000121759007289,0.050002092620014045,0.050000000078783115,0.05000000000658312
5298_at,0.006250213492895321,0.0062501971722552325,0.006250271101344687,0.006250154281340373,0.8682229738311856,0.006250302156872594,0.08177406992421946,0.006250823530311916,0.006250694428286467,0.006250300081288417
5299_at,0.0018521756666143266,0.0018519561514074117,0.0018519908666233319,0.0018519530625899293,0.13408243758983493,0.0018519242834436343,0.3573243880781974,0.4956291469707557,0.0018520629295309848,0.001851964401002288
5300_at,0.0019231831457621363,0.0019233970068555392,0.0019234302805794315,0.0019233825832921944,0.0019236444617212179,0.9826898988866247,0.0019233009424579916,0.0019232583641499467,0.0019232010344973776,0.0019233032940594737
5303_at,0.6813877544136103,0.002564298154792799,0.002564408739486078,0.0025641962849129946,0.0025642139446137562,0.03907924860247549,0.2615829424148242,0.0025642548981926953,0.0025642322955581496,0.0025644502515335716
5304_at,0.0015386884986241997,0.001538569302483604,0.9180564348479155,0.001538556659258206,0.06963475289049627,0.0015386372273255148,0.0015386096941702413,0.0015386502401983498,0.001538519789594842,0.0015385808499331641
5305_at,0.04045639272957638,0.0012659528792805616,0.0012661467340210194,0.0012658752531695897,0.0012659512750441014,0.0012660285105895075,0.0012659069643609648,0.949415845410003,0.0012659137470563252,0.0012659864968987103
5307_at,0.0012825630040910058,0.43656819350405124,0.0012823436780703536,0.001282232658183374,0.4297446881970182,0.0012826918061559281,0.12471043450243074,0.0012822710092300026,0.0012824343826414973,0.0012821472581275681
5310_at,0.0019608649672920543,0.001961280085667018,0.0019611308583007392,0.001960968477433232,0.11467410514399953,0.0019609599295234326,0.0019611748233188016,0.02838484126977228,0.8432137447876404,0.0019609296570524556
5312_s_at,0.005000573031164126,0.005000235454665132,0.0050001148005161394,0.00500015149995254,0.9549972583273241,0.005000089577368376,0.005000415887459227,0.00500079449200689,0.005000233138851062,0.00500013379069231
5317_s_at,0.005000573031164126,0.005000235454665132,0.0050001148005161394,0.00500015149995254,0.9549972583273241,0.005000089577368376,0.005000415887459227,0.00500079449200689,0.005000233138851062,0.00500013379069231
5318_s_at,0.000769335073385198,0.0007693526055568752,0.0007694712975875768,0.9044946316328301,0.08934991321956556,0.0007694944873169877,0.0007692947449157091,0.0007693150314540807,0.0007693197126009591,0.0007698721947868158
5322_at,0.002777928363527888,0.0027783390528720374,0.09327802982757288,0.035315215940722774,0.002778572454832466,0.0027779176633503655,0.0027780107423843264,0.0027779914197880802,0.8519601695275569,0.0027778250073920954
5323_at,0.004347907684478176,0.004348348397314209,0.004348702287923822,0.004348201685434151,0.9608671665935005,0.004347879305236421,0.004347999019342742,0.004348004799645695,0.004347919422055193,0.004347870805069013
5324_at,0.0007752432718216949,0.29250419596807636,0.10619856025802844,0.05648468726776072,0.0007754091894289655,0.39978084121437946,0.000775318612796588,0.000775387390788187,0.08957722191224377,0.052353134914675796
5327_at,0.0016396580172092566,0.0016394829448258346,0.0016395660104867541,0.0016393942910017275,0.0016394564186770644,0.0016395384785701079,0.781813805660684,0.0016399479135934395,0.20506964452203638,0.0016395057429152305
5328_at,0.000806537952760581,0.08295981287030044,0.2833399344476501,0.0008066859251136648,0.0008065929964755905,0.5999848513249333,0.0008067534159038804,0.0008065377624798202,0.0008067543749819279,0.028875538929400747
5329_s_at,0.985713206437752,0.0015873770808427664,0.001587399778939045,0.0015874452419091434,0.0015873816272178741,0.0015873988188525956,0.0015873451373143138,0.0015873523052687493,0.0015873836139118766,0.0015877099579915544
5330_at,0.002439423299267478,0.0024394818086423548,0.0024394488534605053,0.4044139606256975,0.44110448374595984,0.002439523113859953,0.0024392915256843083,0.002439337095710112,0.13740546739954276,0.0024395825321751386
5331_at,0.9836346583208241,0.0018184890054802028,0.0018184146348392356,0.0018182238310449539,0.0018184896703403956,0.0018183561052846783,0.0018183249881435074,0.0018183061129928102,0.001818288320704117,0.0018184490103459467
5332_at,0.0009524888068202147,0.000952406736848974,0.0009524635439860944,0.0009524027427105628,0.0009524884998039771,0.000952522745591532,0.945295228262424,0.0470850545204043,0.000952411663555933,0.0009525324778542907
5333_at,0.0010753755282451995,0.0773443322335981,0.0010754940993787595,0.8108799416760979,0.0010756508057402966,0.0010753959307608998,0.0010753841287394186,0.001075432878834769,0.10424764825550673,0.0010753444630978485
5340_at,0.0022729775917974845,0.0022729596939237064,0.04980600919633105,0.002272996149689494,0.9021331496462048,0.0321499307538523,0.0022730393560087057,0.002273001735713458,0.002272903967874524,0.00227303190860435
5343_at,0.0681424583389911,0.002564507275350841,0.6686457223336858,0.0025644423000785416,0.1318099612723961,0.0025643706121202454,0.06624742905873979,0.0025645136495003698,0.05233223683580472,0.002564358323332411
5345_at,0.041611840295877285,0.6826352453894482,0.22128847148664613,0.0010002410604681336,0.0010002754527838637,0.048463195564526315,0.0010001941647575945,0.0010002356035247117,0.0010001668418024895,0.0010001341401652314
5346_at,0.0013334492254768356,0.0013334555698600297,0.8793658197221557,0.0013334297310466673,0.0013334743030873626,0.0013335412465927505,0.10996547658807268,0.0013333867561278454,0.0013345329167690273,0.0013334339408111971
5348_at,0.0026317546070667554,0.002631887197073011,0.2619438161905417,0.17768275536586955,0.5419494320422051,0.0026317207483282303,0.0026320569585333827,0.0026326774684984483,0.0026322048439029804,0.00263169457798076
5349_at,0.0025643912075524007,0.5882363454503111,0.39124734506624437,0.0025642305497444013,0.0025652040640664077,0.002564248000818034,0.0025643753936190608,0.0025643890462894075,0.002565148932960018,0.0025643222883947004
5350_at,0.0031252272971720343,0.5421328251145797,0.17654667420730408,0.0031253502120349693,0.18604481803410994,0.07652362690543575,0.0031256715015492115,0.0031252681085155,0.003125269163576919,0.003125269455721881
5351_at,0.26252048256204524,0.07064733227523975,0.6525433964262896,0.0020412952256783122,0.0020412795541087116,0.0020413576666317833,0.0020410500288760083,0.0020410805767115212,0.002041772969398383,0.002040952715020586
5353_at,0.0016670474179831512,0.0016670720933818055,0.0016673597624416968,0.0016667952934486703,0.0016672377753077926,0.0016670707485858785,0.9849965816603085,0.0016670057316494553,0.0016670163283585286,0.0016668131885345951
5357_at,0.0016395944865302096,0.36859195803672085,0.0016396661048314165,0.001639511665143991,0.10847156820620693,0.001639430905291063,0.0016401896428227176,0.0016395079034957276,0.5114591649630268,0.0016394080859302843
5359_at,0.002174572355171521,0.5353772213095876,0.3583930746937932,0.0021742802361257416,0.0021747556544216176,0.0021741568635805326,0.0021742050265635693,0.0021742405231133586,0.09100945878639621,0.0021740345512465064
5361_at,0.0013334517622652666,0.42135336118121575,0.0013336318415948219,0.021130303509947965,0.001333587863819941,0.0013335235392825616,0.0013342709505948845,0.5481807626480092,0.001333672398825963,0.0013334343044437637
5362_at,0.2650793255184597,0.008333656772926426,0.008336318718936586,0.008333452872539553,0.5743427739882242,0.008340328625943638,0.10223077249542066,0.008333532234809714,0.008335119507399073,0.008334719265340476
5366_s_at,0.49075853998658886,0.29998540574226,0.07848437164199142,0.0017244307801061289,0.0017246192756406374,0.06923277524198193,0.05291662075371217,0.001724411448355503,0.0017244272240462511,0.001724397905317189
5369_at,0.0023256933345182167,0.11013801251087206,0.15284458484546812,0.0023259197422145182,0.41564582685073787,0.0023263773712805637,0.0023259314637248643,0.0023257262281075014,0.26789118625693914,0.041850741396137175
5372_at,0.0014086501191063214,0.17345438357293613,0.33031657414089577,0.00140867675148573,0.3375915357437175,0.0014085914306237498,0.001408690883716372,0.15018573622588383,0.0014086273616828245,0.0014085337699519325
5378_at,0.0029415625770817157,0.09232987181014352,0.3742881545842129,0.0029416688740637677,0.3389824860094843,0.0029416471275963206,0.17675009861910718,0.002941384850924153,0.0029414936589556404,0.0029416318884305337
5380_at,0.0009616141748238068,0.2140466077310166,0.29211954070832596,0.0009617294608532403,0.000961615276217038,0.48710231151856886,0.0009615819325221938,0.000961679656440632,0.0009616833950091843,0.0009616361462224253
5381_at,0.0009092105361383549,0.0893773593013247,0.8540911652402993,0.0009094042737307507,0.0009093549728568428,0.0009092345167911145,0.0009092608696788306,0.05016659441158901,0.0009091318188419124,0.0009092840587491052
5382_at,0.0009092097460517244,0.08965912736036832,0.8540026059523019,0.000909402797480428,0.0009093619446552703,0.0009092352657987636,0.000909261948679652,0.049973379856718785,0.0009091317936647262,0.000909283334280351
5384_at,0.0013159037043597016,0.001315886041711737,0.001315999852400063,0.001315832203608109,0.11147839982564514,0.0013160651737570655,0.0013159837252117086,0.8779941559427239,0.0013158729634261887,0.0013159005671562161
5386_at,0.07092247380288337,0.0011768392775399713,0.12359712088318904,0.0011766216262738313,0.0011765416306917375,0.0011766164412207276,0.0011766154750101328,0.0011777584716979813,0.29759366613329036,0.5008257462582028
5387_at,0.031175109608292118,0.0019236443201955764,0.001923704604097005,0.001923591413678745,0.10785739631804427,0.0019236430092703235,0.001923402888797176,0.001923191137407148,0.8475024315907792,0.0019238851094384706
5389_at,0.0018186555792422006,0.0018183936214424404,0.7964447240921678,0.18900808039657482,0.0018184053901758456,0.0018183408156839955,0.0018183153200278133,0.0018184163700605532,0.0018183667790093447,0.0018183016356151875
5390_at,0.0016130439208383563,0.0016131426327681052,0.001613125707266968,0.0016131516842694256,0.0016131980794370762,0.0016131308073820997,0.2123396199416204,0.7747555573106611,0.0016130629524849125,0.0016129669632715447
5392_at,0.06478347138829531,0.5641932908037942,0.0007354349029153832,0.06933697775339585,0.0007354490784686564,0.03919625198046669,0.0007355101640612094,0.12794820826491868,0.0007353526365860875,0.13160005302709804
5393_at,0.0006994480731894468,0.0006995319064928042,0.04176012164718717,0.01346581755228733,0.12490409065535674,0.05949074649234835,0.0006995150566861451,0.756881933770575,0.0006994138795476356,0.0006993809663293766
5394_at,0.06809444585200702,0.0013516424811216394,0.03461240311491336,0.0013515323886591558,0.0013515242263512153,0.8878323614676067,0.0013514658877132825,0.0013515916003399265,0.001351597782722729,0.0013514351985649032
5395_at,0.001389406410138572,0.001389216889742798,0.0013892463822185166,0.4184936726407484,0.0013892555764808882,0.16344183305356033,0.408339969610276,0.001388956551735768,0.0013893099334346833,0.0013891329516639381
5398_at,0.0010205341411069536,0.9315195464988897,0.0010207717186203932,0.060315604921740665,0.001020609991938492,0.0010206267872328405,0.0010207722444905871,0.0010205525490248875,0.0010205028027278236,0.001020478344227803
5400_at,0.020492725144127234,0.041879252421351085,0.0026322807389070296,0.0026318889316423056,0.002631942758533232,0.002631715620811482,0.08125659225670999,0.0026318512596587517,0.840579958150139,0.002631792718119926
5401_at,0.0012346079613342578,0.9888877510530918,0.0012347326859365087,0.001234687004136367,0.0012346488302402711,0.0012350825701469717,0.001234613721523703,0.001234606360527064,0.001234644352597744,0.0012346254604655234
5403_at,0.0018185174446796147,0.0018186984837966953,0.0018183751123086243,0.0018190574582814653,0.0018184330546606741,0.0018183806698153847,0.0018182865533078523,0.9836336889299859,0.001818295997461107,0.0018182662957026917
5405_at,0.0009434687669762384,0.0009435531405940111,0.044214693147645416,0.0009434624182520067,0.5141346093732021,0.0009435166528409916,0.0009435288888571984,0.4350461771572488,0.0009434659368745182,0.0009435245175088417
5406_at,0.0010871244950097082,0.15825293107766616,0.001087277431755559,0.3379390499792357,0.0010872073466741397,0.0010874578837822982,0.0010870774947394227,0.0010871421013746256,0.0010870283711204303,0.49619770381864203
5407_at,0.2475836043737694,0.001389418236154233,0.11219463863232974,0.12155190835336223,0.0013893406534384977,0.5103346933071221,0.0013891308783039412,0.0013890687773917784,0.0013891400623911826,0.0013890567257368416
5408_at,0.17002482151449663,0.001666928198933483,0.001667363363557084,0.00166679524678219,0.0016672155213770714,0.0016670545681906185,0.02293536308089795,0.001666795956810625,0.7953708165414901,0.0016668460074642703
5413_at,0.020004021380872542,0.020001928260236505,0.020003488697605574,0.020021345165918827,0.020006556141370944,0.02000597677271539,0.020002493942172708,0.020001942942335545,0.8199469514654235,0.0200052952313485
5417_at,0.025003736492549628,0.025002603282403037,0.025005793279747928,0.025001562829874965,0.025010535231264685,0.7749617710101605,0.025003340231211018,0.025002623104910963,0.02500222661219777,0.0250058079256796
5419_at,0.8199539711184496,0.020001282311028705,0.020002182524652887,0.0200182098813031,0.020003899677802667,0.02000667520247647,0.020001476241157258,0.020001596386279043,0.02000414266953399,0.02000656398731616
5427_at,0.002564431971084022,0.8376812183625655,0.14180296773611242,0.0025644549030306536,0.0025647765537879764,0.002564256107722682,0.002564477154261054,0.0025645540086798578,0.0025646574817362144,0.0025642057210198735
5428_at,0.0013160022493699636,0.0013159994438539228,0.0013160782504166332,0.9012522354883241,0.08821989313420932,0.0013159131468393408,0.001315991733887235,0.0013159727815505574,0.001316043221349572,0.0013158705501992482
5429_at,0.0050001128540599175,0.005000164403812064,0.005000161924994187,0.005000093022624327,0.9549968823950776,0.005000117956472784,0.00500045766808022,0.0050015076985814805,0.005000319194771396,0.005000182881526018
5433_at,0.0457007403832962,0.80281097565254,0.0016396641742651074,0.0016395463985627448,0.0016396088913299748,0.001639461411073912,0.0016394091293146214,0.140011571292326,0.001639474378127922,0.0016395482891635644
5434_at,0.003226518896764998,0.003225884746238552,0.0032259848780593825,0.003225856462638461,0.2444001445559791,0.003225968655192266,0.7297911034874005,0.0032263819554178273,0.0032260108080861124,0.003226145554222766
5435_at,0.0038463266715731493,0.0038465087527914865,0.25127579263497635,0.0038463477266592735,0.44903968597829924,0.003846477010587412,0.003846855674248834,0.0038471125967285595,0.2727584456251698,0.0038464473289658665
5445_i_at,0.025000000006446893,0.02500000000460362,0.025000000004950874,0.7749983994934475,0.02500005038430488,0.02500000000744429,0.025000000004270044,0.025000441563925408,0.025000000004492037,0.02500110852611444
5448_at,0.03333591443775885,0.0333351320329776,0.03333918371261637,0.03333441336691523,0.69995607732382,0.03334598028509558,0.033335640885258117,0.03333514572200025,0.0333348718912377,0.0333476403423203
5451_at,0.02500000000642848,0.025000000004602875,0.025000000004937083,0.7749974763260823,0.025000000004558407,0.025001667918161358,0.025000152290011558,0.025000703423367496,0.025000000013872127,0.025000000007978456
5454_at,0.02500000000642848,0.025000000004602875,0.025000000004937083,0.7749974763260823,0.025000000004558407,0.025001667918161358,0.025000152290011558,0.025000703423367496,0.025000000013872127,0.025000000007978456
5456_at,0.025000000006446893,0.02500000000460362,0.025000000004950874,0.7749983994934475,0.02500005038430488,0.02500000000744429,0.025000000004270044,0.025000441563925408,0.025000000004492037,0.02500110852611444
5462_at,0.02500000000642848,0.025000000004602875,0.025000000004937083,0.7749974763260823,0.025000000004558407,0.025001667918161358,0.025000152290011558,0.025000703423367496,0.025000000013872127,0.025000000007978456
5465_f_at,0.025000000006446893,0.02500000000460362,0.025000000004950874,0.7749983994934475,0.02500005038430488,0.02500000000744429,0.025000000004270044,0.025000441563925408,0.025000000004492037,0.02500110852611444
5467_f_at,0.025000000006446893,0.02500000000460362,0.025000000004950874,0.7749983994934475,0.02500005038430488,0.02500000000744429,0.025000000004270044,0.025000441563925408,0.025000000004492037,0.02500110852611444
5468_at,0.02500000000642848,0.025000000004602875,0.025000000004937083,0.7749974763260823,0.025000000004558407,0.025001667918161358,0.025000152290011558,0.025000703423367496,0.025000000013872127,0.025000000007978456
5473_at,0.025000000006446893,0.02500000000460362,0.025000000004950874,0.7749983994934475,0.02500005038430488,0.02500000000744429,0.025000000004270044,0.025000441563925408,0.025000000004492037,0.02500110852611444
5475_at,0.02500000000642848,0.025000000004602875,0.025000000004937083,0.7749974763260823,0.025000000004558407,0.025001667918161358,0.025000152290011558,0.025000703423367496,0.025000000013872127,0.025000000007978456
5476_at,0.025000000006446893,0.02500000000460362,0.025000000004950874,0.7749983994934475,0.02500005038430488,0.02500000000744429,0.025000000004270044,0.025000441563925408,0.025000000004492037,0.02500110852611444
5478_i_at,0.025000000006446893,0.02500000000460362,0.025000000004950874,0.7749983994934475,0.02500005038430488,0.02500000000744429,0.025000000004270044,0.025000441563925408,0.025000000004492037,0.02500110852611444
5481_at,0.025000000006446893,0.02500000000460362,0.025000000004950874,0.7749983994934475,0.02500005038430488,0.02500000000744429,0.025000000004270044,0.025000441563925408,0.025000000004492037,0.02500110852611444
5482_at,0.025000000006446893,0.02500000000460362,0.025000000004950874,0.7749983994934475,0.02500005038430488,0.02500000000744429,0.025000000004270044,0.025000441563925408,0.025000000004492037,0.02500110852611444
5485_at,0.025000000006446893,0.02500000000460362,0.025000000004950874,0.7749983994934475,0.02500005038430488,0.02500000000744429,0.025000000004270044,0.025000441563925408,0.025000000004492037,0.02500110852611444
5491_at,0.025000000006446893,0.02500000000460362,0.025000000004950874,0.7749983994934475,0.02500005038430488,0.02500000000744429,0.025000000004270044,0.025000441563925408,0.025000000004492037,0.02500110852611444
5500_at,0.0250012020338043,0.025000968115839836,0.025000967193211147,0.02500050302084949,0.7749916534386594,0.025001045378897028,0.025001074634931737,0.025000844054809065,0.02500071654430239,0.025001025584695573
5501_at,0.0250012020338043,0.025000968115839836,0.025000967193211147,0.02500050302084949,0.7749916534386594,0.025001045378897028,0.025001074634931737,0.025000844054809065,0.02500071654430239,0.025001025584695573
5503_at,0.0250012020338043,0.025000968115839836,0.025000967193211147,0.02500050302084949,0.7749916534386594,0.025001045378897028,0.025001074634931737,0.025000844054809065,0.02500071654430239,0.025001025584695573
5506_s_at,0.0017858503555969025,0.07159242165914516,0.8580934604364208,0.0017861395318454984,0.05781207191746353,0.001785856069017761,0.0017859785093700144,0.0017858733414328983,0.0017865841179462792,0.0017857640617610976
5514_at,0.025000000006446893,0.02500000000460362,0.025000000004950874,0.7749983994934475,0.02500005038430488,0.02500000000744429,0.025000000004270044,0.025000441563925408,0.025000000004492037,0.02500110852611444
5517_at,0.025000000006446893,0.02500000000460362,0.025000000004950874,0.7749983994934475,0.02500005038430488,0.02500000000744429,0.025000000004270044,0.025000441563925408,0.025000000004492037,0.02500110852611444
5522_at,0.0009176022593095952,0.16849116088890248,0.0009176431699255784,0.2967879241169118,0.0009176219511263003,0.0009178836826866455,0.3912286656123129,0.13798644413162256,0.0009175476595119219,0.0009175065276902139
5523_at,0.0441233237187024,0.11958412867359795,0.0035722511542110075,0.0035717211537444043,0.09469435295271507,0.0035720102369444316,0.00357212414839677,0.003571737086524428,0.7201659318636725,0.0035724190114910423
5526_at,0.0014090543222438025,0.0014089539652047801,0.0014086595464976133,0.0014087146677476553,0.07311419636478284,0.0014085853271434104,0.9156159530604707,0.0014086699128204026,0.0014085962668752207,0.0014086165662134484
5527_at,0.016151242175979182,0.40185488475276665,0.22175969425263567,0.0011113516274042497,0.001111305997083171,0.3535667052692457,0.0011111810873719419,0.0011111612864827052,0.0011112898825800391,0.0011111836684505475
5528_at,0.016151242175979182,0.40185488475276665,0.22175969425263567,0.0011113516274042497,0.001111305997083171,0.3535667052692457,0.0011111810873719419,0.0011111612864827052,0.0011112898825800391,0.0011111836684505475
5531_at,0.0035714962728112757,0.003571488533031402,0.0035715110056828633,0.003571459375499584,0.2727400644167399,0.003571506452540099,0.6986872833749007,0.0035720055000663846,0.003571666241968081,0.003571518826759726
5538_at,0.0011364370206928855,0.0011364501316153324,0.001136563893996002,0.001136448844196371,0.0011365101824491334,0.0011365177418054555,0.8196832475603106,0.1712249077299387,0.0011364652291079352,0.0011364516658875455
5539_at,0.004347955544027306,0.004347888647379083,0.004347973255319825,0.0043478965471811515,0.960867199314372,0.004347912662430232,0.004348286347622301,0.004348847321245308,0.0043480697469805525,0.004347970613442274
5542_at,0.0005407197435546639,0.000540576613449914,0.0005406032383399198,0.7072022096567961,0.0005405795118217568,0.2676809005585884,0.0005405791326701718,0.0005405664495050681,0.0005405995585990098,0.021332665536674934
5544_at,0.0021741280233181903,0.0021741002317255667,0.002174125507186927,0.002174217882009202,0.9148178449760426,0.002174006167080179,0.06778866841723853,0.002174361135198983,0.002174586268820303,0.0021739613913795324
5547_at,0.3423187072279026,0.0014928220741592638,0.001492729730365413,0.0014931607131665164,0.0014927770263308939,0.001493029496289638,0.6457386040349069,0.0014928196629272873,0.0014925577074272793,0.0014927923265241477
5548_at,0.06374605310235833,0.0008265293430799837,0.07025068473038365,0.0008264903834116545,0.0008266218604852272,0.014665989331385328,0.8126677974106481,0.034536800338007684,0.0008265035781255297,0.0008265299221145365
5550_at,0.004764817335387675,0.18692182907142468,0.004763752681396802,0.17457336553550687,0.5436319940785519,0.004762984985808563,0.004762314321416887,0.06629341493642946,0.004762688447749812,0.004762838606327377
5552_at,0.006668383804411173,0.3372317127318022,0.006667866716139637,0.006667671235069676,0.6094252480596888,0.0066679181400765355,0.006669103298564156,0.006667464073643095,0.006667265629741121,0.006667366310863668
5553_at,0.0006757986805357567,0.0006757541192411625,0.0006758185153436263,0.7789044175755505,0.0006757154197367479,0.21568955368574158,0.0006757717857330859,0.0006757219747263825,0.0006757191236611436,0.0006757291197299712
5555_at,0.0015877596638823115,0.7007616967889269,0.2865377474011036,0.0015878650604814015,0.0015874458976416772,0.001587622074623834,0.0015874673250017,0.0015874174520764156,0.0015874979813650517,0.0015874803548971532
5556_at,0.0030309506377826966,0.0030317676839237916,0.4256093146726723,0.0030306798634525214,0.45411729168478,0.0030313512427629515,0.003031058163452358,0.09905440402513134,0.003032583483991596,0.0030305985420502704
5558_at,0.23405288722491577,0.001064148143635525,0.4725607224637408,0.0686434754365384,0.0010638833060596343,0.15881856777451428,0.001063923162318525,0.038245838736792756,0.02342253663839994,0.001064017113084404
5560_at,0.0029413833175709597,0.9735257168945695,0.002941630338373313,0.0029418191472823825,0.002941904471703429,0.002941620241665451,0.002941369371950076,0.002941366326829846,0.002941710002316763,0.0029414798877384226
5561_at,0.034832983069315676,0.0015876910082109703,0.0015878306161876794,0.06366338054686461,0.0015874534887468286,0.001587804916607306,0.15354539022171004,0.001587426640625243,0.7384321269519826,0.001587912539749052
5562_at,0.0008476296481435613,0.0008477968783215545,0.024025529443194873,0.9691936244862723,0.0008476426198281314,0.0008476302195222372,0.0008475151126148158,0.000847540960037918,0.0008475681444893548,0.0008475224875752544
5563_at,0.0011905826162830213,0.4754829220561712,0.001190720901634265,0.0011905582712107218,0.0011907016486140303,0.0011905920621359638,0.2728212966738308,0.08516463675477834,0.15938746261642048,0.0011905263989211315
5566_at,0.1347342761929357,0.0016393813337558932,0.0911963818217349,0.0016393938518753021,0.0016394593257165265,0.0016394553759857741,0.001639439609023755,0.001639428619928894,0.0016394031906932,0.76259338067835
5567_at,0.07761453004011033,0.0020003674040777603,0.002000326923803191,0.002000180932617613,0.0020010081883452334,0.20185588573286226,0.0020003143313543545,0.0020002019377185812,0.002000133350602589,0.706527051158508
5570_at,0.0017245849653186125,0.2750885494460999,0.0017246040254638303,0.7111153369485987,0.0017246231334753386,0.0017244603444733786,0.001724520640395766,0.001724441782755023,0.0017245148862550146,0.0017243638271644717
5571_at,0.9833306453486317,0.001852050649822792,0.0018522737569346159,0.0018520853403850043,0.0018520370659820924,0.001852122060417144,0.0018519256175460821,0.0018519936839211117,0.0018519807701519973,0.0018528857062074721
5572_at,0.002041083760903041,0.13242189499313425,0.0020411923845919918,0.002041153942280408,0.6855392485433806,0.16775151167833424,0.00204096948165115,0.0020410038568670513,0.0020410251193215753,0.0020409162395357582
5574_at,0.000500046313338044,0.3595622707186445,0.18435689693622623,0.13683649666697106,0.0005001245848575654,0.2683789281287181,0.0005000902706792868,0.0005000655578969123,0.0005000769275228255,0.04836500389514567
5575_at,0.0022223411446797704,0.0022226042563651544,0.9799961533190712,0.002222525178533665,0.0022233596884210756,0.002222349505434227,0.00222266975185564,0.002222538939685721,0.002222986615381672,0.002222471600571722
5576_at,0.033335917135242525,0.033335580299177194,0.0333366411278115,0.03333441365150809,0.6999769912434084,0.03333636142123526,0.033336719387563565,0.033335460879246215,0.03333496853814229,0.0333369463166649
5577_at,0.0022224524941895523,0.4001310240295986,0.0022226667340320715,0.0022225783438672973,0.0022224487133371295,0.0022225326592198295,0.0022223483202659503,0.5820891472399283,0.0022224832950905426,0.002222318170470724
5578_at,0.007143359464029869,0.007143346525068466,0.007143875111760509,0.6154288927894443,0.3274185317183558,0.007143843226226524,0.007144283069366213,0.007144024706059228,0.007146084540659582,0.007143758849029553
5579_at,0.0013701350105929952,0.0013701431512432546,0.3399788829550468,0.6490602110127673,0.0013706622597688678,0.0013700195841874732,0.0013699816350003834,0.001369984253049137,0.0013699838645935567,0.001369996273750061
5581_at,0.0013701885641211771,0.0013699689877936195,0.0013699841483444182,0.0013702912154457219,0.0013702278898698054,0.0013699765970559756,0.9876692730562918,0.0013701586810163017,0.0013699957003567528,0.0013699351597046938
5582_at,0.0014287382888602007,0.846856635110799,0.14171325087147596,0.0014289961003412597,0.0014287436279142984,0.0014287240144936774,0.0014286626300668407,0.0014286413288642262,0.0014289474202933256,0.0014286606068910923
5583_at,0.0017242456417200843,0.021290807631472695,0.4244235583578236,0.0017244154563032842,0.0017244917135906613,0.0017246563276615509,0.0017242840070646767,0.5422149117856351,0.001724420777345567,0.0017242083013826737
5584_at,0.002222653324863918,0.3864802176796188,0.5957386480464613,0.0022223652778692806,0.002223503082836525,0.0022223260348585585,0.0022223779445417415,0.002222448023512171,0.002223088333852784,0.0022223722515848053
5585_at,0.0012821599079100277,0.0012823955900603825,0.0012824862360904356,0.0012825684944200934,0.0012822395529598976,0.0012822283514887054,0.0012823095147241955,0.9884590482043859,0.0012824281175333686,0.0012821360304268489
5588_at,0.0013702090866559331,0.0013701886313015725,0.8265719534303699,0.001370023367019336,0.16246741302734705,0.001369975451763705,0.001370071369404449,0.0013701291374601527,0.0013701094907883743,0.0013699270078893966
5589_at,0.004546138671628171,0.0045468816062692605,0.1391193975561177,0.2420557262510428,0.18586807774611022,0.004546353668099299,0.004545783497504313,0.004545761105701564,0.40567938350948796,0.004546496388038766
5591_at,0.002564169094701801,0.0025642897153969786,0.002564294582826627,0.002564249619559303,0.002564310016310924,0.9769218640486267,0.002564196222935976,0.0025641876275035217,0.0025641714263937715,0.0025642676457442656
5595_at,0.0660166255115008,0.0011908415972932112,0.5980726589486707,0.0011907504278457206,0.0011907347781567861,0.0011907778918386059,0.0011907530290213462,0.30258587098533485,0.001190551111881244,0.026180435718456775
5598_at,0.0017858300890587673,0.24554612082012944,0.0017858475075479999,0.0017858911220141622,0.0017862574968112246,0.001785777594374569,0.001785914630138785,0.7401668277771795,0.0017857684390954994,0.001785764523650096
5600_at,0.002702919323048949,0.002703453310465479,0.002703005162568732,0.0027049052456704233,0.7113107733488586,0.19709129973751388,0.07267125769382381,0.0027029717874306257,0.0027060400584385425,0.0027033743321809287
5601_at,0.0012500619154076156,0.3439697816449969,0.513928959487534,0.04849829536121885,0.0012500959831360842,0.05566742126238455,0.0012500976885463293,0.001250141754301007,0.0012503378294287466,0.03168480707304596
5602_at,0.001075323399367059,0.7876298214571046,0.0010754119887668651,0.0010753641821029732,0.0010755666585789323,0.0010753500435579076,0.001075416230822577,0.2037671466109203,0.0010752994196267266,0.0010753000091520198
5606_at,0.007694412800808435,0.007697403038433043,0.007694666515457778,0.0076975215637604425,0.7738700856304966,0.16457181636596332,0.007693140747926534,0.0076930010925287465,0.007692648613750321,0.0076953036308745545
5607_at,0.0011765553234599215,0.0011766480799262325,0.0011765966186312855,0.001176862500776939,0.001176989476180295,0.0011765650167670308,0.001176545135097882,0.9894101964194373,0.001176548061154702,0.0011764933685686335
5609_at,0.001754491855972189,0.9842086914110185,0.001754687265336806,0.0017545159980965684,0.0017547530885182118,0.0017547731578228286,0.001754515653061069,0.0017545088415212664,0.001754508512194776,0.0017545542164577026
5610_at,0.0011628814025043848,0.0011628716695252386,0.0011628416944223401,0.0011628638657891729,0.0011629832401651443,0.0011628271686528505,0.0011628356657530348,0.0011628742335103046,0.0011628585813855735,0.989534162478292
5612_at,0.006667551492581874,0.006667436463190006,0.31566354766820437,0.006667580127617989,0.6309955654017689,0.00666863526841051,0.006667137018905139,0.006667027879250446,0.006667476838223387,0.0066680418418473275
5614_at,0.0017243235704109904,0.0353479464104053,0.0017250075542570857,0.0017248302337409907,0.001724577454787032,0.0017248518534006753,0.16845421374958752,0.0017247448654793128,0.7841246596555197,0.001724844652411471
5615_at,0.11957534044540968,0.002127905300929494,0.002128082882738261,0.0021277557357538917,0.002128156318833403,0.0021278109040681827,0.36507461120239104,0.0021277676676723385,0.5004548084286128,0.002127761113590832
5620_at,0.002175923699380345,0.0021743043587289664,0.002174211571653589,0.0021742606393387017,0.0021743245934880053,0.002174018481147346,0.002174156931490133,0.12519510279165383,0.8574094718871843,0.002174225045934616
5623_at,0.003333776413511639,0.003333493990314713,0.0033334925530660036,0.003333435651184064,0.9112618703512025,0.003333783565173491,0.06206944463570462,0.003333731942509364,0.0033335312191226226,0.0033334396782107906
5624_at,0.003333776413511639,0.003333493990314713,0.0033334925530660036,0.003333435651184064,0.9112618703512025,0.003333783565173491,0.06206944463570462,0.003333731942509364,0.0033335312191226226,0.0033334396782107906
5625_at,0.0013160956565420013,0.0013160023428097833,0.9264353048320032,0.0013160778557926244,0.0630368520461041,0.00131597138825914,0.0013159160705575055,0.0013159958886146811,0.0013158779677975268,0.0013159059515195348
5626_at,0.012527377419121945,0.6257179360585592,0.19295186270576162,0.000862246059959387,0.0008622107056503971,0.16362979518892792,0.0008621117966562104,0.0008621230920101794,0.0008622171846808263,0.0008621197886723999
5627_at,0.002273178796173703,0.1998951485537704,0.002273244750152568,0.002273317717647853,0.7362230678349011,0.04796987831922357,0.0022730665293860556,0.0022731799300391145,0.0022730999301203854,0.0022728176385850203
5629_at,0.11827434889444063,0.0028575829972316887,0.858866212308405,0.0028573317471047074,0.002857793735913474,0.0028572750605388646,0.002857345606624192,0.002857446717447086,0.0028574122653904337,0.002857250666904043
5631_at,0.0013337295026257371,0.0013335247369865987,0.539802183302665,0.0013334321737808689,0.4187004570571432,0.0013334234702737787,0.001333607194494609,0.032162609474138744,0.0013336534417222844,0.0013333796461690566
5632_at,0.002083888751699936,0.0020839468740744974,0.0020841356974735585,0.002083797268951522,0.0020841427333770798,0.002083696230755675,0.19156702972222894,0.7917618360517281,0.0020839781348798484,0.0020835485348307996
5633_at,0.0022225280813975043,0.002222769259110696,0.5847586258891155,0.002222585198199632,0.3974608579341335,0.0022223263670603974,0.002222675315547195,0.0022226017033922874,0.0022227655644594126,0.0022222646875839566
5634_at,0.0020842282988700377,0.0020838590086160232,0.002083764437857859,0.5558288921401514,0.00208376572208092,0.4275000728765677,0.002083842137019399,0.0020836289967648023,0.0020840216327031266,0.0020839247493687836
5635_at,0.002439644014449226,0.0024395464524700487,0.22741485139812873,0.6129428629652708,0.14256635574742893,0.002439480077385431,0.0024392450312492758,0.0024393059361085276,0.0024394385315920867,0.0024392698459167438
5636_at,0.001960994387043956,0.001961388714135683,0.001961158204345793,0.001960934695187722,0.0019612259602142298,0.0019610585654875417,0.7631613429533973,0.001960966286589144,0.22115009569324748,0.001960834540351222
5637_at,0.004167039380686322,0.004167310773894566,0.004166783666873017,0.5188962605680425,0.400842447817763,0.051092262192915246,0.0041669037879750615,0.004166886653669721,0.004167059085943262,0.004167046072237349
5640_at,0.0025007628432784403,0.0025006650595605184,0.17214088603310404,0.002500812779721573,0.7424376239130125,0.0025002487162616703,0.06791739196305485,0.002500705081684078,0.0025006353118993754,0.0025002682984228454
5642_at,0.00100008539558921,0.16797280821084878,0.0010002221672446403,0.06201024325907327,0.0010000959368044813,0.0010000798115152303,0.3814247417856763,0.0010000598655346973,0.3621276303708178,0.0214640331968956
5643_at,0.04402538290484475,0.0735843422453191,0.4950934030619728,0.0011766563576897046,0.0011766573321945074,0.001176687310742048,0.28537599352272164,0.0011766095762495272,0.09603763173594375,0.001176635952322168
5645_at,0.0011364964750702003,0.0011366432340581567,0.10059119458067708,0.017872853473707033,0.09891472291850176,0.018846162047562436,0.0011365168720851063,0.7580922186730414,0.0011365396590962344,0.001136652066200454
5647_s_at,0.84563499243201,0.0010205147054723042,0.0010205229143944118,0.0010204481815161788,0.0010205710615105905,0.0010204625471930252,0.0010206219585586224,0.0010205717299285894,0.0010205222031631764,0.1462007722662533
5651_at,0.0014706786665007903,0.0014707307513982541,0.31174830853546265,0.2318637828477355,0.0014708318143638321,0.0014709710919274775,0.39840788247850195,0.0014710018099680974,0.0014721216449643756,0.049153690359176945
5652_at,0.01000092163034529,0.010001443568866565,0.33827840128772163,0.01000168070452539,0.5817113042629959,0.010001779429896416,0.01000034041276644,0.010000307343207388,0.010001715430712675,0.010002105928962467
5653_at,0.0030304868727336074,0.08625922751434667,0.0030304390866937687,0.0030303465736264104,0.2520754798321695,0.00303038087355804,0.6404521205399321,0.0030304010738080546,0.0030307355204257577,0.003030382112706191
5654_at,0.0016396827865426146,0.0016396818604365421,0.0016395905064023905,0.001639530349287522,0.0016397290074778186,0.0016395769552225697,0.31338586009233105,0.0016395536011083235,0.673497366730539,0.0016394281106522088
5656_at,0.001250179130623654,0.0012501127104847147,0.0012501202967716077,0.9887489233262485,0.0012501635855970868,0.0012501754833327155,0.001250064941589392,0.00125009994445879,0.001250094719693236,0.001250065861200354
5659_at,0.002325936256377407,0.002325998530382797,0.7368760483696719,0.12148228993839988,0.060604529414620203,0.06708142331313827,0.002326162200178605,0.0023258124284502328,0.0023260786992237124,0.002325720849556793
5660_at,0.0017248734479331255,0.0017251675944218445,0.0017244923100168982,0.001725016073224068,0.13596045449001207,0.0017246654717502402,0.8502411580827911,0.0017250277851422917,0.0017248248478317141,0.0017243198968768009
5661_at,0.07125175305089972,0.0013890740919935182,0.3155171982421027,0.1336039467804359,0.0013890724295284012,0.0013893307723419235,0.4712922188775999,0.0013890264868596052,0.00138922314468116,0.0013891561235569807
5662_at,0.6797050828671676,0.0025000743092444813,0.002500241872133704,0.002500024662242939,0.0025004575969457313,0.06391634838519268,0.2388773461997892,0.002500079428726431,0.0025000826122516208,0.002500262066305642
5665_at,0.0016667584292649174,0.0016669662467198572,0.0016667569065394409,0.0016667326180390845,0.0016672997573220936,0.0016668005942337043,0.3754843083688245,0.6111807393970066,0.0016668892923121146,0.001666748389737809
5666_at,0.07370437444718098,0.5113648289077373,0.4032618056124085,0.0016669199560612534,0.0016673979363568347,0.0016668788950391705,0.001666914479154425,0.0016668690628202005,0.0016671702140608877,0.0016668404891804678
5667_at,0.0017544663758477152,0.0017546960909397386,0.0017547457272421958,0.023021693266631407,0.0017547687696857208,0.0017544770862634985,0.0017545134157113172,0.0017545040526297712,0.9629417057876896,0.0017544294273591937
5668_at,0.0014493329761668362,0.0014494752750101514,0.0014496108355550636,0.0014495097458916417,0.0014494410781233217,0.0014493681833433198,0.0014493985984481998,0.9149635215475579,0.07344100469037419,0.001449337069529418
5669_g_at,0.0009615871701263949,0.0009616732270197968,0.000961796876187891,0.0009616912616309889,0.0009616448263224737,0.0009615977627923247,0.0009616157273194751,0.8868124575033319,0.10549435990373875,0.0009615757415299545
5670_i_at,0.9863629783218382,0.0015152015324941856,0.0015152165469425134,0.0015151755291469798,0.00151522576618238,0.001515197338829409,0.001515179582896722,0.00151518999865053,0.001515190991032916,0.0015154443919862491
5671_s_at,0.9863629783218382,0.0015152015324941856,0.0015152165469425134,0.0015151755291469798,0.00151522576618238,0.001515197338829409,0.001515179582896722,0.00151518999865053,0.001515190991032916,0.0015154443919862491
5673_at,0.004169543858844982,0.004167059106731537,0.004167301657083261,0.004170482632746773,0.004167145312650294,0.004167448468108195,0.9624900128324212,0.004167171389397493,0.004166717401395175,0.004167117340621174
5674_at,0.001639549112134568,0.8395199466177727,0.1473628126192603,0.001639604428328974,0.0016398425125518554,0.0016395777955485477,0.0016395784678834618,0.0016397983880556577,0.0016398456613009047,0.0016394443971631078
5677_at,0.0015388447346555195,0.0015386738464453677,0.0015386575857523936,0.0015385210809516353,0.11334694601985881,0.0015385608958817729,0.6849776577640828,0.0015386274155635678,0.19090495967702192,0.0015385509797860855
5678_at,0.00277811446461926,0.0027783283461331903,0.042994778353375375,0.0027779329141053126,0.0027782584500214624,0.002778171189878537,0.2946127598082375,0.0027781011991286956,0.6429456770559577,0.00277787821854277
5679_at,0.002174139149930651,0.0021743979681890365,0.00217436688437831,0.0021740272575507475,0.002174594233414486,0.0021740931672492884,0.6705600123920707,0.002174587962578534,0.3120453662571111,0.0021744147275270776
5680_at,0.8039953741347692,0.0010990734911812438,0.01783907408788801,0.001099083067266662,0.001098962514109356,0.17047207888731195,0.0010990280634649615,0.0010991069840182448,0.001099227782721788,0.0010989909872685894
5681_at,0.001666847326132065,0.0016667845955219505,0.0016668004322804805,0.0016666990917832477,0.7826714856817454,0.001666708836793543,0.20399403117801276,0.0016669390352660508,0.0016670208009180534,0.0016666830215465538
5683_at,0.0005953560471922363,0.0005954987868663705,0.0005953438252265397,0.994641660908377,0.0005953471962707505,0.0005953211325028263,0.0005952854506791456,0.0005953150831978975,0.0005956102310705352,0.0005952613386167876
5685_at,0.002941445255249635,0.0029415195120481618,0.5460212843199839,0.2393242625193207,0.1940623169679426,0.0029417574163113215,0.002941773135463066,0.0029416111373547415,0.002941441018829947,0.0029425887174960655
5687_at,0.0026318424461181916,0.43489037104245803,0.0026319869380632705,0.002631968759022025,0.002633277697276905,0.5440518196083561,0.0026317536252894124,0.0026318104022962836,0.002632776041913374,0.002632393439206409
5688_at,0.0016950390548780496,0.5380370241711314,0.0016951872860879941,0.032387367855495945,0.17933498799985917,0.0016950304417559258,0.24007010028225786,0.0016951329144166756,0.0016951348932083515,0.0016949951009086323
5689_at,0.004545784623533412,0.0045464775310480885,0.4411779578965795,0.0045464588675199836,0.5224529880848454,0.004545846472117935,0.00454562911605904,0.004546490613553895,0.004546468290063405,0.004545898504679261
5690_at,0.10686966785347367,0.0013701997451993078,0.8123026060164269,0.0013703382392841784,0.0013701201657858979,0.0013703589459781252,0.0013699497496429595,0.0013700045372559064,0.0013700585219074124,0.07123669622504562
5691_at,0.1946263376932619,0.001695071871314396,0.6220160248656781,0.0016950344928746961,0.0016953804354585462,0.0016950667908275435,0.0016950425710882146,0.02455154533421891,0.0016951794516202989,0.14863531649365724
5692_at,0.0016668034692727221,0.3524925087645683,0.0016673143501143915,0.0016669344499717906,0.3066088482574526,0.0016667628489964803,0.001666849767354305,0.001666948967148196,0.3292302628960838,0.0016667662290373955
5694_at,0.0016668955445245457,0.0016667634294166124,0.0016667526641934841,0.0016667028278492856,0.25153465857757035,0.0016667096031323073,0.001666775581004536,0.7351312328911487,0.0016668236407347313,0.001666685240425521
5697_at,0.0017243830877127885,0.08250691546831058,0.2912662969518882,0.0017245247421207516,0.0017244752794060415,0.0017244745881124662,0.5138040881523526,0.07465619706824332,0.02914437698329296,0.0017242676785603486
5698_at,0.0023818140412078964,0.0023816638492487364,0.24980481302614718,0.002381284453799516,0.3592184228920914,0.00238123293988523,0.10067284562732698,0.05665112538687156,0.2217455820801914,0.002381215703229943
5699_at,0.001695124967485992,0.0016952926965404763,0.0016953974482183977,0.001695219919354419,0.9478925617484214,0.0016952638438139352,0.03854557503912381,0.0016951451700435126,0.0016953432615412105,0.0016950759054567624
5701_at,0.30410488148533765,0.002381024515007548,0.034114442822506134,0.002381058346942749,0.0023810554047530405,0.002381120462266045,0.0023810087716667583,0.0023809826599202224,0.0023810002244087788,0.6451134253071912
5702_at,0.0027029044160263313,0.002703087565379493,0.0027034790554813864,0.0027036773175843154,0.3369142362286557,0.002703339324476466,0.0027032192743354734,0.002703257521082535,0.6414595626266807,0.002703236670297509
5703_at,0.002857312632132266,0.0028577596146363115,0.002857865578344531,0.002857292052484388,0.3745331401070482,0.0028573859140229845,0.6026063452373291,0.002857564396866952,0.0028579586821497445,0.0028573757849856157
5704_at,0.0020000525582123054,0.002000308089737748,0.27066540741791,0.002000097627519885,0.4133265888230571,0.0020001110505166535,0.0020003155012924792,0.30200647015894505,0.002000514593118715,0.002000134179690061
5705_at,0.3266456637987465,0.001408670786617493,0.17738762051163873,0.0014086472920521473,0.0014085007114561007,0.0014088027798983469,0.0014085339125231894,0.11926975613267281,0.0014086183099429601,0.36824518576445187
5707_at,0.4356713235322836,0.0021743059924591475,0.22989385805872806,0.08228953459727179,0.20055632338076232,0.002174302976332325,0.00217413684361242,0.002174109976066082,0.0021743138241889707,0.040717790818295234
5709_at,0.0020004565266064493,0.0020005237506270116,0.5051908982140093,0.002000173845887746,0.0020007387536617057,0.0020006776695775143,0.12500573791907651,0.3558004277507692,0.002000164007630384,0.0020002015621541276
5710_at,0.004545593473308275,0.004547452998472941,0.004547272048021281,0.1311926894240885,0.16299511377153306,0.004546212779285027,0.004546908261597989,0.10199918905037496,0.5397322822580771,0.041347285935240924
5711_at,0.08092628198589885,0.0021277840521069014,0.0021282726625277857,0.0021280063749469632,0.9020504256561478,0.0021277479102905636,0.002127899372108221,0.002128055131072191,0.002127826533850144,0.0021277003210506567
5712_at,0.0014494934958597778,0.0014496133771374445,0.916335059296389,0.0014496233966195214,0.0720690031091335,0.0014495477812986723,0.0014494559275703492,0.001449467991039478,0.00144933083257048,0.001449404792381614
5714_at,0.0023256405383629557,0.002325862042114874,0.002325676870429889,0.002325607615456338,0.002326010203364614,0.0023256903742109292,0.8845782452268025,0.0023258966777000446,0.09681576444120522,0.002325606010352489
5715_at,0.0010639147277736736,0.0010640209204671742,0.0010641534601653153,0.001063923217760165,0.001063934534482108,0.0010639064903243318,0.7861214129837254,0.001064003630506665,0.20536687819059093,0.001063851844204194
5716_at,0.023981818238070614,0.0011366370789904596,0.0011366742708831103,0.0011365102583296854,0.0011364859123946748,0.9074599120793452,0.0011365491096152415,0.0011364710894644701,0.0011364581240589334,0.060602483838847546
5717_at,0.036449124642751414,0.000917532202064375,0.4772611884949245,0.0009175181618394893,0.0009176140319962242,0.0009175424454494396,0.4015344569535464,0.07924919015338205,0.0009182833391680848,0.0009175495748780089
5718_at,0.0011906099661642341,0.0011905449451453003,0.0011905646565873792,0.001190539617986344,0.0011906067803954953,0.9892849949003601,0.0011905253307268652,0.0011905667294114185,0.001190517988936354,0.0011905290842865019
5719_at,0.0015873856017929074,0.0015876192795134974,0.0015878847753752708,0.0015882901015081344,0.6586710896825075,0.0015874787950503763,0.32862659810522427,0.0015875976938031198,0.0015885053382140768,0.001587550627010946
5722_at,0.0022230226344551697,0.0463610428050515,0.9358574503353415,0.0022227837586557522,0.002222732847989613,0.002222784829863367,0.0022225668722532454,0.0022226708651160334,0.0022223734001599054,0.0022225716511139228
5725_at,0.04793446319241208,0.0029415200948097043,0.0029421011071870534,0.0029415332834484,0.3002471269896807,0.002942551169589952,0.04156317812492764,0.0029416474386358476,0.5926042137657266,0.002941664833581909
5726_at,0.0010754522039595053,0.6635904631207806,0.11486205197173743,0.001075660327550081,0.001075752603524662,0.08289922253268077,0.0010754962830359562,0.00107557401558402,0.1321949425796452,0.0010753843615016311
5728_i_at,0.0024394781395526348,0.002440257765125294,0.0024403485196809777,0.0024407181497282135,0.0024396753197362927,0.0024393834421426457,0.0024392939794167907,0.9780417048268883,0.002439928566965083,0.0024392112907636893
5730_at,0.0033334059977835943,0.003333615923475982,0.1412784362194374,0.0033337902908611664,0.7889630580905289,0.003334639384510905,0.04642187200786499,0.0033338364697041213,0.003333479954855201,0.003333865660977683
5734_at,0.0017545797482746094,0.08063533511569078,0.0017550774300706172,0.001754744126756764,0.0017548030792966529,0.0017550907604011383,0.0986365443874363,0.8084443673732016,0.0017545492035512778,0.0017549087753202526
5735_at,0.001923261711501977,0.2124038677136172,0.09231886913296475,0.0019232730257625942,0.266341384857137,0.001923201245248306,0.11415685257392377,0.001923741057487769,0.30516237235426397,0.0019231763280927155
5738_at,0.033335917135242525,0.033335580299177194,0.0333366411278115,0.03333441365150809,0.6999769912434084,0.03333636142123526,0.033336719387563565,0.033335460879246215,0.03333496853814229,0.0333369463166649
5740_at,0.0012050202545375486,0.0012049691027421364,0.0012049162655727043,0.0012048779429992011,0.001205145164683647,0.0012048771157492765,0.41737069537590255,0.5729895974301569,0.0012050426811027885,0.001204858666553275
5746_at,0.002174047252858511,0.002174155756398973,0.0021742034808064693,0.002173948185379271,0.6449823637318791,0.0021744726055998725,0.0021741592153984727,0.3061678096997083,0.0021741412695978736,0.03363069880237309
5748_at,0.0022222931689454234,0.002222725041728133,0.14127587358130936,0.0022224335356190784,0.19297810551430034,0.0022226089148341044,0.0022225945897427343,0.6004627079509715,0.05194822733964431,0.0022224303629049956
5749_at,0.0023260147064629675,0.511680097348128,0.00232617444116255,0.0023257457416016353,0.002326469220516986,0.0023258027112182497,0.3322095554633411,0.00232581841724253,0.1398284297678503,0.002325892182475765
5750_at,0.0012195309945753823,0.1404233120018854,0.0012197102489603965,0.0012195548250935808,0.7643270884003214,0.0012195805209173158,0.08671245276786176,0.0012195997399621684,0.0012196438425825335,0.0012195266578401511
5751_at,0.0011365648910912317,0.0011366965138510424,0.05668541912945059,0.0011367859885624775,0.0011365636994696501,0.0011364502620788534,0.9342217533475741,0.001136747099295461,0.0011366128080057092,0.001136406260620964
5752_at,0.0019235202272713911,0.0019235928275971863,0.2509546392926571,0.0019233487085898134,0.02352744547586365,0.0019232859551223678,0.0019233732998553863,0.028931274107237663,0.685046095736747,0.0019234243690584498
5754_at,0.0014707810947944954,0.001470786517251547,0.0014710788258879386,0.021593503921997072,0.6607966340722194,0.001471421282456772,0.0014709158503852546,0.30731326986023916,0.0014706975413498115,0.0014709110334186163
5755_at,0.004762115384224851,0.0047623993013093495,0.004762137344715565,0.06201342678618394,0.8998889140382963,0.004762053299915722,0.004762634382275874,0.004762258000361439,0.004762029947644055,0.0047620315150729755
5757_at,0.003125448127390943,0.0031258633230508578,0.00312539329412025,0.09125724323837658,0.8325751599151866,0.003125478861278718,0.05428912662130074,0.003125590341074111,0.003125256807429461,0.0031254394707917054
5761_at,0.001538631443498344,0.5038334531005405,0.0015389123702415043,0.0015386747384260224,0.0015390042013475103,0.0015386711347895891,0.001538743423048787,0.0015389719707461552,0.4838562714739337,0.001538666143427868
5762_at,0.033335917135242525,0.033335580299177194,0.0333366411278115,0.03333441365150809,0.6999769912434084,0.03333636142123526,0.033336719387563565,0.033335460879246215,0.03333496853814229,0.0333369463166649
5764_at,0.001149637250405616,0.0011495042046118082,0.001149554428892458,0.0011495930484516422,0.001149576029642175,0.41315601908845684,0.0011494904782407961,0.0011495404836260438,0.0011495655031495417,0.5776475194845232
5766_at,0.0009174721896377702,0.0009175047335620723,0.000917518075734339,0.0009175004578920933,0.0009175355314715964,0.0009175836841555066,0.9917420329656358,0.0009178031560624261,0.0009175326255216746,0.0009175165803267623
5768_at,0.10051162602493696,0.001020730038813444,0.0010205516908218016,0.0010207346126188805,0.0010205336452977984,0.0010205760542364717,0.0010204747948781541,0.8913238787669413,0.001020473234354939,0.001020421137100368
5771_at,0.0011905829062933226,0.0011905458452671164,0.001190507130118851,0.0011905214697999374,0.0011906577468706783,0.0011905219024825836,0.001190960351960169,0.9892844963230313,0.001190701963929615,0.001190504360246619
5773_at,0.0010309885409477643,0.001031206762427875,0.03235123513700922,0.0010309761690353231,0.0010310521047351957,0.9147635852756748,0.0456677469810873,0.0010309869558979463,0.0010312680603420772,0.0010309540128424898
5774_at,0.001162891266605648,0.24235821760231013,0.3486984178250423,0.0011629282751898836,0.247652907471601,0.001162947572156309,0.0011629506191729356,0.15431281153631135,0.0011629259128427508,0.0011630019187675994
5775_at,0.001351542826313653,0.0013514674728309078,0.3027902277739085,0.001351424256829197,0.0013518527109049722,0.0013515748615178997,0.6863959430591119,0.0013517398199242058,0.0013519652860967577,0.0013522619325619736
5778_at,0.010001294000655303,0.01000385415224211,0.010000622128128932,0.010005687567315971,0.5763308282786977,0.34365496552647967,0.01000085991959463,0.010000901635719492,0.010000391441091615,0.010000595350074309
5780_at,0.0014707267328155243,0.0014709200916051385,0.001470990259521352,0.5224976865603989,0.0014708644351770419,0.0014708783873335675,0.0014707703348395035,0.001470801810647202,0.32692750134390286,0.1402788600437589
5781_i_at,0.9886069304518093,0.0012659277028361257,0.0012658859715849687,0.0012659142042101847,0.0012659061078703787,0.0012658924779393845,0.0012658669711909463,0.001265855653379221,0.001265869623100048,0.0012659508360794464
5783_at,0.0016950186003780053,0.0016951677963373093,0.39304459085246296,0.0016950552903934946,0.0016954587463764513,0.0016950335750393786,0.5933941297461338,0.0016952100084673917,0.0016952328601885715,0.0016951025242226702
5785_at,0.651457790269975,0.001724588852995614,0.001724325954790836,0.023754405434210757,0.0017245825953404372,0.07072959047393582,0.24371139644068177,0.0017242172065552097,0.0017247294968400356,0.0017243732746746964
5788_at,0.08014443661230375,0.0015389740597633453,0.07171543900821462,0.001538945473117569,0.18617917376114487,0.0015389418303434022,0.5353149241987525,0.11895180675883979,0.001538801647775343,0.0015385566497447124
5791_at,0.0020835111291520204,0.0020851727357650723,0.002083848223229923,0.410396343527886,0.08904372764756209,0.4859729889223026,0.0020836385476896745,0.002083566254237852,0.0020835422323630557,0.002083660779811736
5800_at,0.06361306761360039,0.003030597447661712,0.003030874483764344,0.14238104594880008,0.0030309016006471777,0.0030309747672360335,0.7727892464987409,0.0030307831468301904,0.0030305606901097613,0.003031947802609498
5802_at,0.025000000004526242,0.02500000000324494,0.0250000000034781,0.7749965353839396,0.02500000000321128,0.025002842917154416,0.025000152381599056,0.025000469284669237,0.025000000012556884,0.02500000000562011
5804_at,0.03333591443775885,0.0333351320329776,0.03333918371261637,0.03333441336691523,0.69995607732382,0.03334598028509558,0.033335640885258117,0.03333514572200025,0.0333348718912377,0.0333476403423203
5807_at,0.03333591443775885,0.0333351320329776,0.03333918371261637,0.03333441336691523,0.69995607732382,0.03334598028509558,0.033335640885258117,0.03333514572200025,0.0333348718912377,0.0333476403423203
5812_at,0.006250240472968946,0.00625180297058531,0.006250500119120988,0.006250331136420249,0.5242178804677401,0.4257777927595986,0.00625049410355156,0.006250306803125397,0.006250239088089676,0.006250412078799057
5813_at,0.0019610504842835644,0.07577216456192275,0.0019612375028976357,0.00196103835209325,0.0019612062414724294,0.001960965948747145,0.593135507775295,0.025996722910565425,0.2933292112210933,0.0019608950016295344
5820_at,0.014285739705586026,0.01428583238896044,0.014285771875286858,0.4468119106313878,0.4388993732442697,0.014286224461328462,0.014285827774469679,0.014285953136077311,0.014286980994184798,0.014286385788448841
5828_at,0.025000000004526242,0.02500000000324494,0.0250000000034781,0.7749965353839396,0.02500000000321128,0.025002842917154416,0.025000152381599056,0.025000469284669237,0.025000000012556884,0.02500000000562011
5831_at,0.025000000004541945,0.02500000000324374,0.025000000003489807,0.7749978845978012,0.025000050383032147,0.025000749147030033,0.0250000000030116,0.02500020725316856,0.02500000000316919,0.025001108601511907
5838_at,0.025000000004541945,0.02500000000324374,0.025000000003489807,0.7749978845978012,0.025000050383032147,0.025000749147030033,0.0250000000030116,0.02500020725316856,0.02500000000316919,0.025001108601511907
5840_at,0.025000000004541945,0.02500000000324374,0.025000000003489807,0.7749978845978012,0.025000050383032147,0.025000749147030033,0.0250000000030116,0.02500020725316856,0.02500000000316919,0.025001108601511907
5842_at,0.025000000004541945,0.02500000000324374,0.025000000003489807,0.7749978845978012,0.025000050383032147,0.025000749147030033,0.0250000000030116,0.02500020725316856,0.02500000000316919,0.025001108601511907
5856_at,0.025000000004541945,0.02500000000324374,0.025000000003489807,0.7749978845978012,0.025000050383032147,0.025000749147030033,0.0250000000030116,0.02500020725316856,0.02500000000316919,0.025001108601511907
5859_at,0.025000000004541945,0.02500000000324374,0.025000000003489807,0.7749978845978012,0.025000050383032147,0.025000749147030033,0.0250000000030116,0.02500020725316856,0.02500000000316919,0.025001108601511907
5860_g_at,0.025000000004541945,0.02500000000324374,0.025000000003489807,0.7749978845978012,0.025000050383032147,0.025000749147030033,0.0250000000030116,0.02500020725316856,0.02500000000316919,0.025001108601511907
5861_at,0.025000000004541945,0.02500000000324374,0.025000000003489807,0.7749978845978012,0.025000050383032147,0.025000749147030033,0.0250000000030116,0.02500020725316856,0.02500000000316919,0.025001108601511907
5864_at,0.025000000004526242,0.02500000000324494,0.0250000000034781,0.7749965353839396,0.02500000000321128,0.025002842917154416,0.025000152381599056,0.025000469284669237,0.025000000012556884,0.02500000000562011
5867_at,0.025000000004541945,0.02500000000324374,0.025000000003489807,0.7749978845978012,0.025000050383032147,0.025000749147030033,0.0250000000030116,0.02500020725316856,0.02500000000316919,0.025001108601511907
5874_at,0.025000000004526242,0.02500000000324494,0.0250000000034781,0.7749965353839396,0.02500000000321128,0.025002842917154416,0.025000152381599056,0.025000469284669237,0.025000000012556884,0.02500000000562011
5875_s_at,0.025000000004526242,0.02500000000324494,0.0250000000034781,0.7749965353839396,0.02500000000321128,0.025002842917154416,0.025000152381599056,0.025000469284669237,0.025000000012556884,0.02500000000562011
5877_i_at,0.025000000004541945,0.02500000000324374,0.025000000003489807,0.7749978845978012,0.025000050383032147,0.025000749147030033,0.0250000000030116,0.02500020725316856,0.02500000000316919,0.025001108601511907
5879_at,0.025000000004526242,0.02500000000324494,0.0250000000034781,0.7749965353839396,0.02500000000321128,0.025002842917154416,0.025000152381599056,0.025000469284669237,0.025000000012556884,0.02500000000562011
5885_at,0.025000000004526242,0.02500000000324494,0.0250000000034781,0.7749965353839396,0.02500000000321128,0.025002842917154416,0.025000152381599056,0.025000469284669237,0.025000000012556884,0.02500000000562011
5887_i_at,0.005000564540938152,0.0050003001448352975,0.005000021280084106,0.16109886665889442,0.7988979387934827,0.005000170140124584,0.005000372792022299,0.005001417683431688,0.0050001407200755505,0.005000207246111181
5892_at,0.025000000004541945,0.02500000000324374,0.025000000003489807,0.7749978845978012,0.025000050383032147,0.025000749147030033,0.0250000000030116,0.02500020725316856,0.02500000000316919,0.025001108601511907
5901_at,0.025000000004526242,0.02500000000324494,0.0250000000034781,0.7749965353839396,0.02500000000321128,0.025002842917154416,0.025000152381599056,0.025000469284669237,0.025000000012556884,0.02500000000562011
5903_at,0.025000000004526242,0.02500000000324494,0.0250000000034781,0.7749965353839396,0.02500000000321128,0.025002842917154416,0.025000152381599056,0.025000469284669237,0.025000000012556884,0.02500000000562011
5909_at,0.025000000004541945,0.02500000000324374,0.025000000003489807,0.7749978845978012,0.025000050383032147,0.025000749147030033,0.0250000000030116,0.02500020725316856,0.02500000000316919,0.025001108601511907
5913_at,0.0024391385421176316,0.002439685694078523,0.12158292269045493,0.0024393790696221876,0.4707079000334514,0.002439452779656172,0.002439501899960318,0.3906330513512624,0.002439822286307518,0.0024391456530886706
5915_at,0.0017242093736702993,0.0017243846994494264,0.0017245573016628618,0.0017241713971471546,0.0017244981876059539,0.0017241658323294206,0.0017242661751950559,0.9844813901822348,0.0017241838006996615,0.00172417305000543
5921_at,0.0025642737544234653,0.0025643107698888777,0.002564410884971514,0.0025641548036518936,0.7395441887772478,0.002564208473234138,0.002564341525119855,0.23994163266590487,0.002564278684806265,0.0025641996607511292
5929_at,0.025000000004541945,0.02500000000324374,0.025000000003489807,0.7749978845978012,0.025000050383032147,0.025000749147030033,0.0250000000030116,0.02500020725316856,0.02500000000316919,0.025001108601511907
5933_at,0.003448291452723875,0.003448292744341758,0.003448348737927871,0.09710219056567589,0.1756268168792181,0.0034500222012734333,0.7031303059927227,0.003449012292409399,0.00344842630574113,0.003448292827965839
5934_at,0.0010204816626336525,0.0010205046999588842,0.001020488326391062,0.0334160137158685,0.0010204430089062744,0.9584202425097229,0.0010204333581673775,0.0010204352010933268,0.0010204529474472815,0.0010205045698107327
5935_at,0.001852635919116491,0.0018522377456406563,0.16710906766351982,0.03408390891840612,0.001852243352591353,0.0018523262761033752,0.7858410299353848,0.0018520629495225934,0.001851938219663681,0.0018525490200510981
5936_at,0.002272880298539485,0.0022731319637464098,0.002273024042285011,0.318774282632069,0.32459982404308146,0.22003545314373085,0.12295285575420171,0.0022728548479608274,0.002272776551556244,0.002272916722828987
5937_at,0.001352144572132917,0.00135159240363883,0.0013517128843981638,0.0013516261890672869,0.27912846885365716,0.0013514246527964633,0.5389068325172798,0.17250309608529638,0.001351722559158135,0.0013513792825748123
5938_at,0.003448850654923213,0.0034489857054987457,0.003449214696108292,0.25319867124216605,0.49001987547267173,0.0034491468420616207,0.23263775965464054,0.0034488516989947702,0.0034494246141821704,0.003449219418752972
5939_at,0.41760751665080625,0.0014497900017197175,0.2169160258509422,0.14179237258809096,0.001449654854895642,0.0014496861423529872,0.0014495691473141586,0.21498643495267886,0.001449483982021884,0.0014494658291773444
5940_at,0.001315945102749296,0.3789574343514254,0.001316133756331085,0.22515968475551518,0.3866710683922482,0.001315950675260293,0.0013159704179211615,0.0013159009068979513,0.001316044767119203,0.0013158668745323243
5941_at,0.0014494869172885182,0.0014495857876711544,0.1271763350225717,0.0014495140088756622,0.0014496727607154181,0.0014495044708621302,0.001449400460721136,0.8612275629944532,0.0014495353937656783,0.0014494021830755524
5942_at,0.0012660678580248043,0.001266005835861187,0.001266092020604987,0.0012659224415747026,0.3253296070797854,0.001265946329765874,0.6645423458666978,0.0012659925520034409,0.00126611596871668,0.0012659040469650462
5950_at,0.012500331036387523,0.012500206010416504,0.012500220395623764,0.012500099579751582,0.8874945073146624,0.012500279415173933,0.012501195756634975,0.012502744781143271,0.012500144971262825,0.012500270738943343
5951_at,0.003572292875739316,0.0035721366266237456,0.19830664605656248,0.719219080724027,0.05747017543438626,0.0035720739851260487,0.003571833544348247,0.003571746741379291,0.00357181682831899,0.003572197183488663
5952_at,0.0037045122202162342,0.2051808537084024,0.0037044358443159456,0.003704384153301917,0.7651856583330602,0.003704115896571357,0.0037039512595503,0.0037041801257417443,0.00370409647324075,0.003703811985599253
5953_at,0.001010210881133164,0.0010101395305758937,0.0010101659066148651,0.0010101209267596412,0.0010102316163360537,0.0010103479747796604,0.9402229364922778,0.05169556105396964,0.0010101175434091508,0.0010101680741439515
5957_at,0.0014926848491363515,0.0014930215494502127,0.6364654583529309,0.0014926903543968414,0.20500801224019047,0.07065910864247908,0.0014928150191972952,0.0014927602404557487,0.07891074941566316,0.0014926993360998852
5958_at,0.0021741787716836143,0.3090695401169412,0.372309908582957,0.0021745451719680396,0.002174176093366476,0.1709758330069108,0.0021742130315094005,0.0021740842314782937,0.0021746470676720924,0.13459887392551315
5959_at,0.0010528399751303615,0.8301336628600088,0.0010531066939999945,0.0010527180410211875,0.001052791809927792,0.07639087666599553,0.0010526998450915636,0.0861053050221476,0.00105279000221906,0.001053209084457934
5960_at,0.012500331036387523,0.012500206010416504,0.012500220395623764,0.012500099579751582,0.8874945073146624,0.012500279415173933,0.012501195756634975,0.012502744781143271,0.012500144971262825,0.012500270738943343
5962_at,0.0015153432923267764,0.0015153554199483247,0.0015155690545961657,0.001515383909571519,0.0015155836654779779,0.0015155767570132728,0.9863610552332541,0.0015154762118043056,0.0015152982242698045,0.0015153582317377465
5963_at,0.7239545779214448,0.0023259663056344015,0.002325854419519414,0.0023257309455612697,0.0023264513830403935,0.08282763589532889,0.17693626347787675,0.0023259764366090315,0.0023256976787295433,0.0023258455362556475
5965_at,0.27486896522390986,0.1333601092993862,0.0012989960407770729,0.0012990859537757751,0.0012989970274097638,0.23291632672380888,0.0012989301366690333,0.04290694513063796,0.0012989995366824362,0.3094526449269431
5966_at,0.0013335017675949257,0.0013342288330619124,0.0013337333020119655,0.0013338884540016285,0.0013337067136196229,0.0013335082348766823,0.0013334467777646444,0.9879968175765205,0.001333783648909015,0.0013333846916391313
5969_at,0.9415620274944106,0.0016131732904593802,0.0016134015935288825,0.045532592147148866,0.0016130320854074232,0.0016130431621569792,0.0016130689020219182,0.0016131322781895432,0.0016132810014060387,0.0016132480452703529
5970_at,0.0025645855786391018,0.13518556911989477,0.0025646539343352867,0.571564405785451,0.19676690957127366,0.08109611010442783,0.0025644071736253154,0.0025644313140927638,0.00256440502633405,0.0025645223919261015
5972_at,0.0021277010902007705,0.002128206206804667,0.14600321238796649,0.0021277590458514484,0.5034145329173935,0.00212770307247137,0.0021281275399302278,0.3356865571875925,0.002128518936704304,0.0021276816150847112
5973_at,0.00434803869419889,0.00434856503710455,0.004348085403138834,0.004348089415809572,0.9608657406537293,0.004348297034065992,0.004348476703723947,0.004348567106856069,0.004347901525220511,0.004348238426152459
5974_at,0.12654787310872423,0.0022732718981456363,0.276086705875859,0.1669787375944306,0.20226699247756372,0.07954765715785286,0.13947930345077422,0.0022731565355664247,0.0022730750495132085,0.002273226851570231
5975_at,0.0018519805148158649,0.0018521365528179857,0.0018520875136272701,0.0018521446631262553,0.001852134483554785,0.5148526578365324,0.18781913682787724,0.284363694957021,0.0018520815018939968,0.0018519451487330615
5976_at,0.0011112601606993863,0.9899990767280292,0.0011112325584882055,0.0011111668747892489,0.001111251887638863,0.0011112329033879694,0.001111205669975858,0.0011111821854813825,0.0011112264290116872,0.0011111646024981074
5977_at,0.0012346777898772086,0.001234649497700387,0.0012346106558159737,0.0012346186357844345,0.021649740684928913,0.0012346016869057392,0.09259179053888701,0.8771159003198272,0.0012348285230575063,0.0012345816672156115
5978_at,0.012500331036387523,0.012500206010416504,0.012500220395623764,0.012500099579751582,0.8874945073146624,0.012500279415173933,0.012501195756634975,0.012502744781143271,0.012500144971262825,0.012500270738943343
5980_at,0.001887166261480553,0.9830161381327757,0.0018870107162467756,0.0018868897702688347,0.0018874720300004048,0.001887139876952931,0.0018868992145739656,0.0018869493108396615,0.0018870127306198907,0.0018873219562413883
5985_at,0.9799991744708342,0.0022222971209016483,0.0022223475362403875,0.0022222600431531093,0.002222336345606156,0.0022223060355781622,0.0022222681277531625,0.002222283363982945,0.0022222998042081446,0.002222427151742084
5986_at,0.0014086919429267223,0.0014086848143123395,0.0014087432565648265,0.001408870070653983,0.06270894706350315,0.030158421953005252,0.0014085786613454267,0.7817101682433598,0.0014084973698020888,0.11697039662452642
5991_at,0.019167205467814846,0.8624420357215549,0.0006851864918074891,0.011207668452947546,0.10307230727931335,0.0006851303840432029,0.0006852073688047337,0.0006851020157617147,0.0006850879512689287,0.0006850688666834292
5992_at,0.0017244348970401897,0.0017243066620725028,0.056021455776348345,0.001724392566284689,0.001724394590157419,0.12334893378013757,0.0017243108774634883,0.0017243969703076443,0.3998632105243952,0.4104201633557929
5993_at,0.0017858705886205069,0.001786428548714327,0.0017862220940251844,0.0017863317707855965,0.0017862888829437546,0.0017861757575428727,0.5532193433207605,0.35778139767519757,0.0764961238553811,0.0017858175060283669
5994_at,0.0019610552391562427,0.5398915653818334,0.001960997717203471,0.4444206791439229,0.0019610245564123325,0.0019609712566276607,0.001960888750660447,0.00196095418777674,0.001960942021706297,0.0019609217447006206
5996_at,0.0022730114831154545,0.002273031675487401,0.0022731084552279333,0.0022730108631887212,0.0022733578591022405,0.9795426092979632,0.00227295430715854,0.0022729628435854397,0.002272875115504184,0.002273078099666982
5998_at,0.0015154743492573743,0.28935856874516763,0.0015154381263738084,0.0015152687863756076,0.0015156122977806577,0.06555260859848377,0.0015153454473315771,0.6344811061378985,0.0015152733605037286,0.0015153041508273457
5999_at,0.0023814800801474113,0.0023815587846723993,0.0023816372423163534,0.6704625278043038,0.0023821505685316167,0.16664852902866487,0.0023812213828381308,0.14621815790910075,0.002381331865190707,0.0023814053342338967
6004_at,0.0010205184471573587,0.01420109490488175,0.001020560552029709,0.8186109420275952,0.0010206358392935197,0.16004411858525683,0.001020546430402411,0.0010205956055508933,0.0010204313669325638,0.0010205562408996437
6005_at,0.0041668990952893475,0.004166867917184966,0.3688846203292636,0.0041667324099922435,0.5977800013041918,0.0041667941614081565,0.004167285255211336,0.004166759589205884,0.004167300641350383,0.004166739296902339
6009_at,0.001020848535290023,0.0010204620070854782,0.0010204719071120099,0.0010204855026198717,0.001020476841099148,0.0010204562638902479,0.0010204474682909109,0.0010205230605457966,0.0010204380973510333,0.9908153903167154
6010_at,0.0010870916137839049,0.0010872576695476173,0.001087066908666862,0.9490795785200216,0.0010871136260807047,0.04222365694723241,0.0010870250881979064,0.0010870152615681421,0.0010870383737185633,0.0010871559911823656
6011_at,0.001960856002599026,0.0019611297539201948,0.3020009022688094,0.0019611647674105726,0.0019613743656234123,0.001960936098715902,0.0019611254055300962,0.6823102727259398,0.0019613125588575,0.0019609260525941872
6012_at,0.001515475616379225,0.001515579631486088,0.26558005031970555,0.001515433404718797,0.0015155638438810208,0.0015152557075093595,0.26745318352265995,0.4563587935286274,0.0015154523954353475,0.0015152120295972315
6013_at,0.022891246621219784,0.5645267032634472,0.0024395919051920663,0.0024398980275714415,0.10134432741144446,0.0024398338556102894,0.06066927666473639,0.002439335330311252,0.23837051635110315,0.002439270569363885
6014_at,0.0250012020338043,0.025000968115839836,0.025000967193211147,0.02500050302084949,0.7749916534386594,0.025001045378897028,0.025001074634931737,0.025000844054809065,0.02500071654430239,0.025001025584695573
6015_at,0.00107530077117965,0.0010753552210465435,0.0010753553444195207,0.001075332901029798,0.0010753865707942016,0.0010753273555529762,0.001075398413516705,0.9903219227763631,0.0010753087119491152,0.0010753119341484858
6022_at,0.636422577223784,0.0027785139685080466,0.06022190034937165,0.002778760532965144,0.002778047139075496,0.07552224556283835,0.2111636357747497,0.0027779286102665424,0.002778374950478802,0.0027780158879622215
6023_at,0.0007576782774947054,0.0007576727736027555,0.0007576913410169446,0.7908722715070224,0.0007579889156068454,0.0007578995043137306,0.0007576720866581336,0.10699407369377423,0.05817818707221463,0.03940886482829553
6025_at,0.002778410882571148,0.0027783445750635774,0.2967731145902767,0.002778134748113584,0.002778338627165993,0.00277808095377155,0.002777899224753226,0.1374964856737456,0.21614028296259438,0.3329209077619443
6026_at,0.033005712241396014,0.5330503062808283,0.0013159079928449057,0.0013158523840164635,0.42473245927062986,0.001315902840966193,0.0013159262288901935,0.0013162038047736997,0.001315899207572637,0.0013158297480818538
6030_at,0.0005784566371564352,0.0005783760440652472,0.06696629633241376,0.5223997424888425,0.0005781276607504714,0.30031359263993845,0.026407688000690092,0.08102152740596193,0.0005781223041385433,0.0005780704860425586
6031_at,0.0023811273523878687,0.002381293875282379,0.002381382675630272,0.002381332747176877,0.0023816526241102537,0.0023813428104129484,0.0023812821685590597,0.978568144005492,0.002381181860742259,0.002381259880206065
6032_at,0.0250012020338043,0.025000968115839836,0.025000967193211147,0.02500050302084949,0.7749916534386594,0.025001045378897028,0.025001074634931737,0.025000844054809065,0.02500071654430239,0.025001025584695573
6034_at,0.004000089434753,0.004000373001562715,0.004001689935310575,0.0040000660801263145,0.004003938379477808,0.00400071695388342,0.004000986830067115,0.00400026831243781,0.963990876434643,0.004000994637738396
6035_at,0.9905245405033735,0.001052776922078993,0.001052854615073898,0.0010530058833096703,0.0010527115003408324,0.00105289350254008,0.0010527599452782375,0.0010527142251726272,0.001052981730071716,0.0010527611727605161
6036_at,0.001818231111946599,0.0018183196055930136,0.3984730598823817,0.001818488143318214,0.0018183995487983434,0.001818263276415969,0.5869801618668474,0.0018183619310972049,0.0018184536763556816,0.001818260957245863
6038_at,0.10330803566572176,0.0006452740629241541,0.10730471815045992,0.4027178573842419,0.0006452114900770008,0.31938145831772946,0.000645206545374866,0.0006452005415688326,0.0006452687263685923,0.06406176911553378
6039_g_at,0.10330803566572176,0.0006452740629241541,0.10730471815045992,0.4027178573842419,0.0006452114900770008,0.31938145831772946,0.000645206545374866,0.0006452005415688326,0.0006452687263685923,0.06406176911553378
6040_i_at,0.10598439412871336,0.0006623727309453148,0.09398703195089764,0.40550561455762907,0.0006625650350486728,0.3193895853230079,0.0006622962744743589,0.0006622928401050134,0.0006623678261304121,0.07182147933304824
6042_at,0.0026320940413356786,0.4767722805454152,0.0026324564893986874,0.002632036650304237,0.0026321579698171354,0.002632487187447054,0.002631945753569435,0.0026321717843240597,0.16346417438279576,0.3413381951955928
6043_at,0.0019234074018989135,0.4294982298333445,0.34489895783135294,0.0019235699145975576,0.0019234642165437213,0.0019233194853673723,0.001923627639315388,0.21213873492270022,0.0019235463846256668,0.00192314237025369
6045_at,0.0027029856413795703,0.0027029453835899888,0.002702912860346533,0.0027027823169476013,0.5340064689513312,0.0027028746280241245,0.3050278509948434,0.14204553163261432,0.0027028201567882264,0.002702827434135004
6046_at,0.0016131770032432667,0.0016134012803157688,0.0016131502062898633,0.0016131172341886737,0.0016129731451802666,0.7169984337103842,0.001612965998152709,0.0016129653308184421,0.0016130148165760519,0.2700968012748508
6047_at,0.001075308084576098,0.4588575710727649,0.0010753587858221608,0.2944302955906857,0.0010753389179208722,0.001075592148293835,0.0010753066119791872,0.0010757173438073783,0.0010754306800679833,0.2391840807640819
6048_at,0.0752770736905386,0.002564501020812679,0.0025643658576260755,0.0025642160154869384,0.08099008996444043,0.0025642176610482796,0.002564338556371524,0.002564276512007441,0.825782722378317,0.002564198343351221
6049_at,0.001724417389257773,0.0017242303741585403,0.001724286860627326,0.1644865834207849,0.0017242211633216296,0.001724479048388126,0.0017242177398148267,0.0017241897559220037,0.0017241964036519924,0.8217191778440729
6050_at,0.0013515312047105228,0.0013515694197035065,0.0013516617276740962,0.0013515133142380936,0.0013515442159007611,0.00135153149343069,0.0013514747090498781,0.09886793922076206,0.8903196908257085,0.0013515438688218387
6051_at,0.0015385122465396955,0.0015386662847731347,0.5119582134838574,0.0015385497770030736,0.0015387574751637501,0.0015385812885912928,0.0015386432651507327,0.0015385343357824483,0.4757330211546557,0.0015385206884827986
6053_at,0.012500331036387523,0.012500206010416504,0.012500220395623764,0.012500099579751582,0.8874945073146624,0.012500279415173933,0.012501195756634975,0.012502744781143271,0.012500144971262825,0.012500270738943343
6054_at,0.002381392002033391,0.0023817152831269663,0.0023815303194295243,0.002381003374430408,0.8572996725209363,0.0023817023566981973,0.00238181358589332,0.05763233264291877,0.0023814631548608072,0.06839737475967234
6056_at,0.6708312922681612,0.0020409406543869394,0.002041154931417385,0.002040949621767293,0.0020412614058674702,0.08374043582855123,0.23114074541501603,0.002041156805544365,0.0020410471664175805,0.002041015902870465
6057_at,0.0011496058768265679,0.0011496710105904978,0.3084995342472001,0.018680322684326418,0.001149670686489784,0.001149494153785045,0.0011495682859822155,0.6450741301210476,0.020848545073633432,0.001149457860118289
6059_at,0.0022223078534562664,0.0022225137320183346,0.002222475312921432,0.0022223629158306126,0.002222455716626063,0.0022223827331104263,0.0022223318443459162,0.0022223253137804207,0.9799981961660988,0.002222648411811784
6060_at,0.0014710352647872506,0.42161400292895285,0.10415917291825379,0.1138585191685573,0.0014708365824182893,0.1644101049007771,0.001470814878887131,0.00147086465704715,0.1886038476735478,0.0014708010267713016
6061_at,0.0016950736479125353,0.0016954650975582516,0.0016953250157931866,0.001695041758657346,0.757629890759479,0.0016951579799085812,0.022475625644473623,0.0016952135711170648,0.0016951719782097078,0.20802803454689062
6062_at,0.0016130074532645325,0.0016130818703378833,0.26736653207042366,0.0016130138525025093,0.7197287992382895,0.0016131293460529546,0.0016130997113342172,0.001613242519732083,0.0016130628153581056,0.0016130311227045902
6063_at,0.011111527142755267,0.011111363649070047,0.011111578430704244,0.011111329967611052,0.552388473608979,0.011111516881032839,0.35871687677445163,0.01111393372338142,0.01111164421177123,0.011111755610243147
6064_at,0.002500461942808266,0.0025002137638419366,0.10085539382425066,0.002500338973455843,0.31038137100984264,0.002500264350501969,0.002500519534680621,0.00250024330845016,0.00250016092689644,0.5712610323652714
6066_at,0.06338730301233275,0.0052634861964931225,0.523919198795978,0.3758408897992325,0.005267782727591423,0.005263328229633731,0.005263813488530249,0.005263928987516089,0.005266767446476481,0.005263501316215558
6069_i_at,0.9886069304518093,0.0012659277028361257,0.0012658859715849687,0.0012659142042101847,0.0012659061078703787,0.0012658924779393845,0.0012658669711909463,0.001265855653379221,0.001265869623100048,0.0012659508360794464
6070_s_at,0.9886069304518093,0.0012659277028361257,0.0012658859715849687,0.0012659142042101847,0.0012659061078703787,0.0012658924779393845,0.0012658669711909463,0.001265855653379221,0.001265869623100048,0.0012659508360794464
6072_at,0.0008065813809661312,0.0008065658775333676,0.19655876953735202,0.0008064903661943443,0.0008066208257836167,0.000806643868908138,0.7411475166449891,0.05664741359248555,0.0008068757598909306,0.0008065221458967691
6073_at,0.0018878383790146222,0.0018870958342807355,0.0018872549977887224,0.0018868746864547487,0.0018870181073988108,0.0018870620345605449,0.9125927759577407,0.07230950609844529,0.001887605497955223,0.0018869684063607037
6074_at,0.000917607788201142,0.0009174637569128269,0.7786571879905384,0.000917536163209541,0.0009175349875587798,0.0009174792011769674,0.13892017951491728,0.07599993333669645,0.0009175758353199684,0.000917501425468718
6077_at,0.001111177681343938,0.0011113048804016622,0.050935593747210656,0.0011112654106281334,0.0011112481159764526,0.0011112244038748163,0.0011112630182435834,0.0011112644534363183,0.9401745076374095,0.001111150651474959
6078_at,0.0014287518930334742,0.1584361967006903,0.0014289856737022956,0.26384155485930866,0.0014287748767949568,0.43555515711842446,0.0014286830202133692,0.0014287464821225726,0.13359416891041032,0.001428980465299584
6079_at,0.0014287518930334742,0.1584361967006903,0.0014289856737022956,0.26384155485930866,0.0014287748767949568,0.43555515711842446,0.0014286830202133692,0.0014287464821225726,0.13359416891041032,0.001428980465299584
6080_at,0.8833757334356808,0.10392433928966757,0.0015875459128322532,0.001587552869198867,0.0015874946701648234,0.001587494542445008,0.0015874270351967977,0.0015875141367616172,0.0015874761159852702,0.0015874219920671004
6081_at,0.0022225066322289202,0.002222384219254583,0.002222534499986167,0.0022223436605616226,0.0022225601523798164,0.97999781903374,0.002222652704422046,0.0022223854257273964,0.0022222850917731464,0.0022225285799262282
6082_at,0.0014085060568244283,0.001408613084257654,0.0014085997861107793,0.0014086146409597131,0.0014089272299666407,0.00140852173735905,0.06119071032271711,0.9275402736026055,0.0014086758433862802,0.0014085576958129409
6085_at,0.18392431946325488,0.5245798484387404,0.001515513226403335,0.0015152946785334709,0.0015158042064638978,0.0015156041645503209,0.0015154323971267828,0.28088764721116277,0.0015152979876830752,0.001515238226081176
6086_at,0.0012197330623239125,0.9437233395810882,0.0012195772087716995,0.0012196825878577424,0.0012197936604647743,0.0012196513073792282,0.001219608278335721,0.046519549951325484,0.0012195382751657284,0.001219526087287402
6090_at,0.0018870907561939286,0.0018872830375131773,0.001887202951202775,0.0018869538966026658,0.1793057294531521,0.0018876805612825034,0.8055967617211722,0.0018872762329444506,0.0018870132107387972,0.001887008179197201
6092_at,0.0017546495670168248,0.0017546216719050963,0.4785606828300523,0.0017546342611657884,0.0017546555369456756,0.0017550576985343104,0.0017546481166028337,0.5074016750474085,0.0017545225703527378,0.0017548527000158594
6095_at,0.002222318522015426,0.002222671199077794,0.002222528027899821,0.002222380691158284,0.002222748615150394,0.0022223543109912073,0.002222448291492693,0.0022224074689348545,0.9799977796974644,0.002222363175815198
6097_at,0.0015387392985855152,0.0015390041488253063,0.0015387493367213234,0.0015385483848509149,0.0015387412018897822,0.9861512873218569,0.0015390612977898967,0.0015387101270772478,0.0015385997944802367,0.0015385590879229323
6098_at,0.002941747900251786,0.002942245906380165,0.2622808874402497,0.002941778997205585,0.3523912348806424,0.002942202595960566,0.0029416267088607398,0.33786497100908125,0.0029415172309091263,0.02981178733045868
6099_at,0.0014708813288220233,0.001470913289550213,0.04338494243225011,0.0014706998190499368,0.0014710409327193432,0.0014710673213280435,0.0014707667857258968,0.9448482210284144,0.0014707173485881922,0.0014707497135517443
6100_at,0.0015154627925237699,0.21736834575642078,0.0015155277537555248,0.4235881107249347,0.0015153174787339754,0.0015156516394688865,0.0015154479630462173,0.0015153198195994452,0.0015152925004940125,0.3484355235710226
6102_at,0.1142205902704931,0.09392221799042012,0.4906355481723118,0.0027029629834846025,0.0027040468665326146,0.0027037155884327238,0.002703225480899132,0.2850012002075282,0.002702988224170445,0.00270350421572716
6106_at,0.0012823625901289429,0.0708148152309298,0.07680149639797614,0.022155756023379592,0.0012822181873149,0.8225344930418433,0.0012821827927140207,0.0012821399038428737,0.0012822683209590129,0.0012822675109113967
6107_at,0.036978174187356064,0.03367544063121237,0.0025643480735461494,0.002564644416010216,0.0025644594705272607,0.002564372729603011,0.00256450029264096,0.0025642398667059347,0.002564311507042885,0.9113955088253551
6110_at,0.001639743968620478,0.0016397757633017365,0.3715188246934405,0.001639614128177743,0.39855814858659516,0.0016395283643575811,0.21844579088406296,0.0016395390244237744,0.0016395789584704552,0.001639455628549628
6117_at,0.0014495922843599214,0.0014493523998980148,0.2588404236474676,0.00144932408492887,0.729563687831053,0.0014498214267601082,0.0014494661735770936,0.0014494960688166214,0.0014493995610425582,0.0014494365220962464
6123_at,0.7310922706838979,0.0020000942941457546,0.0020002140925904697,0.002000386675233818,0.0020000515274961137,0.06255847806428624,0.19234757019941864,0.0020000688542910795,0.0020001750561059813,0.0020006905525340097
6125_at,0.0012196121697629855,0.0012195355821088645,0.0012195632383325216,0.0012195458886448435,0.0012197338622430393,0.0012195520339187305,0.0012195505857014234,0.0012195780099162428,0.0012196750060307798,0.9890236536233407
6127_at,0.2252260922127259,0.002127894407552909,0.0021280548191070993,0.0021277868842997927,0.0021279464787240395,0.002127767278252791,0.2342563975636668,0.0021277750914130266,0.5256225671097341,0.002127718154523515
6128_f_at,0.0010001050131127627,0.0010001131015318246,0.0010000668073676406,0.0010000401271595555,0.0010002054248789154,0.0010000606911284586,0.0010005445679493639,0.9909987708154467,0.0010000710054175815,0.0010000224460072762
6129_f_at,0.0010001146651677732,0.0010001112691404308,0.0010000680144763815,0.001000038595812201,0.0010002073324886199,0.001000061859604221,0.0010003506431779416,0.9909989491419492,0.001000076000096694,0.0010000224780865792
6133_at,0.6037551614116334,0.0018520575537181979,0.001852146665821661,0.001852137492636274,0.0018519709965966703,0.09525383358605533,0.28802625885298827,0.0018523395381356263,0.001852106106676607,0.0018519877957380562
6134_at,0.0015626345270136363,0.6218936940721003,0.001562727393088003,0.0015626108280432987,0.36560488095960203,0.0015626682068200046,0.001562615335167937,0.0015629176930434102,0.0015626457185532855,0.001562605266568014
6136_at,0.23505925606269967,0.001724735640595683,0.1285659456531951,0.001724906960147215,0.050780125238849866,0.15878461345753778,0.4181871575800261,0.0017244968053201815,0.001724288712202828,0.0017244738894256388
6139_at,0.0013516783891770407,0.0013517804853974504,0.2501000451429874,0.001351630952918782,0.0013516300317079775,0.0013514608072182715,0.6439424945299034,0.09649626519615692,0.0013516172646566744,0.0013513971998762103
6141_at,0.0010756314573792697,0.33146347779072705,0.00107552319386563,0.5451348001253972,0.0010753260283149684,0.11587361296329406,0.0010753767716816327,0.001075425308489116,0.0010753540320118287,0.0010754723288393725
6142_i_at,0.48572672409948464,0.1732123183180925,0.001786059321886588,0.0017859017295436001,0.0017864605578526585,0.0017860357980625087,0.0017859527687446993,0.0017862977392520327,0.0017858686818873813,0.32855838098519347
6143_f_at,0.48572672409948464,0.1732123183180925,0.001786059321886588,0.0017859017295436001,0.0017864605578526585,0.0017860357980625087,0.0017859527687446993,0.0017862977392520327,0.0017858686818873813,0.32855838098519347
6144_at,0.002000104467760706,0.0020004074326361986,0.3899425222094854,0.0020004853376472307,0.0020004919886253657,0.0020001193154086496,0.00200022897398157,0.5940547984327558,0.0020007247991923414,0.0020001170425067026
6146_at,0.0021278340587244622,0.3708188147257951,0.38454307332944787,0.0021278706414223037,0.15683899692870631,0.002128130271566517,0.002127955586323432,0.0021279946191071707,0.07503138049463576,0.0021279493442710245
6147_at,0.0023812285359163534,0.002381405442659937,0.002381263335691275,0.0023811353490818758,0.21150375338812857,0.002381125098541001,0.5415702454079381,0.002381561290968777,0.0023813874426499002,0.23025689470842428
6149_at,0.0014706997748562187,0.001470703353541384,0.001470726142517265,0.001470690678079291,0.001470632431559964,0.9867639319329669,0.0014706425151346668,0.0014706236275005959,0.0014706538070263905,0.0014706957368174937
6150_at,0.0027036512887157024,0.002702883697891098,0.002704526140954143,0.00270278010125627,0.8161729251035321,0.002703004527048331,0.162201082205954,0.0027032647954761397,0.0027029478842684716,0.002702934254903661
6151_at,0.002564511436466569,0.0025651120556429876,0.09812966353890287,0.0025651453433170467,0.49870004178407035,0.0025656688635930717,0.0025643391567150386,0.385216874480612,0.0025643065787171707,0.002564336761962923
6152_at,0.09771745040465858,0.0025646529092732476,0.21042641539446819,0.002564365575566945,0.002564650130790082,0.03939725537002813,0.002564631015195934,0.002564548570681728,0.6370717299441176,0.0025643006852193316
6153_at,0.6801914189055491,0.00256414186602667,0.0025641856675675556,0.002564121851029514,0.0025641695000485887,0.08916798683782821,0.21269137971394417,0.0025641499121196298,0.002564171158819384,0.0025642745870671797
6154_at,0.0006668227008252369,0.0006667074535217539,0.6923084191861056,0.0006667645901013373,0.0006667710395432509,0.0006667323419152688,0.16573817693127768,0.13728612761287795,0.0006667588097782715,0.0006667193340534575
6155_at,0.0012051955637210755,0.0012050549353703754,0.0493802375860959,0.0012051162955798028,0.0012054347742280747,0.0012050856629662872,0.00120501278658876,0.9409787192180117,0.0012050619615964358,0.0012050812158416815
6156_at,0.0012347536829595983,0.0012347120438301086,0.001234744009142748,0.13128338454436034,0.0012346909383308658,0.0012349107698742174,0.0012346534543067305,0.0012346432204594642,0.0012346122362190376,0.8588388951005169
6159_at,0.0250012020338043,0.025000968115839836,0.025000967193211147,0.02500050302084949,0.7749916534386594,0.025001045378897028,0.025001074634931737,0.025000844054809065,0.02500071654430239,0.025001025584695573
6160_at,0.0005952973914938823,0.10748215094697604,0.5330005272945046,0.0005953520905914531,0.0005952863603425773,0.35534989728813565,0.0005953150353524214,0.0005954378680140789,0.0005954486726344009,0.0005952870519548989
6161_at,0.0016955004136130138,0.0016954946731670812,0.0016952769225741806,0.0016957733026905526,0.2013514492998608,0.001695404465398656,0.7850856930141005,0.0016954346211067236,0.0016949631513263476,0.0016950101361621057
6162_at,0.003846468813834113,0.003846795261893526,0.9653802991361652,0.003846472087446934,0.003846952493624157,0.0038468720319275278,0.003846441312334214,0.003846368005870371,0.0038466202573640734,0.0038467105995400323
6166_at,0.0012051025530552017,0.0012050168022688507,0.6394190575455583,0.0012048815783511793,0.18624619252158015,0.001204958546578813,0.0012049803045976715,0.16589996249674208,0.0012049174594817831,0.0012049301917859577
6167_at,0.09622560689335675,0.4330293931337674,0.0011498172091889732,0.001149669630989817,0.0011498552981509928,0.46269707664971005,0.001149623655245982,0.0011496375323035368,0.0011497467532900424,0.0011495732439963564
6168_at,0.00163981715244732,0.06035663826569914,0.0016395712238864804,0.0016395753710570513,0.4815252320632001,0.001639439015827082,0.09034589007833696,0.0016396309867467349,0.35793479607679296,0.001639409766006248
6170_at,0.0016132680532985452,0.1600141028489877,0.0016133267265855374,0.5306124754866687,0.0016132486201371544,0.0016132096195028514,0.29808102820218824,0.0016130424056810346,0.0016131934283824883,0.0016131046085677443
6171_at,0.0018183342919666729,0.0018182945295832282,0.001818343499170485,0.001818357277582791,0.6907819842712951,0.0018182654457471197,0.29467113115121923,0.0018185416037610831,0.0018185253779797127,0.0018182225516945485
6172_at,0.0008001628252097861,0.0008000381659479238,0.7127327525191677,0.0008000103141741793,0.0008001362850458958,0.000800042178807028,0.14371365340312023,0.13795299269613165,0.0008001317496247573,0.0008000798627708182
6173_at,0.0023257361152958346,0.0023264164302947607,0.002326137214125543,0.0023258351905678532,0.16464229280090206,0.0023261440957193106,0.002326325231509443,0.29577075558420135,0.0023259159297647275,0.523304441407619
6174_at,0.001695225663222718,0.40148598580503236,0.001695165839502227,0.0016951633256144987,0.0016951679182530277,0.001695143682410029,0.0016951196302387504,0.001695060257567306,0.5849529265215908,0.0016950413565682925
6179_at,0.002500136963809204,0.0025002654431549552,0.8704184201851388,0.0025002288701280566,0.002500289009751135,0.0025001753554271325,0.10957905434101713,0.002500272511271002,0.002501002759950031,0.002500154560352522
6181_r_at,0.002500136963809204,0.0025002654431549552,0.8704184201851388,0.0025002288701280566,0.002500289009751135,0.0025001753554271325,0.10957905434101713,0.002500272511271002,0.002501002759950031,0.002500154560352522
6183_at,0.0022729750905744746,0.0022730069649758095,0.8738047418124991,0.0022728495588238964,0.10801155682423189,0.002273068528006295,0.002272910843688057,0.002272997528089787,0.00227302246748801,0.0022728703816227093
6184_at,0.0020408364122293287,0.0020409227236602412,0.002040863179545561,0.002040830676018251,0.9816318710647782,0.002040840538749688,0.002040948229196746,0.002041105745148293,0.002040940618920886,0.0020408408117527305
6186_at,0.0008131707074178947,0.9926808903736931,0.000813080692172325,0.0008132391332647714,0.000813470110307095,0.0008132246894733648,0.0008132475432536614,0.0008135949331053065,0.0008130381165416949,0.0008130437007707323
6187_at,0.043276863380109803,0.0012991182156539326,0.3477253422210985,0.02330841593071239,0.0012988518273150968,0.16170069503875809,0.3440826890894639,0.0012989693483143896,0.07471003761506481,0.0012990173335089416
6188_at,0.09513376833443908,0.0023811678530662786,0.0023814479858693693,0.002381075369252713,0.002381210345305143,0.0023810665486349337,0.33821750714822535,0.0023811960491305984,0.5499805400667455,0.0023810202993312726
6192_at,0.0020411505593347767,0.0020411808900846406,0.3751840688046615,0.05344853855036598,0.2650839126362173,0.0020409284019373033,0.00204115387086035,0.002041167951353343,0.29403703604174286,0.002040862293441984
6194_at,0.033335917135242525,0.033335580299177194,0.0333366411278115,0.03333441365150809,0.6999769912434084,0.03333636142123526,0.033336719387563565,0.033335460879246215,0.03333496853814229,0.0333369463166649
6196_at,0.0018869556665449011,0.0018873614097766965,0.0018869215153159674,0.001887036490606065,0.3660362217909979,0.0018877122072617524,0.0018870562202876865,0.6188668216750455,0.0018869363215811901,0.0018869767025822871
6199_at,0.0019613017481775294,0.07125433074236424,0.001961481923358208,0.0019613728890571953,0.0019611814899160133,0.0019614389472627984,0.0019610481835481536,0.0019610351094243588,0.7127079975808025,0.20230881138608908
6201_at,0.004000103770505858,0.00400019966657291,0.004000107901559942,0.004000122912790567,0.5011627796899643,0.004000090620217847,0.004000329173087115,0.4668357961170629,0.004000336223411472,0.004000133924827336
6202_at,0.03512053698296911,0.0028574606589936067,0.0028575152389532996,0.002857198086956931,0.42387540285415914,0.0028575222324840437,0.5210019842715716,0.0028576990814592447,0.0028572767472349416,0.0028574038452180415
6205_at,0.0017859993368777862,0.2276537248951371,0.0017859473847708193,0.001786020077591022,0.0017860776092961488,0.7580580837243561,0.0017859497389278505,0.0017859525690082025,0.001786343445665587,0.0017859012183691816
6206_at,0.005263286206586187,0.005266276563562214,0.005263501902987204,0.0052633687993067085,0.3415419100984909,0.005264361588417296,0.46700838301979475,0.15460157472176295,0.005263626485136003,0.005263710613955577
6209_at,0.0014287053687333142,0.001429011400027812,0.14047954877663635,0.0014286964902985298,0.0014287935127444314,0.0014287406517687919,0.7627432071563977,0.08677595164793789,0.0014286735215556154,0.0014286714738993265
6210_at,0.0015627272035681706,0.0809953492430251,0.00156279166159857,0.0015626277803584183,0.6828468436923475,0.13200394396854903,0.02723376465696937,0.06910629758997561,0.0015626786335633314,0.0015629755700448653
6211_at,0.0010205971169047177,0.0010205790531855866,0.0010206594931446175,0.0010207300527135203,0.04575741532689604,0.0285897192984,0.0010204922098182257,0.8287966631245126,0.0010204710669186666,0.09073267325750595
6212_at,0.001408730794832052,0.9391174761996282,0.001408768496980004,0.0014085380171784353,0.049613585516335955,0.001408570293201853,0.0014085346920884624,0.0014086146411596934,0.0014086844643351481,0.0014084968842602594
6216_at,0.0027782764730797473,0.743018480074295,0.002778043402714475,0.002778003367252999,0.23475691698234713,0.002778112874870463,0.0027781280426978864,0.0027780178716673,0.002777892551533458,0.0027781283595413723
6218_at,0.0005000825598187053,0.0005001118904216162,0.0005000645526171977,0.898322211688553,0.0005001374635610948,0.024641177613404706,0.0005000757072942482,0.0005000566335489223,0.0735360598209762,0.0005000220698045281
6219_at,0.000990188047304668,0.0009901756061781565,0.0009901551588694117,0.0009901254950632477,0.00099025978271251,0.9910884348170067,0.0009902041378085512,0.000990176472596931,0.000990120516854677,0.0009901599656050655
6220_at,0.0016130896595990987,0.0016133716285736096,0.6690111665778276,0.0016133224424478225,0.19043729814130347,0.1292593480455903,0.0016130553956770369,0.0016130647863025706,0.0016130965238541426,0.001613186798824508
6221_at,0.0013699292239684328,0.0013704767139334966,0.10912394374559574,0.0013700880859733766,0.0013700315867020334,0.0013699725302550188,0.5504914836769926,0.3307941827687772,0.0013699895659031556,0.0013699021018988824
6223_at,0.017326120303255057,0.0012198785237353287,0.6175107635655639,0.0012198375687926752,0.0012196380756906743,0.0012196799320053052,0.3566252756214583,0.0012196353548070923,0.0012196103337429657,0.0012195607209487872
6225_at,0.001818270477115408,0.001818896699982316,0.3337986911482499,0.0018185526663751972,0.13863951822849022,0.5148312250689955,0.0018183383684734092,0.0018182804227836454,0.0018184626445878632,0.0018197642749466472
6226_at,0.0018526127280656512,0.001852165768202101,0.0018525425941853279,0.0018520858714818295,0.7863692291971873,0.0018523043032941833,0.19881222492317394,0.0018525776788434782,0.0018523087881132817,0.0018519481474529955
6227_at,0.003703819961361478,0.003704022930921516,0.003704296326142614,0.0037039684119801884,0.6633889161057532,0.003703775768388748,0.003703827534127777,0.30697964129702954,0.0037039483244082224,0.003703783339886656
6228_at,0.02475385850773946,0.36492132243998876,0.0014289898954684575,0.0014289597654830156,0.0014290119863483936,0.0014287601733410406,0.10246800120290554,0.0014287826994165038,0.4992836639770318,0.0014286493522770976
6231_at,0.0960447556881428,0.0020835584026348557,0.5047225737499967,0.18931778575021224,0.19741336410942573,0.002083450191818726,0.002083579716410953,0.0020836164997466025,0.0020836629143068147,0.002083652977304565
6233_at,0.00384690000999337,0.003846860013647806,0.0038477360584067556,0.003846575430607272,0.8394593257538273,0.0038463522764137174,0.003847265135640789,0.12976611299298652,0.0038466179184607806,0.003846254410015689
6234_at,0.10220308669336654,0.10053831879253354,0.0015876938645292156,0.7861454097782049,0.001587693344924576,0.0015877872096846303,0.0015873846167778665,0.001587467384641361,0.0015876473202144485,0.0015875109951229106
6235_at,0.03731827622919588,0.1019200106303826,0.0015156974665564038,0.3177076409574224,0.0015155654752828417,0.4016416069504404,0.0015152680686558288,0.0015154124020038164,0.0015152948838107587,0.13383522693624914
6237_at,0.0011240961303138964,0.5473594950420415,0.0011239400061314614,0.001123716976432059,0.0011238142104579997,0.0011236786520105678,0.2928101498615522,0.031142440831132576,0.12194503919301261,0.0011236290969151366
6240_at,0.0023257969252147436,0.002326310124070057,0.0023260657407530388,0.002325922767548437,0.2135054161691769,0.0023261170977679014,0.002325869777825422,0.7678868143426069,0.002325852572443779,0.0023258344825928335
6241_at,0.0250012020338043,0.025000968115839836,0.025000967193211147,0.02500050302084949,0.7749916534386594,0.025001045378897028,0.025001074634931737,0.025000844054809065,0.02500071654430239,0.025001025584695573
6242_at,0.0020834461881407444,0.0020835067028013403,0.0020837553405546874,0.002083455620122942,0.0020838047240730323,0.0020837246558375504,0.9269225791044277,0.0020837141953922614,0.0020834263701413358,0.05640858709850843
6243_at,0.001694956989791051,0.05049002859532749,0.0016951944804628981,0.0016949882835545673,0.0016953170965306494,0.0016952092910666545,0.4370919273107382,0.0016950872384242685,0.500552295842679,0.0016949948714251994
6245_at,0.0016667599006547967,0.0016669242968749855,0.0016669454226297716,0.0016670311812514338,0.001666884812650782,0.001666855635272138,0.3769619880586404,0.0016669282618154986,0.39391942400482444,0.21745025842538582
6246_at,0.0021284064448299396,0.0021278227627445313,0.00212805084809371,0.002128008141269752,0.0021277944909519103,0.9808480892107174,0.0021277616372718726,0.0021277199380377535,0.0021277694616034107,0.0021285770644797475
6248_at,0.743928097180069,0.002222416824246679,0.0022225472984582035,0.002222288243692715,0.0022225029228919086,0.07507379117448436,0.16544067001975402,0.0022225213365341103,0.002222654336302118,0.0022225106635669015
6259_at,0.002174371464403503,0.0021743827114368212,0.08977695969615959,0.002174424307126634,0.002174304302117853,0.3364540867753077,0.002174215102312656,0.5585490579732135,0.0021740170451424786,0.002174180622779233
6260_at,0.0250012020338043,0.025000968115839836,0.025000967193211147,0.02500050302084949,0.7749916534386594,0.025001045378897028,0.025001074634931737,0.025000844054809065,0.02500071654430239,0.025001025584695573
6261_at,0.0023257038845170886,0.002325678287130575,0.0023256919728300743,0.002325606819400628,0.0023261438945683674,0.00232571117945816,0.9790679795189642,0.002325915965327804,0.002325912204969607,0.0023256562728335203
6264_at,0.0003817501041109126,0.00038178003119731217,0.0003817288400608207,0.8688721619809283,0.06978607024140525,0.058669517160512434,0.00038172744184299573,0.0003817026874253992,0.00038178813170843743,0.00038177338080824677
6265_at,0.0025002131935997624,0.9018042500861609,0.0025004265658992377,0.002500220051939402,0.0025007239877637443,0.0025003292841909858,0.002500384907947847,0.07819274406574737,0.0025004848348265636,0.002500223021924312
6267_at,0.004000153216625419,0.0040003230230195325,0.004000567049983863,0.004000191215488416,0.9639968868926385,0.004000197729386225,0.004000349647847713,0.004001028267859789,0.004000153086555137,0.0040001498705955554
6268_at,0.8222137424425725,0.0007577687507800068,0.0007576872619971691,0.05444230363984273,0.0007577066713312605,0.0007576744226417272,0.0007576517245304063,0.0007576887264382473,0.10017961430425779,0.01861816205560819
6270_at,0.0006579779877235924,0.0006579876398608332,0.0006579939719419042,0.9335781642966582,0.06115789276141484,0.0006579320392161705,0.000657981676423061,0.0006580122230988857,0.0006581396301199896,0.0006579177735426055
6271_at,0.0018183486137779083,0.0018187895347041674,0.8506834128247128,0.0018188605401597945,0.13476856329847617,0.0018185272145703924,0.0018184849907296023,0.001818391893660863,0.0018183547612304954,0.0018182663279777615
6273_at,0.000485478058734525,0.0004855259838411251,0.0004855301638186218,0.8947664218984741,0.0004854781430699386,0.007491640733443191,0.09434346970442956,0.00048548816474261523,0.00048550060879937456,0.00048546654064669814
6275_at,0.0015875524266608402,0.3590123335807354,0.001587556674836898,0.0015877255958913791,0.30867805888733807,0.2772782213148449,0.0015874821688444123,0.001587641358904598,0.0015879981334864604,0.045505429858456944
6276_at,0.0027029364615457603,0.05244052794216759,0.4279956017355932,0.002702926085805219,0.002703786699731011,0.0027033214699983986,0.5006417279580281,0.002703431477443735,0.002702872849818259,0.0027028673198687056
6279_at,0.0011498424730947907,0.0011496249579245029,0.017077981469780807,0.0011504837583749628,0.001149782760032073,0.0011495724971667478,0.9737239288256284,0.0011496899822476467,0.0011495547883951978,0.0011495384873548714
6283_at,0.001754588558220256,0.0017545063001221312,0.20886432775618066,0.3460110159417066,0.0017544689371080638,0.2384336518265072,0.0017544792529649,0.0017544436370542666,0.001754618116356451,0.1961638996737794
6284_at,0.001428717149437663,0.3951026447276104,0.0014291906678362597,0.0014288863994804898,0.3638142144956008,0.0014291394165818632,0.0014288488151700145,0.23108071826071166,0.0014290091936563726,0.0014286308739145052
6285_at,0.002041113993898214,0.3734137394372148,0.18150367021719513,0.3775917185928048,0.0020412876807850526,0.05524410682475492,0.002041143289138982,0.0020411848856276503,0.002040932969869345,0.002041102108711081
6286_at,0.0021277974691805385,0.6837293237596406,0.29924669489810807,0.0021279571647599867,0.002128044372978811,0.002128055952800803,0.0021280047191337375,0.0021283622743886936,0.002127884852190716,0.002127874536817975
6287_at,0.0018184937382283639,0.06603914056560703,0.0018183317619055181,0.0018185305332755633,0.20152663771732562,0.0018184093432937942,0.7197053447754356,0.0018184977330295358,0.0018183273324150339,0.0018182864994840213
6296_at,0.013470876504448292,0.0009092432391315019,0.0009093872464380266,0.19165258731594034,0.000909171133800729,0.3563924049149158,0.1677254130572106,0.0009091311995323954,0.2662125198594611,0.0009092655291212181
6298_at,0.0013334815279324476,0.21291692697343229,0.09814103608333816,0.0013334628680802334,0.26447227635022696,0.001333837608747048,0.41646829786177025,0.0013334179534190973,0.001333742335260672,0.0013335204377929075
6299_at,0.19414925594707416,0.0015629058439889645,0.04811608902387243,0.0015630024290096821,0.0015626893225803682,0.15693633292219056,0.5914213525136816,0.0015626976080325896,0.0015628572104631644,0.0015628171791064118
6300_g_at,0.0011112958355710086,0.0011113459062005104,0.225596315791895,0.10889761036592902,0.052990872025462515,0.001111459263183728,0.21507318560369126,0.04379787043781164,0.3228188406370391,0.027491204133216218
6301_at,0.0010871286770509066,0.0010871940760985262,0.23898190069588587,0.10295515424398861,0.0010872292302401669,0.0010872927294271722,0.21120093312873753,0.04248622478774597,0.3708702278969109,0.0291567145339144
6302_at,0.0015877612661379875,0.0015874456035929968,0.0015874057833314094,0.3823933921251402,0.0015873892963758761,0.36118895222241637,0.0015873549233281824,0.0015873375587627185,0.0015873643749150118,0.24530559684599934
6308_at,0.03431330334711942,0.7740183179181649,0.0018525349504388976,0.0018522246264614582,0.17870203694342285,0.0018523412234525045,0.0018520297250527696,0.0018522489344898491,0.0018520147386949645,0.0018529475927023616
6311_at,0.002041108488108706,0.0020411254693563177,0.1430114204907884,0.002041251619766422,0.002041339699501654,0.00204129625491003,0.0020410983189786775,0.002041070900344558,0.5268552666969359,0.31584502206130916
6312_at,0.0010759173417130869,0.3916472311883474,0.0010755277946558474,0.001075339042131725,0.030178908868132365,0.0010756240896265406,0.0010754393574254194,0.5706451614947995,0.001075317573897743,0.0010755332492701946
6313_at,0.0010755654448425301,0.0010753704619146473,0.0010754231889893568,0.6945720553997314,0.0010753003676288217,0.29682469115372906,0.0010753333437113273,0.0010753053051716257,0.001075317199554626,0.0010756381347265726
6315_at,0.029561985973176386,0.002174542323436945,0.4290954423015981,0.5261225611812456,0.0021741373401524973,0.002174191851702534,0.0021740909039425016,0.002174095281877621,0.002174635088946786,0.002174317753921101
6316_at,0.0012661488516842517,0.0012662004340144146,0.00126613793308483,0.001266332879467261,0.0012659691273585656,0.0012660156034716315,0.0012659226334787235,0.9886053963117367,0.0012659936296135403,0.0012658825960900283
6317_at,0.002273088985471552,0.16461804084857307,0.6183285739901965,0.0022730228925225545,0.09150458675377629,0.11190701730593504,0.0022729308973051033,0.002273706456046398,0.0022733559473926907,0.002275675922780961
6319_at,0.0012500477042550885,0.46639385724010596,0.0012502702223105677,0.3971375917235312,0.00125016811279958,0.0012501256421853975,0.0012501395069780513,0.0012503783788909068,0.12771734456382605,0.0012500769051171008
6321_at,0.6246360590543969,0.003333451959036103,0.0033336901220144253,0.003333366055104104,0.0033341456661825225,0.09019710915540304,0.261831399535969,0.003333481414795968,0.0033334316661250266,0.0033338653709728042
6323_at,0.012500331036387523,0.012500206010416504,0.012500220395623764,0.012500099579751582,0.8874945073146624,0.012500279415173933,0.012501195756634975,0.012502744781143271,0.012500144971262825,0.012500270738943343
6324_g_at,0.012500331036387523,0.012500206010416504,0.012500220395623764,0.012500099579751582,0.8874945073146624,0.012500279415173933,0.012501195756634975,0.012502744781143271,0.012500144971262825,0.012500270738943343
6325_at,0.000990125043623377,0.000990259706598645,0.22013084462758797,0.000990175107858938,0.0009903392495453018,0.0009902551806521768,0.0009902141061657115,0.7719474077491314,0.0009902345279469767,0.000990144700889567
6333_at,0.002128385796818806,0.0021281221021495233,0.35196406979982253,0.002127821258406746,0.0021279982587649134,0.002127954311623974,0.4968097741608631,0.1363301209688502,0.0021278787094032143,0.0021278746332968903
6335_at,0.002083520569421234,0.002083854187116798,0.3966841365441649,0.0020834709531108993,0.5525621425451027,0.002083899755530245,0.036168005522035966,0.002083834978556833,0.0020836872195293685,0.0020834477254311223
6337_at,0.000901033884679944,0.21569597305768054,0.0009010737712812532,0.6855186486793671,0.0009010853603757961,0.09247818768375125,0.0009010003556819717,0.0009009778066704507,0.0009010412033807446,0.0009009781971309934
6339_at,0.0015638236805987607,0.0015630566690239514,0.001563230600976593,0.001562793566067438,0.0015629174393875236,0.001563196936151883,0.9859325163177883,0.0015626899533798973,0.0015631379584640222,0.0015626368781616327
6341_at,0.0013160348523729398,0.4553859234499675,0.0013159920665882017,0.0013158786368975218,0.04730959424088384,0.3350673832239233,0.15434129442303063,0.00131613000026269,0.0013158843519326812,0.0013158847541408789
6343_at,0.5828915686928904,0.004000780773095996,0.10471098784471543,0.004000462136429424,0.28439215764894943,0.0040011376508089945,0.004000493441515556,0.004000584951043171,0.004001013700757601,0.0040008131597939365
6345_at,0.0011112958355710086,0.0011113459062005104,0.225596315791895,0.10889761036592902,0.052990872025462515,0.001111459263183728,0.21507318560369126,0.04379787043781164,0.3228188406370391,0.027491204133216218
6346_at,0.0020838591073536706,0.07140189527026793,0.002083848010561655,0.0020837356721703174,0.002083972663940214,0.0020835555137174574,0.002083522439173654,0.0020837091491211664,0.9119283390104914,0.0020835631632024286
6348_at,0.0015152594730767123,0.2657491075306812,0.049335022944865546,0.0015153133454352788,0.0015154915179801335,0.6743082983366048,0.0015153481751937856,0.0015152359050090846,0.0015155410803773355,0.0015153816907760168
6350_at,0.5458430367559005,0.0014929180338458948,0.14738682930002361,0.0014928313980624595,0.07020423112650255,0.04549259602879238,0.18360869870405586,0.0014932162374103896,0.001492880343578756,0.0014927620718276772
6351_at,0.7879241631287476,0.0021739833268643086,0.0021740536427173177,0.0021741250507379254,0.0021740197363114594,0.057043680834882586,0.13981380559529197,0.0021740181323610538,0.002174027464462147,0.002174123087623436
6352_at,0.6573527185810024,0.003030882139087279,0.0030311647372405336,0.11886849724966539,0.130590753383814,0.0030308139647969865,0.0030306983612299328,0.0750030680978457,0.003030636490881325,0.003030766994436477
6353_at,0.0014086447826561878,0.0014088691894033093,0.5922413741108532,0.0014086597042055416,0.0014092279601046046,0.3964888347942318,0.0014085588128648703,0.0014085836208556758,0.0014086729748665021,0.0014085740499581087
6355_at,0.019213944089816394,0.00161306482762989,0.0016132095167537954,0.0016131013194295547,0.15013435882747317,0.15599609358817812,0.18827024481003674,0.0016131456978611086,0.38716915380726385,0.09276368351555744
6356_at,0.0007813075762338235,0.0007815654356030717,0.0007814202830140208,0.5755587903032089,0.010753773523014327,0.13923280169931573,0.000781352776389486,0.0007813402314162645,0.07412752853614173,0.19642011963566267
6357_at,0.0013891726763126395,0.646944315926315,0.0013890807512969986,0.0013889669163788696,0.0013891655910822757,0.0013890145010660125,0.0013893347305749583,0.3419428973844455,0.001389127867708231,0.0013889236548195992
6363_at,0.00208367154065072,0.0020836884092152604,0.33189003907852327,0.0020835991577476502,0.0020839336276137197,0.002083819157111699,0.0020836475666238443,0.6514402214944048,0.0020836640886487587,0.0020837158794603013
6364_at,0.20287552467392123,0.6258736926903694,0.0016135850223498282,0.0016133586831918968,0.0016131125314911645,0.0016132862522851533,0.0016132118329135873,0.1599579879529163,0.001613278278553227,0.0016129620820082124
6365_at,0.054168593353428295,0.08746500157754916,0.0010312500211336255,0.001031059057741843,0.0010311153060654206,0.8511487243204688,0.0010310770946456225,0.0010310465987598703,0.0010311287181323087,0.0010310039520749052
6368_at,0.002439381291035025,0.002439770549303708,0.09839309545682437,0.0024398744786796383,0.521783147469547,0.0024392488702920287,0.002439305925312347,0.36274706776069304,0.00243981780610763,0.0024392903922049306
6370_at,0.4671838096702044,0.0008001921755658193,0.34595247151207087,0.0008001909664446495,0.0008000615129712865,0.0008002235298550195,0.0797567068348375,0.030813612494373803,0.0008001159490816225,0.0722926153545952
6372_at,0.0008621453471222658,0.0008622291351032637,0.182197451196394,0.0008621623167493973,0.0008622741585022104,0.0008621796932690038,0.0008622399787793857,0.8109049925317963,0.0008622361748803065,0.0008620894674039339
6373_g_at,0.0008621453471222658,0.0008622291351032637,0.182197451196394,0.0008621623167493973,0.0008622741585022104,0.0008621796932690038,0.0008622399787793857,0.8109049925317963,0.0008622361748803065,0.0008620894674039339
6374_at,0.001010193244985927,0.0010103317553591777,0.1174642922850652,0.0010102319629831421,0.06459582218440005,0.0010102395230208558,0.0010102743328097633,0.8108681449645413,0.0010103338194003694,0.0010101359274341034
6376_at,0.0005682587217535843,0.0005683310018022029,0.000568444682666081,0.9593633765648987,0.0005685463232392096,0.0005682426750392824,0.03608991839488834,0.0005683340748994198,0.000568302433951867,0.0005682451268612374
6377_at,0.0007937544341874792,0.5844901818756502,0.39958589410824613,0.0007938458610098427,0.0007938751182138657,0.01036724078100236,0.0007938088945666147,0.0007938884899207383,0.000793768648410954,0.0007937417887917156
6378_at,0.021973260102109555,0.15074909433888048,0.0008697706089396554,0.296123456497016,0.000869710643206004,0.0008700068370093735,0.39807508194950514,0.1287302688435328,0.0008697012538642216,0.0008696489259367401
6379_at,0.0009093311368806338,0.6102097715046408,0.2993896412155776,0.0009093000103069283,0.0009094136421709445,0.0009092515753969446,0.0009092725363798554,0.08403547961215158,0.0009093712745799434,0.000909167491914634
6380_at,0.00263166589005329,0.0026316847932233035,0.0026316387367547305,0.0026316565285455468,0.0026321760777632173,0.0026316883594367717,0.0026318411234941908,0.9763143840968125,0.0026316223947445844,0.002631641999172134
6381_at,0.29709590586172246,0.0011629706818887158,0.5437662226314751,0.0011629537330961916,0.0011629280143891103,0.0011630609237998526,0.001162898852234669,0.0011629244071398848,0.0011628923005165858,0.15099724259373745
6382_at,0.033335917135242525,0.033335580299177194,0.0333366411278115,0.03333441365150809,0.6999769912434084,0.03333636142123526,0.033336719387563565,0.033335460879246215,0.03333496853814229,0.0333369463166649
6386_at,0.0027038001238286168,0.1534081469969641,0.002703465063362418,0.002702938697861682,0.11860938196445096,0.70905900812976,0.0027034286372071463,0.002703272731470884,0.0027034316285385438,0.0027031260265556805
6389_at,0.005555662223752942,0.7893396507097302,0.005555834731336063,0.005555686283033269,0.1662120626531357,0.005555672862205299,0.005556893828199071,0.005555758162003453,0.0055570872488023395,0.005555691297801702
6394_at,0.0034485557988320954,0.0034490325094664437,0.20389227409083407,0.003449228500545819,0.2545587904161183,0.0034485429109095463,0.5174076612850476,0.0034485042263806215,0.0034489534703165724,0.003448456791548849
6397_at,0.0019611180556770393,0.001961030428762747,0.25406575538484727,0.7302432338911123,0.001961931421108386,0.0019613718198542088,0.0019616232189586654,0.0019618595928199765,0.001960931049659673,0.0019611451371997243
6398_at,0.0014494076745806752,0.0014496040577716422,0.9101965433576559,0.0014494165345927737,0.0014496957028140595,0.0014493901013392168,0.03495122011241331,0.0014494205783490703,0.044705956843240684,0.001449345037242764
6399_at,0.0009805201727281301,0.523177007889916,0.3689193869692499,0.0009806779030203166,0.0009805029253066495,0.10103971075394932,0.0009805085984671926,0.000980529476200668,0.0009806808068694476,0.0009804745042923967
6401_at,0.13331516617396902,0.0015875879738916846,0.0015873967113876454,0.0015874171541620946,0.7212630386607215,0.0015877076798622328,0.13430938479666343,0.0015874827050301888,0.0015874475275883945,0.0015873706167236783
6403_at,0.001724642391311999,0.0017244021180478685,0.001724516955088331,0.0017248143424890428,0.0017245497948378513,0.03115188040055604,0.9550521177735241,0.0017245624833179779,0.0017241992085748022,0.0017243145322519643
6407_at,0.05370841152627449,0.0013892096296743996,0.0013890839103738767,0.0013891233036522853,0.0013894212206374131,0.1267161119899951,0.001389124715885537,0.0013891141986898338,0.0796353121826807,0.7316050873221365
6408_at,0.0020410219258772283,0.002041077504086731,0.0020411917797504863,0.0020409595911100465,0.3120966384265312,0.002041037024967351,0.0020410397710686704,0.6715750285208051,0.002040991181040892,0.0020410142747622328
6409_at,0.001282187780636059,0.9884603709768937,0.0012823151178598601,0.001282155969860942,0.0012822177180911972,0.0012821343383965242,0.0012821603854619237,0.0012822772443665481,0.0012820837238217344,0.0012820967446116342
6411_at,0.0020842268859531106,0.0020834132433098455,0.16599204208923476,0.0020833867467711965,0.0020839399009626356,0.002083783783182076,0.002083644894622685,0.002083559736850102,0.0020834032422760718,0.8173385994768375
6413_at,0.0023258035506305954,0.0023259013909895693,0.002326001926575773,0.028039067995315813,0.0023260342688750132,0.0023262359882785188,0.6758492153414573,0.0023257458913174735,0.27983029651095065,0.002325697135609394
6414_at,0.0012660737558334446,0.001265900726712743,0.0012659880283689814,0.6148078968016987,0.0012660248515689435,0.3750637013071274,0.0012659574031333456,0.0012659421549923646,0.0012661131513997863,0.001266401819164455
6415_at,0.0016395457518120816,0.0016394202614023754,0.0016393966850043887,0.0016397050229848443,0.001639564473846334,0.0016393783625427113,0.0016405393558343911,0.9852431237303463,0.001639967339912416,0.0016393590163142667
6417_at,0.0250012020338043,0.025000968115839836,0.025000967193211147,0.02500050302084949,0.7749916534386594,0.025001045378897028,0.025001074634931737,0.025000844054809065,0.02500071654430239,0.025001025584695573
6418_at,0.0013164926701726971,0.0013160155688816256,0.5943369832617313,0.001316118594164042,0.28745049433010833,0.0013160334635867624,0.10899981826415327,0.0013160900583649477,0.0013160274418934604,0.001315926346943613
6424_at,0.002174050178076717,0.16691948237636753,0.0021740386055047463,0.002174122683479502,0.8156876787587176,0.00217415282456461,0.002174042115921757,0.00217444875274624,0.0021740270318343483,0.002173956672786904
6428_at,0.0016952293529295182,0.001695366794965203,0.7974543796425698,0.0016953326433217788,0.1889835905321653,0.0016950197307107632,0.001695173704580535,0.001695161350945322,0.001695386496046391,0.0016953597517652783
6429_at,0.3539086201878382,0.001613173263261613,0.12048030234974696,0.025424518243772305,0.0016130601513643411,0.001613513902650545,0.001613099320630664,0.0016130650262212612,0.0016130178395066812,0.49050762971500744
6430_at,0.0027780286556471413,0.0027782284396953463,0.46290934677145895,0.002778493891434325,0.16344223177797562,0.0027781728670701355,0.20862313280434014,0.1013714599572839,0.04976282785368163,0.0027780769814125454
6431_at,0.0013334974507084613,0.0013335599639286491,0.001333650761627435,0.0013334469281493426,0.490892681765317,0.0013338324257004017,0.13336375319298563,0.0013335555973406099,0.3664083578457825,0.0013336640684601124
6432_at,0.765823252732226,0.0019618165226875876,0.0019614821166271577,0.001961910473968326,0.0019612526532060046,0.0019613518855572543,0.06688971833640373,0.0019609546527725595,0.001961002169955856,0.15355725845659574
6433_at,0.7004097306493111,0.0016949771394134225,0.0016950187876618112,0.0016949567820745233,0.0016950465900061138,0.0016949933673762539,0.0016949785147934522,0.0016950127935997426,0.0016949829462835268,0.28603030242948013
6436_at,0.0014707695446019352,0.0014708835310086306,0.0014711641612564002,0.0014708519096888993,0.0014711338790934123,0.001470761328526625,0.0014709028849151696,0.0014710871097720134,0.4408263175621025,0.5474061280890343
6437_at,0.0018870601576410158,0.19515857883277268,0.0018873268175059869,0.0018869371329859159,0.0018871965531536926,0.3136672480380724,0.001887347791560741,0.4779643497092933,0.0018869779704664012,0.0018869769965479848
6438_at,0.09730406225787494,0.0022732091617020875,0.06079405887074122,0.028317215148439406,0.002273193636966302,0.00227317700831321,0.0022730337420237834,0.0022729520762995617,0.799946160406766,0.0022729376908733638
6440_at,0.06168322474001503,0.0011112822417105289,0.0011113047365251573,0.47387095362948145,0.06909342458812984,0.12564747749394253,0.0011112185710933713,0.0011112049519807342,0.001111944442504385,0.2641479646046171
6441_at,0.0015626243290387722,0.1525179843766425,0.0015627843233601262,0.0015626471809198884,0.056361244459067275,0.0015629263718312711,0.18091639738721207,0.6008281243340436,0.0015626019139992025,0.00156266532388524
6442_at,0.0013518377385095658,0.5553047925472433,0.14623797106160089,0.23075183060107743,0.00135203098608041,0.0013518466338900063,0.0013521393119185693,0.05959378024602334,0.0013521895181700678,0.0013515813554863163
6444_at,0.0029420681277734263,0.9735238828726595,0.0029422800849080765,0.002941827855489043,0.002941710025823888,0.002941765917783402,0.0029414418886179825,0.0029414264608909934,0.0029417952216706147,0.0029418015443832333
6445_at,0.0021740987868783634,0.002174265789766139,0.3422729449809637,0.0021742958533691997,0.059804793365070344,0.0021741819995580686,0.5827030605464869,0.0021740051794379243,0.00217418039968652,0.002174173098782743
6446_at,0.0016669274269935945,0.0016671792312891718,0.118170378432279,0.12589396027740582,0.27437140879559474,0.0016670107499288348,0.3289030186255136,0.14432635784812559,0.0016669761107597012,0.0016667825021097992
6449_at,0.0034487232844261713,0.003449048659979287,0.003448874709704065,0.00344849010819116,0.9689622562650866,0.0034485290791301864,0.003448501125402862,0.003448683356837216,0.0034485091111373816,0.0034483843001050928
6450_at,0.0018869330345574799,0.0018873552652786268,0.0018874744678349592,0.0018870676679158284,0.07282131174297575,0.00188697517438668,0.001887704194773154,0.0018871444841444733,0.9120811267521645,0.0018869072159686002
6451_at,0.0024392872865642685,0.002439488048868884,0.16385742850173327,0.002439122234770716,0.0024395726806517672,0.002439129663949984,0.6063566633873925,0.03729615786987859,0.1778540525658329,0.0024390977603571578
6452_at,0.10920139067174443,0.002500246768510432,0.002500776561894005,0.002500199522341869,0.002500183612504222,0.002500847375071027,0.002500146840680459,0.0025000882944920763,0.8707958795424782,0.002500240810283439
6456_at,0.6646819607454081,0.002174030793465417,0.0021741902961596696,0.0021740133542109564,0.0021743754361822324,0.06302848757099533,0.25707064743572844,0.0021741109931286366,0.0021739861319415347,0.0021741972427798736
6457_at,0.011111364507386503,0.011111637819853814,0.01111172737437514,0.011111404826122382,0.8999947311842154,0.011111530089817117,0.011111778396028461,0.011111640860721765,0.011112531645919754,0.0111116532955599
6459_at,0.0010417537560697247,0.23554533795378066,0.13087570029612122,0.0010418132825643026,0.001041894028973372,0.5837006554072623,0.04362722810707425,0.0010417312105463262,0.0010418889219420276,0.0010419970356658342
6462_at,0.0018871012067448209,0.10255283881023361,0.605325188015521,0.0018869998484251642,0.27891213962246486,0.0018870650309080143,0.0018871897611018006,0.0018874102956762619,0.0018871748992260178,0.0018868925096984608
6463_at,0.0015876131325360174,0.19187826885993015,0.5411994125959024,0.04820621027043067,0.0015874896921957012,0.0015878059265294067,0.001587511473126423,0.20919065693305106,0.0015874633787939074,0.0015875677375041585
6464_at,0.002273162048561708,0.0022731546766058047,0.0022732862866361257,0.0022729109736824692,0.18252305133492494,0.002273118066391964,0.0022730431285721475,0.7992923502058661,0.002273016094920683,0.002272907183837998
6467_at,0.003333443153809671,0.6112558320724201,0.003334613401569986,0.003334063032046095,0.36207176689076204,0.003333970323264704,0.003334810554471154,0.003333740781261377,0.003333719713754521,0.0033340400766404344
6468_at,0.002500076065495012,0.0025002271176012727,0.0025002079268273696,0.002500170118930772,0.0025004931079512733,0.002500080932308198,0.0025006128553265953,0.0025002430952073104,0.9774978506743242,0.0025000381060280635
6471_at,0.033335917135242525,0.033335580299177194,0.0333366411278115,0.03333441365150809,0.6999769912434084,0.03333636142123526,0.033336719387563565,0.033335460879246215,0.03333496853814229,0.0333369463166649
6472_at,0.0012987573630766393,0.0012988330103510036,0.3462179731973225,0.0012987654410682552,0.0012989007581834563,0.0012987676305130347,0.024705624118047654,0.619984783156099,0.0012988574247620353,0.0012987379005763857
6473_i_at,0.9884607239086335,0.001282166226751535,0.0012821759714125496,0.001282148357030792,0.0012821144749216769,0.0012821753533253973,0.0012821067854500488,0.0012821136273085379,0.001282134649368406,0.0012821406457976952
6477_at,0.0010205615431940318,0.0010205160668558422,0.001020503027514341,0.0010205388999913027,0.001020473616540036,0.9908155713891872,0.0010204444290223482,0.0010204482158019564,0.0010204736339784143,0.001020469177914591
6479_at,0.0018185619830901989,0.0018186043912325532,0.001819151688665562,0.001818753860407452,0.9264942601209063,0.0018187698035300062,0.0018184107657913207,0.05895601025866697,0.0018186472460710893,0.001818829881638527
6480_at,0.0016673532252534083,0.0016668732297872688,0.0016671611174243295,0.0016668030919101925,0.0016669732857177474,0.0016670966433629919,0.194764417419589,0.0016668708143982901,0.6915297990399509,0.10203665213260586
6481_at,0.0019232149484700832,0.2808104622539893,0.001923598019425916,0.09493946533590741,0.20449862938567392,0.0019234546914610505,0.0019232246523539697,0.0019232127732904095,0.4082111506440514,0.001923587295376581
6482_at,0.001961841382904196,0.9237825515795444,0.0019613441991891967,0.0019609689423490746,0.0019614697650250884,0.0019609266938576115,0.001960983845179325,0.0019610030297261393,0.0019613722493942425,0.06052753831283068
6483_at,0.002702909092661213,0.46915199457113127,0.12914733086176292,0.0027030829135399163,0.27999775437129604,0.002702783392340997,0.0027033322263454165,0.002703110586972873,0.10548494152669861,0.002702760457250694
6484_at,0.0250012020338043,0.025000968115839836,0.025000967193211147,0.02500050302084949,0.7749916534386594,0.025001045378897028,0.025001074634931737,0.025000844054809065,0.02500071654430239,0.025001025584695573
6485_at,0.000990325835575869,0.09570661950098419,0.2858886181527227,0.0009902545057908984,0.0009903641103999796,0.0009901828770004257,0.5786855164030769,0.0009902506115508905,0.033777460497341025,0.000990407505557049
6486_at,0.0029418115273910396,0.0029417085051073612,0.002941898551217813,0.0029413918201311048,0.2806946447873733,0.0029414634452456095,0.0029416338989867222,0.0029415623068676246,0.6957726093120811,0.0029412758455985037
6487_at,0.0005848324233330182,0.0005849403457044021,0.16541653117582703,0.8299046100247648,0.0005848847022232223,0.0005848390550265946,0.0005848287417694809,0.0005848504840259584,0.0005848616736059586,0.0005848213737195258
6488_at,0.0012502304917233352,0.11675221256431084,0.001250169478958287,0.0012501634544727605,0.38168520140970874,0.0012502315642077151,0.0012501434136939621,0.49281144821698303,0.001250122923940588,0.0012500764820006195
6489_at,0.0023256376040925535,0.0023256164121453465,0.002325638261778562,0.002325603754602414,0.3121362560288447,0.0023256067006582684,0.0023257422161740223,0.6692586780631242,0.002325601399476568,0.002325619559103166
6493_at,0.04832176645227645,0.000952483445085394,0.0009524553102711887,0.09635377941926078,0.000952472998525647,0.000952564478927374,0.0009524391413809196,0.0009524691495430242,0.06547605179843695,0.7841335178062923
6495_at,0.003704342374389426,0.05863891397225244,0.0037040279139033926,0.0037038974006730068,0.9117284796066812,0.0037038041953698937,0.003704011546543908,0.0037049003625876796,0.003703836720417166,0.003703785907181975
6497_at,0.001052774167084199,0.001052903192089044,0.001052934605969617,0.0010528793515568353,0.148278593180825,0.0010527327512243497,0.563251899781382,0.2810998213691279,0.0010527771887814184,0.0010526844119595842
6498_at,0.09526862647947403,0.06649519059885461,0.003572292165850435,0.0035714967176794636,0.75078633646307,0.0035734059533654265,0.06601643220105426,0.003571865434405568,0.003572440883992648,0.0035719131022535814
6500_at,0.001010262072113981,0.0010103524957565968,0.9778368558945204,0.0010104990695576706,0.0010101953847900288,0.0010102863225543495,0.0010101634405934945,0.0010102139030869867,0.0010102885571759146,0.014080882859850596
6503_at,0.000591791101869183,0.0005917478033901813,0.7903708985777462,0.0005917631397503006,0.0005918208550732723,0.0005917459499553659,0.1266035442332509,0.07888306964154868,0.0005918607924263915,0.0005917579049894611
6505_at,0.0030309477566622463,0.003030680965982117,0.003030674039705385,0.0030305651817120857,0.22257660041518737,0.0030306466466707444,0.0030306363222539173,0.7531782301678932,0.0030305265219344154,0.0030304919819985772
6506_at,0.5145527204966093,0.002127787950165911,0.002127903343677755,0.002127738190624557,0.0021278202069263097,0.09403965043148516,0.3765130447705563,0.002127772355622683,0.00212770678797857,0.0021278554663535206
6507_at,0.002272859403370774,0.0022729251196023973,0.3562581024869358,0.0022728318797138303,0.0022729684459363445,0.0022728779845738426,0.0022734270517203994,0.002272900263028503,0.625558304665598,0.0022728026995200495
6508_at,0.12860541084743962,0.002040978217180709,0.0020411336296881377,0.13611204399474858,0.0020410292745465957,0.4484933906296985,0.27454239831789473,0.0020408959131520644,0.0020410795092508224,0.0020416396664003295
6512_at,0.09705690535508249,0.07736249080378181,0.3318297621304904,0.002326055133622264,0.0023266628166260573,0.10089746093331814,0.0825300082254269,0.0023262153607618965,0.13693513657135897,0.166409302669531
6513_at,0.004000635953768437,0.004001627755258134,0.004001022801027657,0.10705477029342116,0.5118590948817443,0.0040006327101564584,0.004000560130872578,0.35308029133424684,0.004000380784102152,0.004000983355402036
6514_at,0.00416729431231033,0.004168492065397011,0.004167794118593937,0.1088563215527506,0.43076666952642456,0.004167370785336498,0.004167329766670743,0.43120372534754803,0.004167112839276251,0.004167889685691913
6515_at,0.09762317447900926,0.007693233611157315,0.08860845207626766,0.007692512839699872,0.7599185137128311,0.0076927778682098795,0.007692760665215397,0.007693480372040938,0.007692550345545918,0.007692544030022649
6516_at,0.0016133315232575315,0.001613139348151529,0.001613598514505182,0.0016132599733192422,0.0016134148837798523,0.0016132157070129997,0.2401080445111048,0.0016133909373723025,0.7469851681273947,0.0016134364741019422
6517_at,0.0009175526527515017,0.6075188767491871,0.09087712649122305,0.0009174710207113994,0.0009176163077870812,0.0009174645100513411,0.0009175425553307555,0.29518137829943536,0.000917474035852754,0.0009174973776696143
6519_at,0.0020835523864671667,0.00208370108331616,0.002083903787379739,0.002083594615942589,0.0020837798993596827,0.0020839567293900302,0.22837373576492107,0.002083518611952283,0.754956023463559,0.0020842336577124553
6521_at,0.09364624008757533,0.0009012893328760944,0.16030971575997194,0.000900989142323805,0.0009009694574158933,0.000900976612490448,0.0009009746612335199,0.0009009428929982234,0.19916281562437718,0.5414750864287375
6523_at,0.3106735027414984,0.4337511996831581,0.1325605429218456,0.0010753460684746127,0.001075619789632443,0.001075596844441676,0.06803332976613549,0.0496040414575263,0.0010754173295123117,0.0010754033977752769
6525_at,0.003571526576698723,0.003571501343728302,0.0035715591142499903,0.0035714931170067617,0.48243697899383126,0.00357152680664561,0.48899010803484566,0.003571938087460958,0.0035717790576557263,0.003571588867877068
6527_at,0.0250012020338043,0.025000968115839836,0.025000967193211147,0.02500050302084949,0.7749916534386594,0.025001045378897028,0.025001074634931737,0.025000844054809065,0.02500071654430239,0.025001025584695573
6528_at,0.06828959468160255,0.282747947183378,0.0012990887330765167,0.6398698248933883,0.0012991536010491542,0.0012990582473329324,0.0012988311673279994,0.0012988070795618273,0.001298821843700864,0.0012988725695819159
6529_at,0.27363946237683917,0.0016671586114978996,0.0016668177579385933,0.0016673052892104891,0.0016668966456120482,0.23623342641339887,0.4784582634870641,0.0016670396976184684,0.0016666873981482293,0.0016669423226721534
6531_at,0.001333361099227461,0.0013333462146409437,0.001333401520681653,0.0013333554304420703,0.001333532465545229,0.0013334109939729057,0.9151476230221244,0.0741852332609128,0.0013333625731393765,0.001333373419313274
6532_at,0.0012987541286917886,0.0012988690133446696,0.0012988646244033943,0.0012988360955174677,0.0012989337478237811,0.0012988259603479483,0.9362373373882048,0.001298835556714568,0.05337199068892283,0.0012987527960288724
6535_at,0.1604063691322577,0.0020410821819482066,0.39453899630548145,0.0020411864271954114,0.10927958664073288,0.0020412101903987054,0.002041143432487611,0.13571876520919776,0.002041028602685566,0.1898506318776148
6536_at,0.0250012020338043,0.025000968115839836,0.025000967193211147,0.02500050302084949,0.7749916534386594,0.025001045378897028,0.025001074634931737,0.025000844054809065,0.02500071654430239,0.025001025584695573
6537_f_at,0.9816300260455785,0.0020409190024959674,0.002041153718028435,0.0020413309022515257,0.0020410188507427665,0.0020409170677610274,0.0020411642454200418,0.0020413239060586403,0.0020412135151508712,0.002040932746512239
6538_at,0.0018525604423887303,0.0018522621136165729,0.3278165371393905,0.0018520750022820208,0.0018521010206829632,0.0018520858783447074,0.0018519425868380086,0.0018519211889644253,0.0018521343507366987,0.6573663802767553
6539_at,0.0011905952176652454,0.8971186163628971,0.0011907545723304268,0.0011907062243668744,0.001190738528332669,0.0011908613044891573,0.0011905947490082423,0.001190562774779398,0.09335590097404811,0.001190669292082724
6544_at,0.0014927583701012637,0.0014926184388748159,0.0014926270978940608,0.0014925664878496403,0.0014929821400209043,0.0014926028214545335,0.0014927086459111465,0.9865658438912841,0.0014926713253829585,0.001492620781226876
6546_at,0.0021276931452525343,0.0021278903962162914,0.002128660510678916,0.0021277537771904973,0.7734707200182209,0.002127744736570893,0.09316762269698507,0.0021279127344752784,0.11846523190590041,0.002128770078509204
6547_at,0.0018524185633430942,0.0018521005314019567,0.0018525064004745143,0.03202412283867987,0.001852016277587862,0.5040123269274673,0.0018521762507187683,0.0018520427928366578,0.1385075559234517,0.31434273349403824
6548_at,0.012500331036387523,0.012500206010416504,0.012500220395623764,0.012500099579751582,0.8874945073146624,0.012500279415173933,0.012501195756634975,0.012502744781143271,0.012500144971262825,0.012500270738943343
6549_at,0.08230602297665982,0.0029415896093357707,0.002941629662819864,0.0029417717669705168,0.8941572694631299,0.00294152139642412,0.002942594255337598,0.0029419830411126498,0.002943179438912762,0.0029424383892969817
6550_at,0.0031252669587225846,0.003125468252233013,0.7716549684480605,0.0031251503086622895,0.20334199555964264,0.0031256023293608527,0.00312543773192772,0.0031255454210976363,0.003125296482307973,0.0031252685079848582
6555_at,0.0034488765024110494,0.003448769000879766,0.0034496801704074894,0.003448579329405707,0.42150352152561543,0.003448761245437155,0.550905217685126,0.003448625186587445,0.003449363367988299,0.00344860598614159
6556_at,0.001563180497177318,0.0015628018833972288,0.0015630639511915356,0.001562664021695671,0.0015628530349747006,0.0015625762970614264,0.985934753769552,0.0015627739980788543,0.0015628061403884892,0.0015625264064827427
6558_i_at,0.7929031266793274,0.0012825241352777913,0.0012821686303292892,0.0012823198875153354,0.0012822065765899769,0.001282217248498693,0.0012821117620941647,0.0012821635499049365,0.00128232303559577,0.1968388384948667
6559_f_at,0.7929031266793274,0.0012825241352777913,0.0012821686303292892,0.0012823198875153354,0.0012822065765899769,0.001282217248498693,0.0012821117620941647,0.0012821635499049365,0.00128232303559577,0.1968388384948667
6560_at,0.9812490730386569,0.0020834012189373916,0.0020834634161475307,0.0020833771653854254,0.0020835619762123547,0.0020834193743152676,0.002083414166662124,0.002083448295749355,0.002083406994753513,0.0020834343531801252
6562_at,0.0011364499913770819,0.0011365719307392156,0.001136621114448123,0.471904126859998,0.09565794983700147,0.0011367002692573426,0.0011370496088320746,0.0011365044389379736,0.4244815276706485,0.0011364982787602797
6563_at,0.0013335465308299055,0.9744275151832681,0.0013338441447222184,0.014903755312249451,0.0013338520783850523,0.0013334710208650446,0.001333459109998996,0.0013334513202093534,0.0013337005477376074,0.0013334047517341379
6564_at,0.0013335465308299055,0.9744275151832681,0.0013338441447222184,0.014903755312249451,0.0013338520783850523,0.0013334710208650446,0.001333459109998996,0.0013334513202093534,0.0013337005477376074,0.0013334047517341379
6565_at,0.0015152652360663032,0.0015154343435409827,0.0015155361780216695,0.0015152285056723156,0.0015153248191825477,0.0015157020966682848,0.9863614418131074,0.0015152165839594281,0.0015155108206191478,0.0015153396031619831
6567_at,0.0025002723985223852,0.0025003513809821382,0.002500983703200533,0.6565707379352037,0.0025005771764434505,0.2153782298198732,0.0025001880971076912,0.0025001616050238902,0.002500242926578009,0.11054825495706486
6568_f_at,0.9826915321569963,0.0019231841727522308,0.0019231794268402872,0.00192318565062049,0.001923184105311187,0.001923171566357672,0.0019231323588146188,0.001923143899017911,0.0019231359131383296,0.001923150750151125
6569_at,0.9826915321569963,0.0019231841727522308,0.0019231794268402872,0.00192318565062049,0.001923184105311187,0.001923171566357672,0.0019231323588146188,0.001923143899017911,0.0019231359131383296,0.001923150750151125
6572_at,0.001961126415307171,0.0019619471171386732,0.001961792268120149,0.0019626956754735282,0.6242877316784279,0.0019610699239468593,0.0019609276930347553,0.3600200422005506,0.001961720539494574,0.0019609464885057023
6573_at,0.0012988362950272,0.08590080042674195,0.0012990007158984512,0.00129884861488257,0.0012990580925746561,0.0012989076680440382,0.0012990306105231135,0.9037078497478875,0.0012988288184632836,0.001298839009957182
6574_at,0.0025644748842208846,0.002564408257045353,0.0025646425706205775,0.0025645429824235058,0.002564379933764187,0.0025646429194252944,0.002564313590255011,0.002564213108808251,0.724692869764428,0.2547915119890088
6575_at,0.0009347188863838507,0.000934608319645522,0.7023401297519831,0.0009346755435152243,0.0009346380586226705,0.0009347947574323082,0.0009346315626411556,0.0009346343045320204,0.0009348695926334465,0.29018229922261063
6576_at,0.23465122501858465,0.0024393873866656677,0.623657290136121,0.002439420969184456,0.002439829022588178,0.0827235342515449,0.044329884082367134,0.0024397401576668047,0.002439522479904346,0.0024401664953730574
6579_at,0.0017862306188740724,0.0017858398990065543,0.0017859341848062622,0.0017864280294789875,0.0017859558522694025,0.045356966341846446,0.940355009556247,0.0017860978400778972,0.0017857499234587414,0.0017857877539346576
6580_at,0.0005952604569122999,0.0005953886566741002,0.0005952899004619751,0.925400448654325,0.0005953006151226612,0.0005952769863281071,0.000595278997216162,0.0005952906418905101,0.06983720368917895,0.000595261401890132
6583_at,0.002564331781171446,0.002564587491318954,0.08858017726823507,0.002564604981238913,0.5485139294020898,0.0025645865004765094,0.0025642776614859925,0.0025642154022085897,0.3449549137989401,0.0025643757128346743
6584_at,0.0006624469097139567,0.1724004221574959,0.2248778943731058,0.3543022438050605,0.0006623857901591945,0.03142390590126869,0.0006624460764233129,0.0006624196899681531,0.21368343254049507,0.0006624027563094615
6585_at,0.001351412912997057,0.9686227228967972,0.001351564156074076,0.020565186004869587,0.0013515913786889175,0.0013515906636502593,0.0013514166446119528,0.001351396653848788,0.0013515836601616493,0.001351535028300501
6586_at,0.0007693432140143268,0.08083322516370735,0.3245963349880472,0.04136475573488751,0.07973626032422904,0.0007693153068427918,0.0007693490198195101,0.4696228014375733,0.0007693366412738179,0.0007692781696053277
6588_at,0.002439968362492951,0.0024391450979962233,0.002439584526959283,0.09184137514327151,0.0024392148687891494,0.8886424865971436,0.0024394792904950447,0.0024395097174632076,0.002439620526921956,0.0024396158684671515
6591_at,0.0008476255810045352,0.0008477568691338634,0.032953421412079326,0.0008478049948265133,0.9602644640892927,0.0008478078793912125,0.0008475864871931376,0.0008478820342253044,0.0008480852545177464,0.0008475653983358343
6593_at,0.0014288312132995533,0.0014291524073133232,0.001428876130116043,0.0014287030268224695,0.9381465466194189,0.05042283979080286,0.001428802228707946,0.0014287808735658578,0.00142870287976543,0.0014287648301874948
6594_at,0.09483841351622839,0.001266064841666506,0.7036995870472214,0.0012664825349025615,0.1925989628545433,0.0012662022490661556,0.0012660886556783509,0.0012660747739615223,0.0012659924720843175,0.0012661310546474799
6595_at,0.002702919239494416,0.0027033280487222186,0.0027042493699604144,0.1904142508323926,0.7879592140075972,0.0027033509473549312,0.002703388811787544,0.0027033737607988473,0.0027030925037877748,0.0027028324781040833
6596_at,0.0010989678071474738,0.34614853091326536,0.6450594173808143,0.0010990064823046305,0.0010989826858214611,0.0010991742637636132,0.0010989603971503692,0.0010989873281248125,0.0010990182154155556,0.0010989545261924582
6597_at,0.0012351180474056856,0.0012348752899198246,0.0012347247895179367,0.0012346831566156966,0.0012348924310867514,0.0012347131848679336,0.0640413707608935,0.0012347221377914431,0.6538790748219763,0.273435825379925
6598_at,0.002326436919552034,0.32552949734308,0.3620689067408422,0.0023265773230132106,0.00232612201800876,0.002325866327438158,0.296118937056798,0.0023260006225670187,0.0023259519641333887,0.0023257036845672477
6599_at,0.8864810087367901,0.10175263283260923,0.0014708185949182419,0.001470790538365514,0.0014708618689322278,0.0014707502939331131,0.0014707523815254892,0.0014708290971116407,0.0014708358163458997,0.0014707198394682012
6600_at,0.8864810087367901,0.10175263283260923,0.0014708185949182419,0.001470790538365514,0.0014708618689322278,0.0014707502939331131,0.0014707523815254892,0.0014708290971116407,0.0014708358163458997,0.0014707198394682012
6601_at,0.0030305289430125567,0.0030307542172001633,0.5362020926953167,0.0030308009580464054,0.43955263827657026,0.0030306791854802393,0.003030435446827575,0.0030304748150838364,0.003030879335278427,0.00303071612718383
6605_at,0.0022730183064594476,0.002273153902423749,0.9795420753375907,0.002272994822307349,0.0022731473631723135,0.002273118260387694,0.0022729974405109586,0.002272990851484314,0.002273571366070213,0.0022729323495932216
6607_at,0.0017858496094601726,0.0017862661109719047,0.24997415433835823,0.001786010668475846,0.3344191710397173,0.0017858743502026265,0.25275679093022496,0.001786094567221191,0.1521338959908409,0.001785892394526819
6608_at,0.0025000978143471624,0.0025001842993526008,0.002500195102080543,0.0025001408655895177,0.36584703444113215,0.002500249641394427,0.0025008792193041223,0.6141509989671529,0.0025000906850330988,0.0025001289646133205
6609_at,0.0025001860401837783,0.0025002638371729377,0.8275877449966381,0.002500044050896676,0.1524110719169002,0.0025002042975733386,0.002500135580689929,0.0025000627816673003,0.002500165768171558,0.002500120730105908
6611_at,0.0007813310660927216,0.000781449212593681,0.0007814333650857562,0.000781382825619691,0.0007813890219318308,0.0007813559704592717,0.8448556069966632,0.1488934471841918,0.0007813185681836914,0.0007812857891783203
6612_at,0.0016394991698752619,0.00163945495507709,0.0016395008625966466,0.0016394289922048743,0.06274998653988305,0.0016393965049472908,0.459339828889816,0.46643388994922624,0.0016396203470461159,0.0016393937893273841
6614_at,0.0014708454256586738,0.8885114575371206,0.0997221377066383,0.0014707105941162407,0.0014708438555545607,0.0014708635540702005,0.0014709285645549534,0.0014707043271133188,0.0014707771609767833,0.0014707312741965327
6616_at,0.0014707871972868337,0.001470859242426781,0.4442770037789883,0.2969055894241382,0.001470793948122199,0.14186331622991438,0.0014707394308175457,0.1081293520360009,0.0014707499181739146,0.001470808794131176
6622_at,0.001063918587916063,0.0010639815361552425,0.00106390286627856,0.001063875408300902,0.0010638905902693317,0.0010640438693945576,0.0010638759267806923,0.0010638600408388484,0.0010638585845514576,0.9904247925895144
6625_at,0.0016952933403608598,0.0016950106833041633,0.0016950886028456063,0.47350091427257757,0.0016949669989925799,0.5129385022703326,0.001694995386891936,0.0016949555944447065,0.0016950868945508912,0.0016951859556990831
6626_at,0.0010756502364198419,0.1345393655212181,0.0010754539297806475,0.0010753396507068274,0.13098630292163851,0.001075490190208825,0.021510092300020402,0.7065115230475835,0.0010754043219937891,0.001075377880429724
6627_at,0.0008850683436911742,0.0008849903999667822,0.0008851645849692356,0.0008849829233239433,0.0008849805554409786,0.0008850947087781498,0.03049672131334325,0.0008850089672444475,0.0008850199483609002,0.9624229682548812
6628_at,0.0024396391650141234,0.002439245612772919,0.978045808144713,0.0024391461051476806,0.0024394860919655097,0.002439526006948816,0.0024392797869327463,0.0024392109190578093,0.0024392564202207114,0.002439401747226729
6630_at,0.057706326427491815,0.001389033589836539,0.0013896186472898522,0.0013889686192924459,0.0013890376285561434,0.0013891603485327963,0.0013890084672183271,0.9311807271477265,0.001389064008692076,0.0013890551153635093
6633_at,0.0012658523260753998,0.0012660367334270072,0.0012659415205865162,0.0012658714721004855,0.43579974582609565,0.001265914031334006,0.5125602499852784,0.042778430145094,0.001266074401205366,0.0012658835588030097
6638_at,0.0014500096453446297,0.001449746043485048,0.001449677164930094,0.001449588379981481,0.001449450120221477,0.0014495155520657646,0.001449439666245879,0.9869536931298334,0.0014494832387060197,0.0014493970591861471
6639_at,0.0014288043105259995,0.8462774367370252,0.0014288445618935413,0.0014287342063649762,0.0014287134455024616,0.0014286787557323908,0.0014286521519728057,0.1422928201518417,0.0014286737987702271,0.0014286418803705946
6640_at,0.04466576380868268,0.5915743817631588,0.2959488262457164,0.0012502169414930955,0.001250117866337861,0.06031004931603095,0.0012501201444365868,0.0012501418754907213,0.0012502758902997173,0.0012501061483532823
6641_at,0.001389077796694543,0.9746579327397904,0.001389042746644439,0.014229584803710591,0.001389067418683199,0.0013892216794191236,0.0013890543469582224,0.0013890205573009679,0.001389030805197468,0.001388967105601012
6642_at,0.09268279188011347,0.0020412300548159155,0.0020409777500284966,0.002040936224084231,0.002040896880931586,0.002040922672070234,0.7940782926526414,0.002040886649147031,0.0989521830475718,0.0020408821885959435
6646_at,0.0013699150831884765,0.001369988331390479,0.0013699677013384582,0.016258447309626167,0.0013700232469439691,0.0013698986431993731,0.8505782900470915,0.001369995758842019,0.12357359148474138,0.0013698823936380833
6650_at,0.0006451844395584034,0.0006452013511528426,0.0006452581798935169,0.9941931989990863,0.000645186446314028,0.0006451929992176031,0.0006451946988969793,0.0006451941416215023,0.0006452066812327325,0.0006451820630261623
6651_at,0.008333733197490098,0.008334196473911938,0.00833477387033398,0.008334479428770889,0.8381270366123418,0.008335121519259529,0.008333679865233352,0.008333738555242602,0.008334091377926189,0.09519914909948968
6652_at,0.0015626345726771046,0.0015628289325914442,0.10809746915414686,0.001562864235597609,0.0015627629647399157,0.0015626912794169156,0.517443749840493,0.001562773695691859,0.36351967599685736,0.0015625493277879165
6654_at,0.060032109720782545,0.14934468781854224,0.3033242156530697,0.07709152580898455,0.0009175745905126393,0.0009175326948486533,0.0009175094601458276,0.0009175223624778895,0.0009176396070796986,0.4056196822835562
6656_at,0.0010002932826403898,0.6250701913381052,0.0010003099349387267,0.10071519621066197,0.001000180523549741,0.0010002136934751966,0.07346675490629333,0.0010000644419521558,0.194746626474957,0.0010001691934265163
6660_at,0.09685133941697487,0.0005989957288100601,0.30120544116251663,0.0005990022047300242,0.0005989128820820297,0.3802318415551486,0.0005988683026751426,0.022567951061173257,0.19614871429652841,0.0005989333893608762
6663_at,0.0027032900597449704,0.6880849041029232,0.0027037903096606263,0.002703756076318572,0.002702918204184592,0.0027030837876298483,0.002702823412413515,0.0027028396919810006,0.11948203263665959,0.1735105617184842
6664_at,0.0018869804808136549,0.0018868915251126176,0.0018869322301426816,0.0018868611400423058,0.0018874129835438065,0.0018868859584689225,0.0018869415885991142,0.983017179585936,0.0018870591208769163,0.0018868553864639327
6665_at,0.0013334877946547107,0.0013335428987315766,0.0013334606089645444,0.0013334084922864595,0.0013336275077386458,0.001333474346150057,0.5582638445721317,0.4310682402123725,0.0013335218186745542,0.001333391748295233
6666_at,0.17628288728960428,0.004348795385310709,0.004348566356857648,0.21567259984761683,0.0043485158675666755,0.18034937149153163,0.004348349445710113,0.004349200748607935,0.00434807254815468,0.4016036410190395
6669_at,0.0010527257318481572,0.07325837133265897,0.0010527901296662585,0.00105300355171943,0.0010528587171950183,0.0010528817364634736,0.0010527283522150338,0.9183193092013435,0.0010526624500113923,0.0010526687968787133
6670_at,0.0018182937469931242,0.0018184480994026886,0.001818780245216931,0.0018184878202336192,0.9375650518053038,0.04788696115583648,0.0018183726352685682,0.001818401158108185,0.001818591871125384,0.0018186114625111632
6671_at,0.0012503847876173472,0.001250364569416966,0.001250312519503538,0.001250255545774767,0.0012501344618499068,0.0012501739485968417,0.0012501145835217666,0.9887479927371833,0.001250165160776435,0.0012501016857591268
6672_s_at,0.8353599100251198,0.0014493229100814543,0.0014493452164935636,0.0014492996066139208,0.0014493493938926806,0.0014493161611388856,0.0014493030898711473,0.0014493134650150293,0.0014493184566396235,0.15304552167513386
6675_at,0.002857835326984126,0.0028578828601000285,0.0028579119432292463,0.39558382912974965,0.3493557374333581,0.002857965681317309,0.0028577856611259737,0.0028579467662716287,0.23505547988081693,0.0028576253170471385
6676_at,0.046501936344797205,0.5260901544643478,0.26858595687529924,0.0013336264910583928,0.0013334946506403352,0.15082093285935352,0.001333464382377837,0.001333495751298524,0.0013335172298081647,0.001333420951018777
6677_at,0.0250012020338043,0.025000968115839836,0.025000967193211147,0.02500050302084949,0.7749916534386594,0.025001045378897028,0.025001074634931737,0.025000844054809065,0.02500071654430239,0.025001025584695573
6682_at,0.0011499130963098542,0.001149724102222842,0.001149602005567576,0.0011495372746183473,0.0011497296739389278,0.0011495559640832495,0.056297969801455156,0.0011495758209912818,0.6407207063170068,0.2949336859438058
6683_g_at,0.000877575808661383,0.0008774187664380936,0.0008773089509269077,0.0008772846208887327,0.0008774505337026467,0.0008772880387345457,0.09722164032028417,0.0008773193149526783,0.6183201405098995,0.27831657313551145
6684_at,0.0026322832634193554,0.46044569174718697,0.3024190432844031,0.0026320436756222835,0.0026330509861563637,0.002631904142229887,0.21870945744109477,0.0026319170831235177,0.002632912643765184,0.0026316957329987523
6685_at,0.0032258595470944697,0.0032258554683691227,0.0032258669525363644,0.0032258280469972993,0.5686790558553599,0.003225847149936635,0.0032260346652489454,0.4055139367437779,0.0032258659409135633,0.0032258496297657554
6688_at,0.13460421870549533,0.003226214649303203,0.7308520849889096,0.0032259358688082017,0.0032268447132518027,0.003226441772692271,0.003226401977331279,0.0032260841807250913,0.11195978818662106,0.003225984956862088
6689_at,0.13460421870549533,0.003226214649303203,0.7308520849889096,0.0032259358688082017,0.0032268447132518027,0.003226441772692271,0.003226401977331279,0.0032260841807250913,0.11195978818662106,0.003225984956862088
6690_at,0.003225962855494859,0.003226072031693185,0.0032260988285544557,0.039291319230002834,0.9348999293718504,0.0032259021975490293,0.00322625425061916,0.0032265372029993073,0.0032260343025062536,0.0032258897287305334
6692_at,0.002041102857363379,0.3011241108903758,0.5496388871039753,0.0020412799671500424,0.03635650649164377,0.0020410653460504443,0.10063369500835335,0.0020410414409327915,0.002041311238874396,0.0020409996552808595
6693_at,0.0018876962570797023,0.001887161400999254,0.0018871972103734263,0.001887222371925301,0.001887091675460875,0.0018869823421837199,0.5147549229556554,0.0018873470212368935,0.47014735217233417,0.0018870265927513055
6694_at,0.0009902380493269805,0.8305708720312361,0.0009902145359035504,0.1615075018780302,0.0009903010676865272,0.000990159386201478,0.0009901522701253264,0.0009901905696868406,0.0009902226398558933,0.0009901475719469985
6695_at,0.11369216783761692,0.001562744031584017,0.22354348343133715,0.001563088568352909,0.06498008412558937,0.0015629596513413021,0.0015627975247984641,0.001562684429462251,0.0015630191990169324,0.5884069712009006
6697_at,0.00344860944758655,0.0034484468694687587,0.0034483219196517543,0.0034483444306510976,0.6282610538038522,0.003448324214226715,0.0034484905036215557,0.3441517576921616,0.00344832387014091,0.003448327248638768
6699_at,0.0009709766203141812,0.0009710147374402521,0.000971102738852049,0.13140747823080925,0.000970966760155825,0.8608241904012746,0.0009710297117958818,0.0009710934608558767,0.0009711653271550018,0.0009709820113470296
6700_at,0.02659747710848264,0.0017246375836990518,0.0017245130330731096,0.001724305196086318,0.07550663322049869,0.0017246965136584146,0.02068018563990831,0.0017244827016041956,0.0017244551012587986,0.8668686139017304
6702_at,0.0031251044968075986,0.0031250595056504242,0.0031251688671244063,0.003125091399451544,0.36694468930591506,0.0031250854154330067,0.003125334379399219,0.608054118411864,0.003125199584279041,0.003125148634075906
6703_at,0.002325751470798253,0.0023260084693575915,0.0023262144667515424,0.0023259337734314817,0.0023268288388739186,0.0023259281975561274,0.31264484123250813,0.0023258644066891094,0.6687467160292029,0.0023259131148307857
6704_at,0.001234976867964338,0.0012349301458018974,0.09997885333934542,0.001234842755990101,0.8023243084824878,0.08905276669591905,0.0012347670298175704,0.0012349362365182853,0.0012347691319966817,0.0012348493141588891
6706_at,0.6807218758355413,0.00263193181786218,0.002631909777312132,0.002631756999955251,0.0026323368678435773,0.06607221440946526,0.20478754112032352,0.03262627308356986,0.0026316407662263456,0.002632519321900531
6707_at,0.0017546734709029935,0.0017545655786078708,0.001754812047768498,0.0017546681757374645,0.0017547109279631287,0.001754918265546955,0.001754594148447624,0.0017545762587358785,0.7157078567104426,0.2702546244158471
6710_at,0.0022223996439645717,0.002222688803568554,0.0022227629049575382,0.002222479913927324,0.3651126890432582,0.0022223304482100327,0.30016945358687824,0.002222530786944074,0.3191602812958211,0.0022223835724704023
6714_at,0.0011365611449405829,0.001136761259092837,0.00113647544545978,0.0011364331335711542,0.3866608586468753,0.5492095841853054,0.029938616650161717,0.0011365356256781778,0.001136425010510236,0.027371748898404547
6715_at,0.00200017109008835,0.0020002085312381818,0.21799701918478676,0.00200035899696341,0.0020007675434806685,0.0020001409378754918,0.0020002960480959694,0.0836158933512745,0.684384969321884,0.0020001749943126773
6717_at,0.004166805051374004,0.004167644774926658,0.9026780788666852,0.004167407205954731,0.004168024859144166,0.004166991143099586,0.004167000851402496,0.004167743982413451,0.06398330697998263,0.004166996285017028
6718_at,0.001785818246612819,0.8943243484209031,0.0017862414726291117,0.0017859432164578904,0.03551084991877574,0.0017859813202370613,0.0017861408411095321,0.001786318316991599,0.05766248241474273,0.0017858758315404462
6719_at,0.0015628733238926098,0.001563064098207961,0.0015627967022162528,0.0015630657414158573,0.03889576675539296,0.0015627664655824486,0.00156259020478656,0.9486018912437376,0.0015626308731153014,0.0015625545916524077
6720_at,0.0033338309668263723,0.0033345611165831552,0.17323393488634597,0.27597437883281845,0.5274543297014886,0.003333975354580263,0.0033335803778356977,0.003333637951938889,0.003333821255920843,0.0033339495556617125
6721_at,0.0018184044467323569,0.0018186484478136774,0.001818843645914685,0.001818413165807041,0.8001558526110687,0.15774310414046513,0.001818852096036574,0.0018184994026460258,0.02937094414245161,0.001818437901064136
6722_at,0.002381297837110082,0.002381156440224846,0.002381661764332768,0.00238250600704057,0.2745095326990751,0.002381142922688622,0.002381409133767339,0.7064389737484518,0.0023811310443452396,0.002381188402963531
6724_at,0.02500318085612192,0.02500221630871616,0.025002708330415575,0.02500133059577889,0.025007533938931504,0.025002420813218608,0.7749711570067298,0.02500223318246554,0.02500509659599429,0.025002122371627633
6727_at,0.0010102216447207166,0.8420045493121051,0.00101044289924817,0.0010102244688772214,0.001010314639886885,0.0010104495712735457,0.0010103485469186426,0.11515667395709818,0.0010102164619493728,0.03576655849792215
6729_at,0.0029416178134158396,0.7459053026232916,0.039427385568840505,0.002941398445738962,0.19407636489519664,0.002941801086725077,0.0029414560709560326,0.002942076693584666,0.0029413289751315393,0.002941267827118919
6730_at,0.0015874383883814605,0.0015875773404717705,0.001587411674659134,0.0015873656632243857,0.9295286635731429,0.0015874277062047002,0.057771730688314815,0.0015876809173876831,0.0015873685953034945,0.001587335452909638
6731_at,0.025000000009021372,0.025000000006443063,0.025000000006929434,0.7749985369776474,0.025000050386124236,0.02500000001042755,0.02500000000598407,0.02500000000606095,0.02500030408448653,0.02500110850687545
6732_at,0.025000000009021372,0.025000000006443063,0.025000000006929434,0.7749985369776474,0.025000050386124236,0.02500000001042755,0.02500000000598407,0.02500000000606095,0.02500030408448653,0.02500110850687545
6733_at,0.006250067519163377,0.006250073674850609,0.006250036767630504,0.19395765285448183,0.7560398213289077,0.0062500292104489255,0.006250529947235528,0.006251264304480597,0.0062502432739231315,0.006250281118877892
6738_at,0.025000000009021372,0.025000000006443063,0.025000000006929434,0.7749985369776474,0.025000050386124236,0.02500000001042755,0.02500000000598407,0.02500000000606095,0.02500030408448653,0.02500110850687545
6741_at,0.025000000009021372,0.025000000006443063,0.025000000006929434,0.7749985369776474,0.025000050386124236,0.02500000001042755,0.02500000000598407,0.02500000000606095,0.02500030408448653,0.02500110850687545
6743_at,0.025000000009021372,0.025000000006443063,0.025000000006929434,0.7749985369776474,0.025000050386124236,0.02500000001042755,0.02500000000598407,0.02500000000606095,0.02500030408448653,0.02500110850687545
6744_at,0.025000000009002998,0.025000000006442345,0.02500000000691567,0.7749976142444643,0.025000000006394588,0.02500166762772701,0.025000152291526075,0.0250002616967707,0.025000304099581247,0.025000000011175097
6747_at,0.025000000009021372,0.025000000006443063,0.025000000006929434,0.7749985369776474,0.025000050386124236,0.02500000001042755,0.02500000000598407,0.02500000000606095,0.02500030408448653,0.02500110850687545
6756_at,0.001316054884549022,0.14579142624864025,0.04004938500050576,0.4162797592701508,0.00131586046795249,0.38998398673508106,0.0013159050293041165,0.0013158575889377871,0.001315910034423749,0.00131585474045486
6759_at,0.0017545439233149678,0.0017545254022982883,0.0017545139482266813,0.001754420121772084,0.001755414784036548,0.0017546248327958197,0.9842082842045359,0.0017547540090828047,0.0017544376365298754,0.0017544811374071154
6760_g_at,0.0017545439233149678,0.0017545254022982883,0.0017545139482266813,0.001754420121772084,0.001755414784036548,0.0017546248327958197,0.9842082842045359,0.0017547540090828047,0.0017544376365298754,0.0017544811374071154
6764_g_at,0.0011113981843402293,0.001111427472569933,0.2399305903927723,0.001111564969100163,0.04576193306309785,0.11090784432488228,0.0011112639908058093,0.596731153016173,0.0011115702180848868,0.0011112543681736752
6765_at,0.0050005669920913974,0.005000301638913598,0.005000021390020459,0.16609118327136208,0.793905539972497,0.005000333105542879,0.005000403164880358,0.005001437922308537,0.005000197584298656,0.005000014958085068
6766_at,0.025000000009002998,0.025000000006442345,0.02500000000691567,0.7749976142444643,0.025000000006394588,0.02500166762772701,0.025000152291526075,0.0250002616967707,0.025000304099581247,0.025000000011175097
6777_at,0.025000000009021372,0.025000000006443063,0.025000000006929434,0.7749985369776474,0.025000050386124236,0.02500000001042755,0.02500000000598407,0.02500000000606095,0.02500030408448653,0.02500110850687545
6781_at,0.0250012020338043,0.025000968115839836,0.025000967193211147,0.02500050302084949,0.7749916534386594,0.025001045378897028,0.025001074634931737,0.025000844054809065,0.02500071654430239,0.025001025584695573
6782_at,0.0031262695187222857,0.0031252956613168127,0.0031255701001371337,0.36152477689609946,0.3804581543600537,0.003125275201831058,0.003125379845121907,0.003125669796307098,0.0031257546970375363,0.23613785392337308
6783_at,0.456400534792917,0.5327864811999228,0.0013520627273258823,0.0013514908703263465,0.0013514385966320328,0.0013518361268211694,0.0013515214981157319,0.0013516640754484969,0.0013514855742978614,0.0013514845381927946
6786_at,0.0013334828519800282,0.7840580421881795,0.0013334736637354238,0.0013334102144515756,0.09176585256557637,0.0013334073023245664,0.0013334489787649236,0.11484198868727241,0.001333534815866439,0.0013333587318488235
6787_at,0.0008475861791869861,0.7153766013413349,0.26461347891501114,0.0008476891443039599,0.0008476797439717902,0.014076455341818169,0.0008476186620441402,0.0008477239920283403,0.0008476144390774952,0.0008475522412231424
6788_at,0.000806516788639254,0.0008067852460617478,0.22642173134561408,0.6127535485347549,0.0008065221651114733,0.1551788906930058,0.0008064893938417982,0.0008065260944555776,0.0008064902710656342,0.0008064994674498251
6792_s_at,0.0020409595078258137,0.0020410979815156985,0.002041131555605173,0.9816306198672712,0.002041194341134814,0.0020410880461113933,0.002040968263179613,0.0020409248785845904,0.00204099956942786,0.002041015989343878
6793_at,0.001470668545266125,0.0014707938888634852,0.001470622609543277,0.0014706338498115933,0.0014708916525523698,0.0014706306824151265,0.001470787669185697,0.9867637179007233,0.001470644461929312,0.0014706087397097125
6794_at,0.008333639062396163,0.008333460226799315,0.00833363799753518,0.008333483134107656,0.9249959588906389,0.008333451609903746,0.00833410129543603,0.008335080354744447,0.008333692792514788,0.008333494635923696
6795_at,0.008333639062396163,0.008333460226799315,0.00833363799753518,0.008333483134107656,0.9249959588906389,0.008333451609903746,0.00833410129543603,0.008335080354744447,0.008333692792514788,0.008333494635923696
6798_f_at,0.0038462332969715065,0.0038464445599090133,0.003846516662176101,0.0038462918320038247,0.9653826696004743,0.0038462055652315375,0.0038464050918836624,0.0038466612380877573,0.003846353773399615,0.0038462183798627526
6803_at,0.0032262650760256644,0.003227042593654873,0.0032262526865819065,0.003227316128647984,0.8963047711049615,0.003226219994487101,0.003226073512206066,0.07788424743744259,0.0032259518516542826,0.0032258596143380936
6805_at,0.001724445292830239,0.2922974415178926,0.0017247115597222814,0.0017245214754561557,0.001725350374110574,0.6939049945485907,0.0017245601749405425,0.00172502291874031,0.001724478083928592,0.00172447405378805
6806_at,0.0008334952525964617,0.0008336865250686962,0.0008335859311087888,0.7741179933156189,0.0008336337272201427,0.1818853495632532,0.03816176974937052,0.0008336005622077465,0.000833439536612091,0.0008334458369434772
6808_at,0.0013892699872086797,0.0013893459190749426,0.0013891920169015772,0.0013893046300534285,0.22486601660316174,0.0013890330742627123,0.0013889617303389531,0.7640210055856723,0.0013889401029607517,0.0013889303503649955
6811_at,0.0020837855821213003,0.002083551963902759,0.0020838742954872205,0.002083400345365932,0.41557148451336173,0.0020835147319881843,0.0020837350679965396,0.002083850622802887,0.5677594407829856,0.0020833620939878436
6812_at,0.6885460703768287,0.0023256664161020587,0.0023257985785089474,0.002325612461540445,0.0023257377193194764,0.06786187033613257,0.22731206743899154,0.0023256943708156582,0.0023256586729978744,0.002325823628762761
6813_at,0.3269407495855313,0.002857702311830773,0.13533732620561184,0.0028575132236261184,0.002858897119219061,0.002857732263295649,0.002857538176221558,0.034585066172357466,0.0028572431491742743,0.48599023179313205
6815_at,0.2213217739195378,0.002128017157880154,0.2576799988719862,0.0021278769501611354,0.23189551397536762,0.1156460877142636,0.002128314368461786,0.0021280061583406093,0.16281649581215749,0.0021279150718435873
6816_at,0.0017243328220387499,0.0017243126674736738,0.0017243507748134147,0.001724245481801441,0.0017245633296559275,0.001724271075058707,0.0017243671961649526,0.9844810504794604,0.001724243222655398,0.0017242629508774161
6817_at,0.002702979872938707,0.002703319485840733,0.6681165285278174,0.05787300440264487,0.25508822998477376,0.002703189400483907,0.0027029613156912056,0.0027028717032697037,0.0027033555257428956,0.00270355978079702
6819_at,0.001667083414451338,0.2542685839675423,0.1781687792122862,0.001666958785268841,0.0016669290355450467,0.0016669143704602931,0.5558939693043898,0.0016671003106640573,0.0016668799465554577,0.001666801652836746
6821_at,0.00270314882829505,0.002703432319567259,0.2600600024193724,0.1210908643463345,0.002703477788994992,0.24398741216776235,0.0027031046103781105,0.0027032495445412645,0.0027030617649824113,0.35864224620977175
6822_at,0.002325729312206918,0.002326110143513696,0.0023262655029486763,0.03746982783707146,0.002326023785664278,0.002325801593252501,0.8660578763067049,0.08019061711383975,0.002326031528144147,0.0023257168766536588
6825_at,0.0008131044777778596,0.0008130445595694351,0.6971034102790867,0.0008130932824796181,0.000813067823275475,0.0008132026053492405,0.0008130565570264045,0.0008130529608898658,0.000813248036696645,0.2963917194178488
6828_at,0.11064180112772758,0.7918263135363688,0.000990187069524125,0.0009903490784537057,0.0009902847632137577,0.000990164461432322,0.0009901575857296629,0.09060045707654976,0.000990131571488434,0.0009901537295119273
6830_at,0.0014932095691000372,0.0014926525412851763,0.0014927839380773046,0.7993934993253231,0.0014925986822565218,0.18866458194817887,0.0014926799497711266,0.0014925867692925413,0.0014925970018751797,0.0014928102748400112
6831_at,0.004166756994109443,0.18201568513821334,0.004166804567542589,0.004166738455605778,0.5985763274565927,0.0041667703457974395,0.004166833962776946,0.19024026945391614,0.004166981233438075,0.0041668323920073785
6834_at,0.6127541871326653,0.002174083687241818,0.002174013339227344,0.0021739765185190044,0.0021740303369783926,0.08309742291388621,0.28893014475894047,0.002174013551730356,0.002174003396862135,0.0021741243639490293
6835_at,0.001389225566252773,0.16246661336744259,0.0013892673808756386,0.0013889818392600688,0.0013892455942745086,0.0013890963291895374,0.0013890592339685863,0.0013889853322090317,0.07799336690338687,0.7498161584531404
6837_at,0.0017858142540242072,0.0017858715222397686,0.0017858475778717625,0.0017857847901291564,0.9839266941908171,0.0017857758302558951,0.001786088220450581,0.0017860193512254546,0.0017863663969213382,0.0017857378660646312
6843_at,0.0008850454408244314,0.12713781426714207,0.0008851357669462091,0.000885046705527986,0.0008850471165478226,0.0008850763221684598,0.0008850098459981611,0.0008850099865558349,0.0008849953083398848,0.8657818192399492
6844_at,0.421313485754105,0.5226052297533569,0.0016954183332837998,0.0016954150390930051,0.0016954432076389297,0.0016953021865404258,0.0016952506881838367,0.0016951936331793776,0.044213999383348704,0.001695262021270045
6846_at,0.0031254329404431327,0.003126184704721208,0.0031254297452322686,0.0031264427740962768,0.9025008866196783,0.003125397282154572,0.003125255958870604,0.07249477466558767,0.003125136133889889,0.003125059175326014
6847_g_at,0.0031254329404431327,0.003126184704721208,0.0031254297452322686,0.0031264427740962768,0.9025008866196783,0.003125397282154572,0.003125255958870604,0.07249477466558767,0.003125136133889889,0.003125059175326014
6848_at,0.00500074754603746,0.00500032775767754,0.005000752629050148,0.005000485807090001,0.5378334477985462,0.005000503449878901,0.005000121100138986,0.005000089015091226,0.005000315334816011,0.4221632095616735
6849_at,0.0013890280338454879,0.17186305327120072,0.0013890347811056417,0.0013889275269299349,0.7452383404958779,0.0013889519940650582,0.0013890236345582582,0.07317544366775879,0.0013889939650380007,0.001389202629620203
6850_at,0.0016397790748459333,0.0016397239096434427,0.0016399041136852847,0.7192725851945455,0.0016397744276118644,0.0016395842451198915,0.0016395110390419845,0.0016395277682732191,0.0016396739523904843,0.2676099362748424
6852_at,0.004545912223267321,0.004546966438333766,0.004546992320439693,0.171076639687558,0.7925525405038331,0.004545756891853328,0.00454665203848746,0.0045462670460122406,0.004546542155042262,0.004545730695172832
6854_at,0.0010101424144003759,0.25817044745893936,0.0010104404993811007,0.0010103006322930807,0.3573264978917261,0.0010101226909077646,0.001010395093738475,0.3774313246231035,0.001010208789483995,0.0010101199060263747
6856_at,0.002631643017615272,0.0026316254079072963,0.0026316817221339463,0.0026316423611965466,0.37177510756397036,0.0026316336263072625,0.002631820747772711,0.6071714579140626,0.0026317183223985643,0.0026316693166355074
6857_at,0.0867818476554015,0.0023257863529916206,0.0023259819423826866,0.0023257387642129567,0.0023256807732706442,0.0023257297375734467,0.2771272025614083,0.0023256534060514763,0.6198107136460226,0.0023256651606848437
6858_f_at,0.15739867119708953,0.1230068939135099,0.002128519626100343,0.0021279220764191514,0.0021283154760059608,0.002127916059970917,0.0021280861885167525,0.7046974252085472,0.0021284009587109144,0.0021278492951292286
6863_at,0.0023814234250248974,0.0023816008996909908,0.17296477375517444,0.3573532744939908,0.0023813358650573825,0.002381446997891733,0.45301219657911723,0.0023811627898353994,0.0023815076741444973,0.002381277520072786
6864_at,0.0023814234250248974,0.0023816008996909908,0.17296477375517444,0.3573532744939908,0.0023813358650573825,0.002381446997891733,0.45301219657911723,0.0023811627898353994,0.0023815076741444973,0.002381277520072786
6865_at,0.06472911190541003,0.9256291790886276,0.001205161525161797,0.001204881340251532,0.0012056137056175936,0.0012051461643906507,0.0012053260302464471,0.0012056408295458413,0.0012048798344102478,0.0012050595763382036
6866_at,0.4852141437372132,0.0010204781703809919,0.00102053042677481,0.0010204857510011846,0.0010205633220798194,0.0010205150074773,0.0010204619902508484,0.0010205977559354918,0.0010204648189453044,0.506621759019941
6869_at,0.0013897018876890593,0.0013891224962059568,0.001389545618863906,0.0013891485962032855,0.5613987895571271,0.0013891889339079915,0.3060895285216687,0.12278660400532956,0.001389287610628464,0.0013890827723761403
6880_at,0.0009435609750485886,0.6403213685307628,0.0009437697606002538,0.000943621823684198,0.0009436189830283826,0.17177072762594633,0.000943630402583134,0.10031087722937312,0.0009434924277422898,0.08193533224123101
6881_at,0.6930884668602455,0.0020006035011732913,0.002000746768263331,0.0020008469390186225,0.002000249925607146,0.05444319273723752,0.2384650242474236,0.0020002027249746944,0.002000501999717638,0.002000164296338627
6882_at,0.0018522612388322877,0.0018523010790034943,0.0018524124403067276,0.08784295221046154,0.1675319546966899,0.001852098657016632,0.47572223095372146,0.2577896150102133,0.0018522156415175137,0.0018519580722369238
6883_at,0.0015627874170242194,0.0015630991302344997,0.0015626590900891565,0.021068604686131812,0.0015630833660682485,0.0015626334531230624,0.9664288453572195,0.0015626695507191188,0.00156300008408107,0.0015626178653093427
6884_at,0.033335917135242525,0.033335580299177194,0.0333366411278115,0.03333441365150809,0.6999769912434084,0.03333636142123526,0.033336719387563565,0.033335460879246215,0.03333496853814229,0.0333369463166649
6885_at,0.0016667532421088221,0.9147942253352311,0.0016668472630921233,0.0016667607567783372,0.0016668441175372185,0.0016667675079113967,0.0016667967984157796,0.07187148487960969,0.0016668172284040306,0.001666702870911582
6887_at,0.001265936187125914,0.0012660288695022367,0.0012659138448609564,0.001265950114547617,0.0012665334127421183,0.07097009529410246,0.06302632757347246,0.8571414733834521,0.0012658762132293118,0.001265865106964663
6890_at,0.002222372637938597,0.3574417892918512,0.15952717443499367,0.0022223268561962174,0.24077449464002018,0.002222348156163268,0.04124846755130297,0.0022231627769576635,0.18989558493465328,0.0022222787199229167
6891_at,0.001205260245206595,0.603670581846034,0.04487045280909014,0.3430230270329644,0.0012049269393642583,0.0012051043136061658,0.0012053015733099446,0.0012050152705005309,0.0012053069694908357,0.0012050230004332228
6893_at,0.002500283322511067,0.0025007677334765352,0.9774953085814793,0.0025009897854635695,0.0025007455728899065,0.002500537976393113,0.002500367155440689,0.002500552263423479,0.0025001862891306332,0.002500261319791465
6894_at,0.001587546446388818,0.001587530720035692,0.0015874271547413213,0.0015873988997050568,0.10485819382330104,0.0015876698615812019,0.0015876644002193107,0.88244168697241,0.0015874625014333764,0.001587419220184243
6895_at,0.5450639360755555,0.0018872758863760623,0.1285330048047952,0.0018872873805572557,0.06556165675334925,0.22251157695273294,0.028894048070295678,0.0018870074259498258,0.001887124548611504,0.001887082101776808
6896_at,0.005884086049627873,0.005883601735026895,0.0058834244283749474,0.005884141518235512,0.702040908906769,0.005883525003734909,0.005883288773679269,0.005883621663153964,0.25089019772872306,0.005883204192674687
6897_at,0.0016669878441502718,0.15048871532899497,0.16040856984594823,0.0016669561839326302,0.0995836438366298,0.0016668343774315642,0.4072333709093562,0.17395117267482646,0.0016669724457102427,0.0016667765530195176
6899_at,0.0017242803437660954,0.15444151137975087,0.001724720213607484,0.06115714355774773,0.0017244138372399102,0.0017243046387596522,0.634743627638725,0.13931141874321867,0.0017243909026698513,0.0017241887445146624
6905_at,0.0022731473446309302,0.5547588518402881,0.002272863464569446,0.002273273691933835,0.1698140066452598,0.0022729511368378866,0.0022730774099680153,0.2595161646157825,0.002272799499101074,0.002272864351628547
6906_at,0.0012196683229552276,0.1823417050435443,0.1503120832922797,0.10321540128768306,0.0012199531071860118,0.0012196495417207318,0.5013089768138121,0.020860483883818486,0.03708248104426542,0.001219597662734869
6907_at,0.0011905692517921065,0.0011905642095366385,0.0011905201141479286,0.0011905438667938484,0.001190657651853614,0.001190505705260941,0.00119061935649967,0.9892845786559127,0.0011909512764548388,0.0011904899117478696
6909_at,0.0015385199383042456,0.0015386680162224962,0.0015386354034241795,0.0015386261879710367,0.0015385548443367927,0.0015385674023984713,0.37539728568581476,0.0015385749922256584,0.6122940663143598,0.001538501214942562
6910_at,0.0016394855098003662,0.0016396061396180728,0.0016397419655622425,0.00163960640825241,0.0016395403282734454,0.001639794122317324,0.48770960067712665,0.0016395010009383146,0.4400927324589882,0.060720391389122996
6911_at,0.002272807290569448,0.26197398045629655,0.1435928293740757,0.0022730768594760096,0.002272980129070633,0.57852247054028,0.0022728544372842174,0.0022728225263011744,0.00227291376421949,0.0022732646224267188
6912_at,0.0014088196327388105,0.9873225065046407,0.0014085493779538015,0.0014087737473661617,0.0014086341990568914,0.0014085853486312573,0.0014085259937520749,0.0014086073135285723,0.0014084815313637352,0.0014085163509678497
6913_at,0.0015157147353084836,0.9863617903516613,0.0015152725449005056,0.0015155370411778883,0.0015153413503245841,0.0015153240449156061,0.0015152494860774448,0.0015153358084612804,0.0015151859187400097,0.0015152487184329076
6916_at,0.03634817657931348,0.22003005496865335,0.0022224751052181083,0.002222388474814455,0.00222280247444726,0.0022225360025295224,0.0022225080333143033,0.7280643748466057,0.0022222952470404224,0.002222388268063439
6917_at,0.014917183548131614,0.31386788781752456,0.0007301724280033288,0.16053937856767844,0.0007299762536227084,0.28131630185803924,0.000730074313628677,0.0007300073506623602,0.0007302647899113937,0.22570875307279764
6918_at,0.0014087046763944973,0.0014085196106782228,0.0014085810043375474,0.0014085291842503283,0.0014085869248992788,0.001408587081068391,0.0014085181813938594,0.0014084910294044901,0.0014085395418975879,0.9873229427656757
6921_at,0.0020835627656658182,0.09086519609003693,0.0020837486684640227,0.0020835815211756297,0.28117890136768164,0.002084231396674214,0.6133700216034873,0.002083850593398596,0.002083478649361315,0.0020834273440544005
6922_at,0.0008475051502721083,0.3031747234651659,0.0008475727658792668,0.543366423717894,0.0008476082529373254,0.10924214812426472,0.0008475250135477979,0.000847524851618854,0.0008476957172589498,0.039131272941161116
6923_at,0.022645192985917356,0.001123852015350361,0.033188336689981834,0.0011236822622973047,0.0011238274636655768,0.0011238108876374018,0.001123705017302109,0.0011237384017380155,0.02944780315016207,0.907976051125948
6924_at,0.0019614730213915062,0.001960990069869184,0.0685387510663012,0.0019608056202730043,0.7964353265747778,0.0671243444537621,0.0019609495745448284,0.0019610316520840506,0.001960906364033326,0.056135421602963066
6927_at,0.0066668947969739795,0.006666867467816233,0.0066669164252976,0.006666783606911133,0.9399967534190822,0.006666865633959219,0.006667274038570078,0.006667522181227543,0.00666712167700179,0.006667000753160207
6932_at,0.0024392511135508765,0.0024393344973841556,0.2980217554671687,0.0024392266616257434,0.002439769464984087,0.002439516554061644,0.6824629050683864,0.0024396513361459172,0.002439261623361198,0.002439328213331481
6934_at,0.0250012020338043,0.025000968115839836,0.025000967193211147,0.02500050302084949,0.7749916534386594,0.025001045378897028,0.025001074634931737,0.025000844054809065,0.02500071654430239,0.025001025584695573
6935_at,0.009092146182923089,0.009091920495879036,0.009093124757370305,0.009091172153267678,0.9181743892237222,0.009091531598470856,0.009091120650571652,0.009091203249028578,0.009092231396432117,0.009091160292334555
6936_g_at,0.0017242233146391277,0.47895882660034594,0.0017246388301988252,0.0017243140077936566,0.5072459361733457,0.0017242278333473515,0.0017246796369076985,0.0017244059386898112,0.0017245483563203216,0.001724199308411769
6937_at,0.0015385479772973842,0.5278495580771794,0.0015388137590972527,0.0015386508804388663,0.4598405705952519,0.001538581068665162,0.001538990710120696,0.0015387306222826938,0.0015389957842521181,0.0015385605254142362
6944_at,0.012500586163328971,0.01250007028862552,0.012500109021341828,0.1571720214278161,0.012500302954519473,0.7428261965612879,0.012500169611982036,0.012500402887454548,0.012500041201400112,0.012500099882243581
6946_at,0.006667344413887303,0.006667814792047428,0.006666903637460462,0.0799569935124012,0.3542115008866954,0.5191613465496661,0.006667007544644684,0.006667055799985003,0.006667116997920989,0.006666915865291301
6949_f_at,0.007692712394164251,0.007692506710597939,0.007692438000396948,0.0973846337477898,0.3796986609194933,0.4690686157690891,0.007692476740152667,0.007692660030059484,0.007692727972161293,0.007692567716095169
6950_at,0.03333591443775885,0.0333351320329776,0.03333918371261637,0.03333441336691523,0.69995607732382,0.03334598028509558,0.033335640885258117,0.03333514572200025,0.0333348718912377,0.0333476403423203
6952_at,0.016669813109889266,0.016667789936796573,0.016668324791005152,0.016670659599412434,0.016679135660955684,0.8499569176711582,0.016673716939288336,0.016675849793301924,0.016668215859542604,0.01666957663864977
6963_at,0.025006622989289733,0.025000000012691734,0.025000000013611853,0.4534711958592419,0.025003323610464007,0.34651710597434116,0.02500021125988568,0.025000363031072614,0.025000000025378392,0.025001177224022914
6964_s_at,0.025006622989289733,0.025000000012691734,0.025000000013611853,0.4534711958592419,0.025003323610464007,0.34651710597434116,0.02500021125988568,0.025000363031072614,0.025000000025378392,0.025001177224022914
6966_r_at,0.025006622989289733,0.025000000012691734,0.025000000013611853,0.4534711958592419,0.025003323610464007,0.34651710597434116,0.02500021125988568,0.025000363031072614,0.025000000025378392,0.025001177224022914
6967_at,0.014288064712977635,0.014285799544350553,0.014285755934500152,0.2973006311700436,0.5884057513151918,0.014288628594364642,0.014285796190920031,0.014285802247814228,0.014286609620843958,0.014287160668993507
6970_at,0.025010977781195196,0.025000000017505113,0.02500000001879823,0.5249991452731201,0.02500478892331666,0.2749816351419022,0.025000000016216453,0.0250000000164431,0.025000000017054724,0.025003452794448322
6976_at,0.025010977781195196,0.025000000017505113,0.02500000001879823,0.5249991452731201,0.02500478892331666,0.2749816351419022,0.025000000016216453,0.0250000000164431,0.025000000017054724,0.025003452794448322
6977_at,0.025006622989289733,0.025000000012691734,0.025000000013611853,0.4534711958592419,0.025003323610464007,0.34651710597434116,0.02500021125988568,0.025000363031072614,0.025000000025378392,0.025001177224022914
6978_at,0.0025006339114758296,0.0869077100141951,0.002500743573053062,0.1232362424939481,0.7723523647447142,0.0025003320112027935,0.002500481521077597,0.0025008857897329396,0.002500448931617371,0.002500157008982926
6979_at,0.025006622989289733,0.025000000012691734,0.025000000013611853,0.4534711958592419,0.025003323610464007,0.34651710597434116,0.02500021125988568,0.025000363031072614,0.025000000025378392,0.025001177224022914
6981_at,0.025010977781195196,0.025000000017505113,0.02500000001879823,0.5249991452731201,0.02500478892331666,0.2749816351419022,0.025000000016216453,0.0250000000164431,0.025000000017054724,0.025003452794448322
6982_at,0.025006622989289733,0.025000000012691734,0.025000000013611853,0.4534711958592419,0.025003323610464007,0.34651710597434116,0.02500021125988568,0.025000363031072614,0.025000000025378392,0.025001177224022914
6984_at,0.025006622989289733,0.025000000012691734,0.025000000013611853,0.4534711958592419,0.025003323610464007,0.34651710597434116,0.02500021125988568,0.025000363031072614,0.025000000025378392,0.025001177224022914
6987_at,0.025010977781195196,0.025000000017505113,0.02500000001879823,0.5249991452731201,0.02500478892331666,0.2749816351419022,0.025000000016216453,0.0250000000164431,0.025000000017054724,0.025003452794448322
6993_f_at,0.025010977781195196,0.025000000017505113,0.02500000001879823,0.5249991452731201,0.02500478892331666,0.2749816351419022,0.025000000016216453,0.0250000000164431,0.025000000017054724,0.025003452794448322
6995_at,0.014288089674427365,0.014285800444133223,0.014285756372045134,0.30290020912820864,0.5828048146460657,0.014290560250929188,0.014285935490945905,0.01428604107055938,0.014286619019886185,0.014286173902799019
7009_g_at,0.025010977781195196,0.025000000017505113,0.02500000001879823,0.5249991452731201,0.02500478892331666,0.2749816351419022,0.025000000016216453,0.0250000000164431,0.025000000017054724,0.025003452794448322
7011_g_at,0.025010977781195196,0.025000000017505113,0.02500000001879823,0.5249991452731201,0.02500478892331666,0.2749816351419022,0.025000000016216453,0.0250000000164431,0.025000000017054724,0.025003452794448322
7018_at,0.025010977781195196,0.025000000017505113,0.02500000001879823,0.5249991452731201,0.02500478892331666,0.2749816351419022,0.025000000016216453,0.0250000000164431,0.025000000017054724,0.025003452794448322
7022_at,0.025006622989289733,0.025000000012691734,0.025000000013611853,0.4534711958592419,0.025003323610464007,0.34651710597434116,0.02500021125988568,0.025000363031072614,0.025000000025378392,0.025001177224022914
7025_at,0.005883460839115517,0.0058830126278045895,0.005882451879332169,0.16752476517977835,0.6704965482603431,0.005883092008634612,0.12079700085830784,0.0058833491982137835,0.0058833791694497305,0.005882939979020139
7026_at,0.005883460839115517,0.0058830126278045895,0.005882451879332169,0.16752476517977835,0.6704965482603431,0.005883092008634612,0.12079700085830784,0.0058833491982137835,0.0058833791694497305,0.005882939979020139
7033_at,0.010000203292914135,0.010000181704396713,0.010000135350362717,0.0100000611566937,0.9099954846112386,0.010001106687212803,0.010000746356948456,0.010001744079998336,0.010000157370786307,0.010000179389448268
7034_i_at,0.10805584670244239,0.00400161899572544,0.004000965627135839,0.004000048791240322,0.7055845293025756,0.004002295791489817,0.15835274136746244,0.004000474383602611,0.004000964529682722,0.004000514508642769
7035_s_at,0.10805584670244239,0.00400161899572544,0.004000965627135839,0.004000048791240322,0.7055845293025756,0.004002295791489817,0.15835274136746244,0.004000474383602611,0.004000964529682722,0.004000514508642769
7036_s_at,0.001408616011516793,0.0014086881639603075,0.0014087482693734684,0.0014086562152651652,0.0014087303329029805,0.00140857587385206,0.16717113116231352,0.8215596785688064,0.0014086369568360937,0.001408538445173082
7037_s_at,0.0012988422247601882,0.0012988931824463787,0.34985494080970375,0.0012989244935621592,0.0012988556298782164,0.0012987503944236758,0.6397542616908487,0.001298862707287637,0.001298945927273496,0.0012987229398158362
7041_s_at,0.388987261148121,0.24188095266870327,0.1462462299510596,0.0701141150235498,0.0014287090336861064,0.0014289678874545887,0.0014287754755038288,0.024159580643713843,0.0014287335693162514,0.12289667459889184
7043_at,0.0035717163134487053,0.003572188244617394,0.003572665056786967,0.13668692803963253,0.8347368905643369,0.0035717153017802788,0.0035716150274119718,0.0035725614004912497,0.003572024002461387,0.0035716960490325377
7045_i_at,0.11044963963390866,0.0038476522919188437,0.0038470613402650958,0.07839501209270391,0.631864836578556,0.0038488613317978937,0.15620663263311096,0.0038466782792480566,0.003846981110838935,0.0038466447076518262
7046_s_at,0.11044963963390866,0.0038476522919188437,0.0038470613402650958,0.07839501209270391,0.631864836578556,0.0038488613317978937,0.15620663263311096,0.0038466782792480566,0.003846981110838935,0.0038466447076518262
7047_at,0.009093800378295583,0.009091703383330051,0.009090970571512591,0.21929022782298538,0.7079751503833288,0.009092680140006588,0.009091301278853456,0.009091667493833132,0.00909144537395897,0.009091053173895408
7048_i_at,0.025006622989289733,0.025000000012691734,0.025000000013611853,0.4534711958592419,0.025003323610464007,0.34651710597434116,0.02500021125988568,0.025000363031072614,0.025000000025378392,0.025001177224022914
7057_at,0.0015628065646455236,0.0015627073785921058,0.0015628488280689321,0.0015627357183332661,0.5575223292584899,0.001562758052185532,0.0015627683942236877,0.0015630389287623998,0.4299753331087863,0.0015626737679125347
7058_at,0.009091226670778347,0.009091156358719649,0.00909136933397459,0.009091138047819254,0.9181770345032243,0.00909124336600413,0.009091484599669531,0.009091447351183361,0.009092419412768036,0.00909148035585874
7059_at,0.0029412472494388738,0.0029413320871816747,0.3245596944461126,0.26898720053116304,0.002941601057072609,0.0029412737148382592,0.0029413862583523944,0.2914504732448687,0.043335300194015734,0.056960491216956205
7062_at,0.0009616428674515455,0.032537381941535576,0.10410871124317032,0.7793381509779805,0.0009615961528158603,0.07824605735622717,0.0009616175633061656,0.0009616106003030211,0.00096161713191638,0.000961614165293418
7064_at,0.0015385603519697166,0.0015385037303202857,0.0015385526350127955,0.0015385052407999719,0.0015386826455887025,0.001538500094442058,0.49177765036539334,0.49591400088025245,0.0015385473195486893,0.0015384967366722803
7066_at,0.0014493427357492761,0.0014492956017742365,0.0014493123992460237,0.0014493152244461184,0.0014494211368896975,0.0014492917476399375,0.0014493998845378528,0.9869558888663175,0.0014494464557642589,0.001449285947635203
7067_at,0.001333385243081144,0.001333422555301443,0.0013333916726657746,0.0013334237026066313,0.0013335138039206617,0.0013333736545961528,0.0013334216370931489,0.987999260779829,0.0013334387067450563,0.0013333682441610724
7068_at,0.0008772518381530444,0.0008773379929221057,0.2048507420025119,0.0008773142778544204,0.0008775772485379692,0.0008772650756820476,0.0008773524729874583,0.7881305566202255,0.0008773783525477533,0.0008772241185779548
7070_at,0.0013336603237435558,0.001333520487964373,0.11873964279211865,0.7956101036182551,0.0013336040428279662,0.0013335029561445558,0.0013335673347440412,0.0013335811290714251,0.07631533551322592,0.0013334818019042308
7071_s_at,0.0017545078032931705,0.0017544690585279514,0.001754659939705007,0.001754469471412994,0.0017548039124120995,0.001754481817619271,0.001754628386471458,0.9842089201951681,0.0017546002747445871,0.0017544591406451744
7072_s_at,0.0015385736765324742,0.0015386159458245343,0.6774606913634293,0.0015385726254519767,0.20972687726491224,0.001538557244554365,0.03129899865272881,0.07228183090660462,0.0015387727391904813,0.0015385095807710903
7078_at,0.003846487892907123,0.003846798775540112,0.5663768337206029,0.003846871217771931,0.40285059833735287,0.0038465885070188477,0.0038462595732155643,0.003846277736903831,0.0038466589683086483,0.003846625270378174
7081_at,0.18906803181445128,0.0023263139635957032,0.0023263269521351213,0.002325733467548889,0.16038359731442667,0.0023261676626404027,0.0023258821059058965,0.09806791799401855,0.5385237852768983,0.0023262434483794455
7082_at,0.001785797224132918,0.001785852398757017,0.0017858259126392205,0.0017857473684238492,0.09141173521908058,0.0017859963674791118,0.8943013979965171,0.001786050511816897,0.0017857610133244486,0.0017858359878288733
7086_at,0.5142946909440361,0.0027783187892172034,0.002777967675540694,0.002777955763868687,0.11399445934424805,0.1062134476954929,0.24882939524339634,0.0027778968002243882,0.002777900350212276,0.002777967393763299
7087_at,0.003030857372241925,0.0030307592182436554,0.0030309842134479603,0.0030304751993079047,0.10879280560782549,0.0030310590616887483,0.8669612641683475,0.003030614523033769,0.0030304710505842532,0.003030709585278918
7088_at,0.25942777616928425,0.6166168075232594,0.00416835934067893,0.0041672185648610775,0.004168119359485208,0.09478302998420503,0.004167464959785438,0.004167148722501993,0.00416684855155578,0.004167226824382885
7089_at,0.13742481010967378,0.003030518567066147,0.003031887185003075,0.003030841104248546,0.31970187294093094,0.003030563830131888,0.003030412447478522,0.18617797327478458,0.003032896109801074,0.33850822443088147
7090_at,0.0014290440308780553,0.27868928466704196,0.7098803739788694,0.0014287471836027343,0.0014288406493807224,0.0014288125109766462,0.001428722630795499,0.0014286794160589238,0.0014287321239190996,0.0014287628084770708
7091_at,0.0031254034107893926,0.003125620876636238,0.3087682890196706,0.0031253166945176204,0.6662288089638156,0.0031257391258867145,0.0031252671327564453,0.003125221665583779,0.0031251660359085673,0.0031251670744349945
7093_at,0.0015628863926041212,0.11684876131350984,0.0015627954678666747,0.21524358169335084,0.00156292447439228,0.5863648801359591,0.001562703410174288,0.0015626739430203052,0.0015626667453708333,0.07216612642375181
7096_at,0.0008131570571987792,0.26293425163990364,0.0008131977764583043,0.4233792695285221,0.0008130868273671445,0.09819091562696053,0.0008130858034499129,0.000813057649904226,0.03612565171290678,0.17530432637732848
7098_at,0.0018870016973689242,0.001887174937698259,0.983016715651951,0.0018868513539725142,0.001887187848841984,0.0018870033211970724,0.0018869527972890246,0.001886898151326476,0.0018873091930511994,0.0018869050473034046
7100_at,0.6243377026739572,0.003030654751542838,0.0030308534218657034,0.003030342875241372,0.0030304302123043006,0.11626378519028446,0.23818460428292465,0.0030304120618827963,0.0030303903521943184,0.003030824177802489
7103_at,0.06410611643623752,0.0018190790846505354,0.0018187569957119748,0.0018186531838855755,0.3150600017679536,0.2058877304666386,0.40403394887668614,0.0018185501836177618,0.0018185471285193928,0.0018186158760989315
7105_at,0.0011364165313437842,0.0011364845541572,0.0011364850112872845,0.8288401145858088,0.16206804199991956,0.0011364457242886744,0.001136481286919309,0.0011364257316446148,0.0011366869768258754,0.0011364175978049308
7106_at,0.0013334911667800089,0.001333392829050078,0.001333389868757724,0.001333366451699181,0.18445688356682552,0.0013333627959858248,0.001333431155340338,0.8048758609784499,0.0013334540294489734,0.001333367157662406
7108_at,0.0020835559165712837,0.0020835518414139683,0.002083595343913287,0.0020834192678467253,0.9812469161704112,0.0020838720183229604,0.002084329962455874,0.0020836369701654595,0.0020835870762666033,0.0020835354326326494
7110_at,0.0006025783760004896,0.041049472265776946,0.17610215799670154,0.6436786751018071,0.0006024541630007823,0.09488191532822707,0.0006024885969842194,0.0006025292386135792,0.04127491504799832,0.0006028138848900101
7112_at,0.0014709747477792228,0.0014708414275410868,0.0014710833094512207,0.0014707081097433661,0.001471062973614943,0.0014707937283569715,0.0014707066663325293,0.0014706812084612586,0.0014709822680455558,0.9867621655606739
7116_at,0.7380010882580862,0.002381034477345711,0.0023810766665718795,0.0023812205000899476,0.002381043603407277,0.06354155729888557,0.18178968865663506,0.0023810345655872044,0.002381081567929172,0.0023811744054620717
7117_at,0.0022223384891498707,0.002222794909792918,0.6515023063514775,0.002222544724813691,0.04610640575195065,0.10235588205120327,0.002223450093497287,0.0022224046445061163,0.18669950755729414,0.0022223654263145557
7120_at,0.039442846526104185,0.003334076563234165,0.0033340567820161126,0.0033334263358555946,0.876817963694398,0.0033341065226605965,0.0033337690941086223,0.06040228459361985,0.0033337358755185977,0.0033337340124843374
7121_at,0.003846321303484061,0.0038464170088265675,0.003846443737178246,0.003846196923499108,0.0038465865585223485,0.0038462512789455986,0.09825701999215002,0.0038463494317706533,0.8709721845892535,0.0038462291763698433
7122_at,0.0008334387197249791,0.0008333618927938344,0.0008334973957076283,0.000833429812803765,0.0008333789878980882,0.09170613257947294,0.0008333954490527071,0.0008333636134286429,0.5461746159135712,0.3562853856355462
7124_at,0.0022226451107653037,0.7882545676934571,0.002222970704739797,0.002222508009577568,0.19396425376308632,0.0022227208111752555,0.002222472996804947,0.002222651771690116,0.00222272042316624,0.0022224887155373125
7127_at,0.0016953487514751958,0.17080514969097524,0.1764081103702668,0.0016950685055573437,0.0016952317185947828,0.001695479749846374,0.0016955155435009416,0.6409196958499551,0.0016952268281009385,0.0016951729917273005
7129_at,0.0032259101201498413,0.0032259184362798234,0.003226024151051581,0.0032258692783985092,0.4772375222190381,0.0032259635571653972,0.1154437276122812,0.3847368993185003,0.0032262049326113,0.0032259603745240176
7130_g_at,0.0025641806162151164,0.002564180943537764,0.0025642631004707925,0.0025641545797119476,0.6451314110257297,0.002564213894269451,0.08408723981272759,0.2528316565680237,0.0025644705412972675,0.002564228918016906
7131_at,0.0019238324237407728,0.0019231553728395457,0.021905487128572834,0.00192311456468662,0.06996119632695556,0.0019234319704366616,0.8946698512053226,0.0019231343445454128,0.0019233986791127387,0.001923397983787178
7132_at,0.001370008445519401,0.0013700678090373805,0.13477217892599214,0.0013699540004473416,0.04523067760850626,0.0013702766496810268,0.6074274367609002,0.001370188822379018,0.20434923029595045,0.0013699806815868603
7133_at,0.0021741461645685854,0.34651760231544815,0.3043017252124062,0.038183455194169366,0.002174290044108351,0.056982657864490444,0.002174067637775158,0.002174098423612105,0.24314343322306167,0.0021745239203598086
7135_at,0.007692469456698426,0.007692915753517574,0.007692472063264015,0.0869107358511367,0.8515458984439608,0.007693288193749296,0.007693007283350245,0.007693148192437517,0.0076928399736498395,0.007693224788235641
7137_at,0.03210065336719695,0.002631868476684232,0.4885583502619064,0.0026317528374626364,0.0026328802079203495,0.002631794309834458,0.4609173287744317,0.0026318005662038266,0.0026318822206401094,0.002631688977719404
7139_at,0.001695988646463435,0.0016951646014125542,0.0016955437765742072,0.04120533802360044,0.6597543928256994,0.0016952305265385767,0.2871722778336506,0.0016950623836166333,0.0016952808711670488,0.0016957205112770035
7140_at,0.002273132506497151,0.0022729732966465404,0.002273379870651683,0.0022728874271897657,0.38465436114997914,0.0022734024690694624,0.49516734977595156,0.1042668231257841,0.0022728777145791233,0.0022728126636517294
7141_at,0.0020843402136640848,0.0020838096909139175,0.2229236417708908,0.7604055575379014,0.002083499894573488,0.0020841285430038513,0.0020835833380276015,0.0020840791860096785,0.0020834945640135225,0.0020838652610018207
7147_at,0.9799993119125373,0.0022222971260236297,0.0022223414933336856,0.0022222600896251816,0.0022223334609061834,0.002222306045469877,0.0022222659520398074,0.0022222836371766663,0.002222298998275653,0.0022223012846119628
7148_at,0.0016667911239629295,0.0016668072291496493,0.001666804514054829,0.001666710919936773,0.0016669515719316273,0.001666766250538902,0.31979996285462214,0.5048058767108397,0.1637266335742383,0.0016666952507251465
7153_at,0.0029416101517587396,0.0029417152959451756,0.38030850693250023,0.002941752494049236,0.5961588373158491,0.0029415279663936545,0.0029413276039776644,0.002941417475594594,0.002941759385949626,0.0029415453779820357
7158_at,0.004000255833592042,0.14236243772506305,0.004000623854952877,0.004000213395941856,0.004001680670052538,0.004000318989381599,0.6723554169230891,0.15727821989118718,0.004000410631565197,0.004000422085174641
7159_at,0.0016394010274579202,0.00163948324554605,0.12910776257537937,0.0016394599714993606,0.5314318217823082,0.001639431070956569,0.3279840605625951,0.001639579937031867,0.0016395785769639194,0.00163942125026158
7160_at,0.001612988614501103,0.0016133074500197483,0.13667952880579826,0.0016132904437149054,0.6832981749511909,0.0016131706694834276,0.0016130449130180443,0.1687296216146442,0.0016132842429089275,0.0016135882947204644
7161_g_at,0.001612988614501103,0.0016133074500197483,0.13667952880579826,0.0016132904437149054,0.6832981749511909,0.0016131706694834276,0.0016130449130180443,0.1687296216146442,0.0016132842429089275,0.0016135882947204644
7162_at,0.0250012020338043,0.025000968115839836,0.025000967193211147,0.02500050302084949,0.7749916534386594,0.025001045378897028,0.025001074634931737,0.025000844054809065,0.02500071654430239,0.025001025584695573
7168_at,0.0016671552350090348,0.15160649207274132,0.32538086823435575,0.0016672011742983053,0.046808166090815125,0.36956069754403154,0.0983084265422971,0.001666898595371902,0.0016671456058218136,0.0016669489052580822
7169_at,0.002222269957800167,0.002222480473221232,0.002222375123229122,0.0022223029287442037,0.0022224629698862656,0.00222234385290303,0.31469055868733165,0.002222479119622911,0.6675304078103496,0.0022223190769119394
7170_at,0.0022223739568110585,0.11255457628928499,0.00222230924719262,0.0022226528760012623,0.4296031297269686,0.002222504129874412,0.4422848955286231,0.0022228661334502704,0.0022223840835329024,0.002222308028260666
7171_at,0.22458643893330507,0.002222884466026455,0.7576321954798317,0.0022227282250189876,0.002222957850213481,0.002222557044359755,0.0022227078611352954,0.002222650336451341,0.0022225561521628974,0.0022223236514949444
7174_at,0.002084167602843948,0.002083666842859309,0.0020839681670488746,0.0020834755513959003,0.38894129574080055,0.1479321770947522,0.002083558701085898,0.44854012981308883,0.0020835831550956164,0.0020839773310288925
7182_at,0.001587399387795154,0.001587515788220702,0.0015874981299437896,0.0015873462391902866,0.5650212881010372,0.0015875744626647616,0.0015875110023785119,0.4222790696326609,0.0015873672429138762,0.0015874300131949065
7184_at,0.0016130210683566837,0.001612990494178572,0.0016133673071863372,0.0016134519890917349,0.9020044195679962,0.0016129465010338347,0.001613104973527236,0.0850903665078772,0.001613187330634056,0.001613144260118292
7186_at,0.11386122013136167,0.0012348250335126735,0.0012347305409298448,0.0012349011060492623,0.0012347331397034283,0.07528605731686078,0.7582258667885472,0.00123479875006097,0.0012346498971118856,0.045218217295862256
7188_at,0.017176985915376357,0.0012822633541810194,0.001282149110683286,0.001282108403146983,0.3215775436178788,0.0012822345770076061,0.0012822139597912737,0.6522696681993257,0.0012821333708317093,0.0012826994917770598
7190_i_at,0.6042426865505712,0.0012049471935256916,0.0012049230539422052,0.0012050292410479726,0.0012049172992737022,0.0012049320880000215,0.0012048672087854088,0.0012049081202714753,0.001204879470413891,0.38611790977416827
7191_f_at,0.6042426865505712,0.0012049471935256916,0.0012049230539422052,0.0012050292410479726,0.0012049172992737022,0.0012049320880000215,0.0012048672087854088,0.0012049081202714753,0.001204879470413891,0.38611790977416827
7195_at,0.002857457830071786,0.0028578744436228154,0.06606449834871914,0.002857397683287555,0.3182418937310959,0.0028572699621632223,0.5460543462881671,0.002857424872452487,0.052494635736609715,0.0028572011038104023
7197_at,0.09398921523048215,0.0032265944308123365,0.46344251991359814,0.003226163690576435,0.21911934462714444,0.003226445372690285,0.0032263242831149807,0.1523159730683127,0.0032260809310265246,0.05500133845224209
7200_at,0.0009013006109609174,0.0009009690450278878,0.0009009559327307543,0.606268290590132,0.0009009462505129873,0.3508123921431824,0.0009009368217551258,0.0009009289970015237,0.0009010111479068695,0.03661226846078941
7201_at,0.0025645025505951946,0.0025644763654203884,0.7396271543444403,0.002564388212609743,0.23985669762147477,0.0025645281114019163,0.002564414737941064,0.002564481785251603,0.0025650549053712365,0.0025643013654938498
7203_at,0.0062508102380697365,0.0062507498900894656,0.006250178276562048,0.006250846789908602,0.7669260358063312,0.006250365658142341,0.18306865329990724,0.006251124194436393,0.006250891440286605,0.006250344406266437
7204_at,0.0020002060289231677,0.46651781218133376,0.0020006631871178474,0.0020005096974598006,0.0020006148510807935,0.48760318076105064,0.0020003062675769336,0.002000177099570716,0.0020002687420118625,0.03187626118387448
7205_at,0.0014709300883781694,0.0014706303813627243,0.0014706920354876168,0.03416142627732296,0.5339449783280223,0.0014707925585407883,0.39854594051484454,0.001470759932762063,0.024523220920920213,0.0014706289623586566
7207_at,0.0515795413114397,0.0014928190908924412,0.0014929504784971794,0.0014927167380635604,0.7356271084572766,0.0014929062839102512,0.0014927950408617809,0.20234342203457575,0.0014929776386565618,0.001492762925826233
7208_at,0.00400013256595627,0.04053714375334789,0.004000216813838831,0.004000460765939594,0.9274585111937987,0.004001331039985334,0.004000839237242661,0.00400098670782547,0.004000158718970005,0.004000219203095225
7209_at,0.0024397273283340744,0.0024393140951882173,0.002439462557726202,0.0024390692282908475,0.6315832072012313,0.0024390991294248195,0.06300176758097152,0.28834009256264387,0.002439198148657813,0.0024390621675312897
7211_at,0.0012661301966369657,0.0012662151376356815,0.0012662820542997664,0.0012660368213551348,0.001265917707615239,0.0012659907515346896,0.0012659295110543636,0.9886055644128343,0.0012660108419098365,0.0012659225651239542
7212_at,0.003449036394454581,0.28594655042968053,0.6249401156305846,0.003449353616485545,0.0034488250443819057,0.003449476465498507,0.003448766992274355,0.06497044697509234,0.0034487115031295893,0.003448716948418013
7214_at,0.0009010428093660928,0.0009009444826514688,0.0009011286061209171,0.0009010000367126218,0.0009016246971246895,0.05648321806222171,0.0009011904639414234,0.0009016134290714823,0.6676299209399101,0.2695783164728795
7217_at,0.0009616329105997011,0.0009618146075345082,0.8009981400671573,0.0009616222989037043,0.10646321305471255,0.0009616453572918914,0.0009616889705145756,0.0009616248881093902,0.08580702157495963,0.0009615962702167185
7219_at,0.0011767043649526967,0.17001035855045538,0.1311750645406035,0.0011765996061179618,0.0011766797307888235,0.07465377396940942,0.0011771310903327678,0.6171004994669318,0.001176524864173589,0.0011766638162339497
7222_at,0.0014495474279670982,0.0014495234995783725,0.001449423066827595,0.001449812749723813,0.0014494872754296471,0.0014496198885222493,0.0014494179996525358,0.9869544522014554,0.001449311929364674,0.0014494039614785952
7223_at,0.0010204749332011632,0.0010206425473312207,0.0010205711264988922,0.08256251254657457,0.0657148312605655,0.001020482699110923,0.06606567180651178,0.7795337778183796,0.00102060033496905,0.001020434926857171
7224_at,0.0010989863632335775,0.7562996652052323,0.0010991747430435087,0.0010990460585281153,0.0010990392121020822,0.0010992017794759581,0.0010989441564613607,0.05644364975409522,0.0010992206087899214,0.17956307211903802
7227_at,0.0006623155624772347,0.8736832641189876,0.0006623849800119827,0.04638892095807535,0.0006623670012865807,0.07529110595837336,0.000662550138058096,0.0006623452906631766,0.0006623771523964943,0.0006623688396701396
7228_at,0.004546731890131308,0.004546199411349513,0.2029458165485252,0.004545997894747907,0.7606840734112227,0.004546783623167603,0.004546302899162674,0.004545992401015997,0.004546027908896011,0.004546074011781406
7229_at,0.00555648773623293,0.005557549588683465,0.0055575641000725155,0.005555814470199529,0.8622682215700339,0.005556357995801671,0.09327963422490522,0.005555965903025982,0.0055565913861634585,0.005555813024881149
7230_at,0.0021739792638500294,0.0021746474820388963,0.19641200075931833,0.0021743068498371004,0.43253808980622777,0.002174061566637896,0.2520328266004672,0.10597167657049529,0.0021744453450527564,0.00217396575607471
7231_at,0.001064085759587753,0.4471429218324465,0.0010641067836152382,0.0010640069931917271,0.0010641520407473062,0.0010639651045931163,0.0010642952780072574,0.5443444024544197,0.0010641197639522043,0.001063943989439083
7232_at,0.0019609383385047934,0.001960904749647989,0.00196125868614469,0.0019608499977912535,0.19068734636140494,0.001960858830682204,0.0019610356734282774,0.031930472143845354,0.05621957918218926,0.7093967560363612
7233_at,0.04821839967676359,0.0011765938879114539,0.10662458384133036,0.001176624505673217,0.0011765850446675175,0.03247081327900468,0.0011765618770998775,0.0011765461054635885,0.225700794715365,0.5811024970667207
7234_at,0.6719510327324878,0.047625265143089165,0.0013701688955003951,0.27083199331170865,0.00137002124724354,0.00137013502100389,0.0013699997803891851,0.001370113484224858,0.001370307921639128,0.0013709624627132589
7237_at,0.7365772459431084,0.0025000573895893954,0.002500086165722795,0.0025000343164044083,0.0025000976644936257,0.057987130872141024,0.18793506423106365,0.0025000764865353306,0.0025000688482641822,0.0025001380826772186
7239_at,0.0017859561882471702,0.06325010434863705,0.0017860110603637183,0.4691409680582026,0.0017859115467119906,0.20954860023821903,0.0017858620330753999,0.0017858114656430963,0.001785815411656016,0.24734495964924394
7241_at,0.0014495941922772438,0.0014497921847049934,0.3536872324927411,0.001449821511779256,0.0014494235336940935,0.0014495991277022728,0.0014495251496741898,0.6347163045675266,0.001449348957845607,0.0014493582820547422
7242_at,0.0016398276634637017,0.00164013593664174,0.0016399403134156325,0.0016395935758038217,0.1399827525403017,0.0016394554642984456,0.0945064639500935,0.7239331447526978,0.0016396622926898956,0.03173902351059368
7244_at,0.5098574932582849,0.0023822299741972294,0.0023814391161061537,0.031828315452605685,0.0023816918809856777,0.002381336100692573,0.2184565905265461,0.22556862375367898,0.0023811368719464762,0.002381143064956299
7245_at,0.0009434754884621896,0.5292976873732982,0.0009436054437653196,0.029910032753675053,0.0009435519571299489,0.23960856074037282,0.0009436579612219325,0.19552225157911698,0.0009437245741837631,0.0009434521287739037
7250_at,0.0010205345085299805,0.3462003522168932,0.42903808545267536,0.10260796744529067,0.0010204864898036346,0.0010205799449597528,0.0010205079081710444,0.0010204913374026658,0.11603047853793373,0.0010205161583400682
7251_at,0.0013890705427963747,0.0013893669296544057,0.001389251634484907,0.0013891133716293475,0.001389111423539896,0.0013892213606089981,0.17540412225952498,0.0013889932438944433,0.60231515053141,0.2125565987024566
7252_at,0.1900751245653106,0.002222719936068244,0.002223094382799269,0.0022226944634977925,0.31667861957667465,0.00222245433167402,0.0022226064104979458,0.002222807080344573,0.4776873997447642,0.00222247950836873
7253_g_at,0.1900751245653106,0.002222719936068244,0.002223094382799269,0.0022226944634977925,0.31667861957667465,0.00222245433167402,0.0022226064104979458,0.002222807080344573,0.4776873997447642,0.00222247950836873
7254_at,0.3169378150249343,0.0027032589702654587,0.0027036286367676473,0.002703189892282287,0.002703184443693366,0.0027029964225250185,0.0027030780355206552,0.0027031566851099063,0.6614366778340032,0.002703014054898384
7255_at,0.0015630410610190618,0.0015627119672800918,0.0015627766779584295,0.0015627937664531638,0.0015625891637915006,0.9859348538767861,0.0015627626289920057,0.001562671187727415,0.0015629661620438077,0.0015628335079484262
7256_at,0.20256243297398552,0.0015153323430781708,0.0015153687989518667,0.001515350324153229,0.0015152356105639796,0.4868846001175695,0.2999457653727037,0.001515252662422687,0.0015152942909381721,0.0015153675056330924
7257_at,0.17239995966586563,0.0014087177654607949,0.0014090312478361182,0.1161446043269733,0.001408769277066944,0.0014091131950094515,0.19808938624609806,0.001408531928343873,0.5049125987645537,0.0014092875827920223
7258_at,0.6068004169975755,0.0029415613658774703,0.00294129094755011,0.002941864767971584,0.0029421919070144456,0.10840993871305281,0.2641987825079646,0.002941314396066672,0.002941266788559468,0.0029413716083674774
7259_at,0.0006494805696444012,0.0006494511800607778,0.0006494362872673705,0.6398830982552404,0.0006493936400678915,0.3360618695904129,0.0006494178634009659,0.0006493817520915987,0.000649479263982238,0.019508991597831316
7260_at,0.001190689831793256,0.1278314896203295,0.7345150614586953,0.001190739368385911,0.07798481092368661,0.0011908996555878776,0.0011906357294974475,0.05252418946893856,0.0011907455316019786,0.0011907384114837162
7262_at,0.0013333611618336913,0.0013334996989274545,0.0013334908552803516,0.0013333957429552772,0.0013334179187022067,0.0013333667249455666,0.19025653929071654,0.001333384473319686,0.7990761855604819,0.001333358572837407
7266_at,0.0006135501245966963,0.41368719071022453,0.07209943874674034,0.21608843387779758,0.0006135805566111611,0.23712025732649164,0.0006135665869839445,0.0006135544725808033,0.0006135516174454119,0.0579368759805281
7267_at,0.012500331036387523,0.012500206010416504,0.012500220395623764,0.012500099579751582,0.8874945073146624,0.012500279415173933,0.012501195756634975,0.012502744781143271,0.012500144971262825,0.012500270738943343
7268_at,0.000990495940982017,0.0934275382542255,0.0009902178514440132,0.5401581956036254,0.000990223099789585,0.35948254550407993,0.0009902215172645581,0.0009901827313191275,0.0009902097210005654,0.0009901697762690449
7269_g_at,0.05783365236812348,0.08329498989624913,0.0007463731985114166,0.4331354782464472,0.0743475923831405,0.3476563075284636,0.0007464401326044559,0.0007464699298121807,0.0007463705900026417,0.0007463257266455651
7270_i_at,0.0010639856805214948,0.06369183199296262,0.0010640217767736032,0.4678488944705852,0.20118887336629693,0.2608866060569517,0.0010639351226975973,0.0010639941378887874,0.0010639477402029421,0.0010639096551190547
7272_at,0.0012821213147694059,0.0012821352033959381,0.0012822211194761545,0.001282168374367653,0.0012823128333077929,0.03174540444334862,0.8348340655096153,0.12444525880950501,0.0012821585680969582,0.0012821538241172305
7273_at,0.0029412691168386115,0.002942024921702739,0.33350394484299184,0.00294133694190373,0.2784953929085966,0.002941224248084294,0.11342307468212866,0.11589760559381074,0.14397291015980213,0.002941216584140719
7275_at,0.00250030736820584,0.002500403904921781,0.49854753461826884,0.0025001686135727344,0.0025003510726384895,0.2174030077289564,0.0025001312712576627,0.0025001675049763296,0.2665474262443871,0.002500501672814783
7277_at,0.007142935854776719,0.007142962922546962,0.007142971324099899,0.007142894517272909,0.935713191958323,0.007142965042597229,0.007142975194330166,0.00714311057637659,0.007143032854641331,0.007142959755035193
7278_at,0.0007937472660756356,0.39543520048429515,0.0630866689339505,0.09928288584212125,0.0007937779813364452,0.044018700426096,0.03377141374991752,0.3612301502719371,0.0007937482179472479,0.0007937068263233235
7280_at,0.010000386296369446,0.010000258664165849,0.010000763196413302,0.010000149789222897,0.7030479664504052,0.010000388929926548,0.21694731383197163,0.010002030946149171,0.010000180884593457,0.010000561010782465
7281_at,0.0009260393216662055,0.5529427459919624,0.04590427709608302,0.02602989109413874,0.0009263879099506333,0.15236203267427173,0.0009260132613756581,0.000925997987763318,0.21813050495156153,0.0009261097112268211
7282_at,0.3577803308781435,0.0016397371517003151,0.5756487701244343,0.0016397804198039511,0.05509352045164102,0.0016395306485595528,0.0016395832378034328,0.00163963653823171,0.0016396149438826738,0.001639495605799621
7284_at,0.05805236316947566,0.002041159118634729,0.002041597283000741,0.002040996295752479,0.002041135247260321,0.0020411987103700385,0.0020416888484220924,0.0020411252890224305,0.7772892560557331,0.15036947998232836
7285_at,0.004167074647134928,0.2725358473288233,0.004167673320681811,0.3928973783159045,0.3053934321588472,0.004168062147916049,0.004167925916155279,0.004167794818422548,0.004167387539071795,0.004167423807042668
7286_at,0.005882570295187738,0.005882485592632736,0.005882561646183198,0.005882479094031013,0.9470557544271457,0.005882481241956033,0.0058829435744057,0.00588337448551204,0.005882788621645957,0.005882561021299825
7287_at,0.012500331036387523,0.012500206010416504,0.012500220395623764,0.012500099579751582,0.8874945073146624,0.012500279415173933,0.012501195756634975,0.012502744781143271,0.012500144971262825,0.012500270738943343
7289_at,0.0009435401543812643,0.1004550906115117,0.0009434936314426368,0.8779585518180896,0.0009436597962343451,0.0009435703791175682,0.0009434718199479654,0.0149817134377107,0.0009434739264300004,0.0009434344251341711
7290_at,0.036593069220916555,0.0020834846480556448,0.0020836806122485627,0.025075107543276277,0.8561420923399679,0.0020834374560266783,0.0696885562225963,0.0020835293365612803,0.0020836855948030194,0.0020833570255478404
7293_at,0.03531134704209434,0.0015386535676434907,0.0015388512670077477,0.001538650269325236,0.8370418102693215,0.11687552611957462,0.001538761816486348,0.0015388166795661015,0.001538770555893011,0.0015388124130877832
7294_at,0.003448817133059228,0.4131377736704391,0.0034500171408094935,0.003448457825568385,0.5592688548349558,0.0034515009181541587,0.0034485537095244176,0.003448653945433945,0.0034486520164904912,0.0034487188055648712
7295_at,0.002941340340817768,0.002941747240765346,0.938125362070272,0.0029415581188198385,0.0029416343499573294,0.0029415597807650323,0.0029413733473488313,0.0029416293222733285,0.002941510550465078,0.0383422848785156
7296_at,0.0008000704983733928,0.48508934770993195,0.14646006413954246,0.06558859477169791,0.0008000626789900575,0.10037451870118513,0.0008002705039189739,0.000800079561623769,0.19848692935273585,0.0008000620820005187
7297_at,0.0025001204849599504,0.002500222921039459,0.3987210819070315,0.002500536652705133,0.002500678189220214,0.002500263910449111,0.002500319652715293,0.548973954677136,0.03480257345426118,0.002500248150482155
7298_at,0.002777884107228607,0.0027779955285055285,0.43443878762979393,0.0027780549568184095,0.0027787924300323643,0.002777989188255221,0.0027781668580707584,0.5433361675496331,0.0027780443092351283,0.0027781174424270556
7299_at,0.009091134025399801,0.009092160153028269,0.19983640274030937,0.00909108662297005,0.7274314871578176,0.009091570238299406,0.009092661392044225,0.009091499582104185,0.009090993295700466,0.009091004792326723
7300_at,0.0017243865650024464,0.0017248334484546413,0.001724536167621487,0.001724364755100866,0.15025322198788288,0.001724590396530172,0.0017243726511267377,0.8359508861115956,0.0017244185133205193,0.0017243894033646516
7301_at,0.0020001464601927467,0.07119159588245327,0.0020002333227440933,0.002000213602753299,0.7618913615347174,0.002000392549631853,0.1529152340100698,0.0020006585155467505,0.0020000953756732715,0.002000068746217592
7302_at,0.0020001464601927467,0.07119159588245327,0.0020002333227440933,0.002000213602753299,0.7618913615347174,0.002000392549631853,0.1529152340100698,0.0020006585155467505,0.0020000953756732715,0.002000068746217592
7303_at,0.9062079021628638,0.060496796232642064,0.001000363775567005,0.0010002056731211871,0.0010000612784220636,0.02629433450957572,0.0010000704639077991,0.0010000465144135236,0.0010000463922408382,0.0010001729972460875
7304_at,0.0012822613495688433,0.091785069514287,0.21734441412840907,0.0012821476161153536,0.00128225705929278,0.001282703350660668,0.0012821838161294,0.6818939004967421,0.001282867508842916,0.0012821951599517071
7306_at,0.0013889289503474069,0.4329145831299245,0.0013890861611954304,0.016715886981844116,0.4790484144412796,0.0013891737439116847,0.0013891097309051068,0.001389092544112162,0.06298591763407078,0.001389806682409354
7307_at,0.0008131236380599278,0.0008130369199820429,0.7557239184515843,0.00081303046229988,0.0008131462837081772,0.0008130470126431004,0.1454869494880043,0.09309754244347548,0.0008131357269954278,0.0008130695732474312
7309_at,0.0012049222049740748,0.001204877726190203,0.001205036058977704,0.0012048630994424426,0.1025354372879547,0.0012048538357622156,0.6196268205068552,0.2445739921884315,0.02603376244556283,0.0012054346458491801
7311_at,0.0014085257350195484,0.0014085967034904432,0.001408619034343576,0.001408493505639885,0.24586520880336105,0.0014086282337207317,0.001408626747766366,0.7428662472449151,0.0014085132406147823,0.0014085407511284997
7312_at,0.0018871015256113788,0.0018871890137940727,0.22964389871016364,0.019789600953487196,0.0018874549444334327,0.0018870883431873341,0.7373563454229833,0.0018872350242665936,0.0018871344820638161,0.0018869515800091644
7313_at,0.0021744974283429263,0.6403078802317259,0.05728254999452758,0.0021744014738371963,0.18158895551544713,0.10777470453648451,0.00217419459903459,0.0021742362931913943,0.0021743178964914647,0.002174262030917389
7314_at,0.002500165380623688,0.002500466312496718,0.44005802731891114,0.002500648759235344,0.0025004065570199715,0.0025002664125368143,0.49227740945265014,0.0025002762564837384,0.05016213408617611,0.002500199463866402
7315_at,0.004166796863434327,0.004166898541867289,0.004166806530179895,0.004166740322301586,0.23886680999225612,0.0041668428474442255,0.7277961594195052,0.004169089060789774,0.00416703187328772,0.00416682454893392
7316_s_at,0.7641771309920434,0.001190555397866065,0.0011905495041625593,0.00119055667329617,0.0011906139468278666,0.0011905599546996758,0.0011905428591920326,0.0011905806965469541,0.0011905307157947403,0.22629837925957058
7319_at,0.012500331036387523,0.012500206010416504,0.012500220395623764,0.012500099579751582,0.8874945073146624,0.012500279415173933,0.012501195756634975,0.012502744781143271,0.012500144971262825,0.012500270738943343
7320_at,0.002128107571475276,0.002128161519611722,0.0021284506841920832,0.0021284259131746142,0.4379218660343872,0.05114090051027797,0.21168990754958877,0.28647826944285787,0.0021280606886615577,0.002127850085772884
7321_at,0.012500246799453114,0.012500727357275086,0.01250041979891992,0.012500157867986238,0.8874967389489563,0.012500211327132247,0.012500345854444537,0.01250032085948368,0.012500652965174368,0.012500178221174532
7322_at,0.0018870147450737484,0.06352043952086882,0.0018871588584901252,0.0018869385295780178,0.24786932115029767,0.001886926322226644,0.3280248748029884,0.3492635778864005,0.001886915416550387,0.0018868327675257484
7324_at,0.0027029066488155336,0.0027031374626515347,0.28763829539598607,0.0027028760575665864,0.201900987840936,0.002703178062169516,0.4915391462539889,0.0027032699492251884,0.0027033821866248946,0.0027028201420356605
7325_at,0.0015154625516340479,0.309843026788392,0.0015156257393726439,0.00151558901933469,0.0015157047977463326,0.5513820217735208,0.0015152987226503822,0.0015153457438676161,0.0015154796107708683,0.12816644525271054
7327_at,0.0016667905022317686,0.9849956978975443,0.0016669004757097563,0.001666765651531547,0.0016679688233354546,0.0016668168122788369,0.0016673895785063897,0.0016681087607755317,0.0016668352272426268,0.0016667262708438917
7329_at,0.003448669108206795,0.1856598772113596,0.003448605331738569,0.0034484790238091816,0.6166496313175838,0.0034484553417822306,0.003448687642833945,0.1735506697921526,0.0034484871048072593,0.003448438125725964
7331_at,0.0028572980624123165,0.002857744836206341,0.0028580281977638234,0.26967899668526113,0.06248227940841982,0.002857491230729701,0.002857557371314671,0.0028576900648715703,0.6478356759008679,0.0028572382421528037
7334_at,0.0019231357227645625,0.0019232456416579792,0.0019236635553075599,0.0019231919842780945,0.0019234993918011121,0.0019231599925165692,0.0019232562624173337,0.9826904010220568,0.0019233137885795557,0.001923132638620428
7337_at,0.001351669165925113,0.001351633654006072,0.0013515356226202423,0.0013514987495808761,0.06395600807882418,0.0013515974361925209,0.4831049592906126,0.4434781939014168,0.001351489972071018,0.0013514141287506128
7338_at,0.247918247372603,0.0016131980241491347,0.7391758236735155,0.0016131561731457067,0.0016133574647547396,0.0016130631772076946,0.0016132481439622356,0.0016133135358672643,0.0016135570988188104,0.001613035335975713
7339_at,0.0014493541205880013,0.0014495379755195738,0.0014496135146499281,0.12259183474410648,0.0014495314168074217,0.0014494551947279069,0.8658121551974034,0.0014494376585932284,0.0014497031706719584,0.0014493770069320345
7341_at,0.0023259471353934877,0.9790673979193701,0.002326039983406977,0.002325697605453813,0.0023258867631352933,0.0023259200304347567,0.002325757221461011,0.002325755348795805,0.0023259491587595852,0.002325648833789236
7345_s_at,0.9884607239086335,0.001282166226751535,0.0012821759714125496,0.001282148357030792,0.0012821144749216769,0.0012821753533253973,0.0012821067854500488,0.0012821136273085379,0.001282134649368406,0.0012821406457976952
7347_at,0.0013891532754222002,0.0013890250863148352,0.001389044559132182,0.9072200008785866,0.0816677207744766,0.0013889819508163526,0.0013890088453953383,0.001389033797540956,0.001389050476402579,0.001388980355912445
7348_at,0.0013335608220602297,0.0013335593730866703,0.0013336611192522607,0.1956307286912855,0.0013335334810934266,0.3888048199996743,0.0013334513293205826,0.06483828440944389,0.13694226985304805,0.20711613092173506
7349_at,0.0025645869272880304,0.0025643021537824573,0.0025648738662413023,0.038496163941473475,0.0025647675211538236,0.0025642736499248446,0.5467186246591667,0.07171147501263217,0.3276867733521578,0.0025641589161794903
7350_at,0.0014495377392585872,0.15857301085625883,0.0014497788470116347,0.0014496590768235842,0.6947412659944621,0.0014494687177850534,0.0014495001220086595,0.136538569336126,0.001449557223504279,0.001449652086761221
7351_at,0.0011113099847826048,0.0011112595310658559,0.001111264371822163,0.001111252980589473,0.001111425516127146,0.0011112378126113083,0.5310649689925013,0.460044892666727,0.0011112238265330288,0.001111164317240271
7352_at,0.0010639748071962002,0.8477354003812133,0.0010639664839938322,0.001063928117402145,0.0010640824515911103,0.14375300106254416,0.0010639078504125743,0.0010639061441006302,0.001063949857159313,0.0010638828443868312
7353_at,0.0011366834219075582,0.0011368375002574265,0.0342234513823556,0.5084961099306726,0.0011365281782878673,0.4493243572346201,0.0011364643734717518,0.0011365712774311135,0.0011365051175323208,0.0011364915834636458
7354_at,0.19676161820370117,0.49068463472621565,0.10942293245114897,0.0009805216939552136,0.000980588340182269,0.0009806654108874603,0.000980498542021401,0.19724754980801562,0.0009804641692708548,0.0009805266546013694
7355_at,0.0016667684010220744,0.0016669095660464756,0.08764531552670386,0.4062489086038362,0.0469101662772433,0.3879862678788371,0.0016668692045671244,0.001666823478124217,0.06287515435471264,0.0016668167089069587
7357_at,0.0010990975373148856,0.0010990234526711674,0.0010991866576288121,0.0010989614383908183,0.0010990178127993368,0.0010990465934508922,0.0010989381909312728,0.001098943836310033,0.0010990492199141853,0.9901087352605886
7358_s_at,0.06399618914291512,0.2775698008987943,0.0010418250986512943,0.28304411087216363,0.001042000960356779,0.2843590828177731,0.001041777732950569,0.0010417836118620924,0.0010417929466276165,0.08582163591790552
7359_at,0.042641810905623266,0.1025932647422239,0.0016955712383636481,0.1513009520204003,0.0016953738247866433,0.5216463341615485,0.0016950640365318607,0.0016952176126603144,0.001695121415530094,0.1733412900423314
7361_at,0.0023816848879805895,0.0023816775968171578,0.46919871304629185,0.0023811907254505035,0.3548474538038479,0.002381210496255906,0.09887233687541565,0.06279315178894693,0.0023815150083984576,0.0023810657705950404
7362_at,0.0018518899635600466,0.0018519856039424867,0.0018520654357870548,0.0018518768065658435,0.868929370125711,0.0018518785172843644,0.0018520483117638782,0.11625482548840187,0.0018521217109115893,0.001851938036071732
7363_at,0.002564203456026517,0.0025643466078795973,0.0025643239778300898,0.002564323721450859,0.0025646871490033313,0.002564356061673741,0.6766410117011984,0.0025644223372152004,0.3028440979173292,0.002564227070393227
7364_at,0.0010205341827571105,0.001020519037311627,0.001020525796235589,0.0010204511911625907,0.9139449735653281,0.0010205920205798307,0.0778908457335171,0.0010205610287213592,0.0010205193308058292,0.0010204781135807355
7365_at,0.001666826102756302,0.001666894372662976,0.001666888942698799,0.0016668301752898124,0.7821977665034826,0.001666817709610695,0.0016668343455489218,0.20446761836280683,0.001666781896969042,0.001666741588173867
7366_at,0.005264014969172515,0.952621297748927,0.005265293124017295,0.005263897079972934,0.005265189899685099,0.0052637918985965594,0.005263964643832266,0.005264168811188478,0.005264188271665345,0.005264193552942586
7368_i_at,0.02003662893983643,0.2790285506019422,0.0007693760225657455,0.0896690602122132,0.0007693854534070123,0.3361167329547069,0.0007693000125728055,0.000769362210354402,0.0007693113456459341,0.27130229224675545
7369_s_at,0.02003662893983643,0.2790285506019422,0.0007693760225657455,0.0896690602122132,0.0007693854534070123,0.3361167329547069,0.0007693000125728055,0.000769362210354402,0.0007693113456459341,0.27130229224675545
7374_at,0.0016667675174181673,0.28646035898619426,0.0016668150087068663,0.00166678557800889,0.0016670423901980437,0.7002053205585703,0.0016667336505350962,0.0016667247408132296,0.0016667218335466227,0.0016667297360084595
7375_at,0.0012502539134084114,0.001250162590320115,0.03816385183120476,0.0012500509214711426,0.0012502665450445584,0.0012500300687509375,0.5268353760212626,0.426249838477363,0.0012501475312276691,0.0012500220999469452
7376_at,0.01000091677438805,0.01000170844455177,0.3456660664516002,0.010001633263084685,0.5743239583764629,0.010001752033473464,0.010000367007143603,0.010000273978452295,0.010001273510845928,0.010002050159997163
7377_at,0.2624013278820619,0.003333966202716347,0.0033337448900009918,0.0033344627559702003,0.37390493425725635,0.0033337438272695386,0.0033334664176710776,0.0033334749612366796,0.0033334211539321193,0.34035745765188485
7378_s_at,0.9503356761974526,0.0011766653016063102,0.0011765383783211103,0.001176511564218525,0.04025172114460908,0.0011765209893647018,0.0011766151279131666,0.001176533604704681,0.0011766521518857714,0.0011765655399242267
7383_at,0.06597241629428018,0.0015154988390261841,0.1789448156928365,0.0015154615630664035,0.0015154567336058719,0.0015155720103297216,0.0015155952733749355,0.1190078976606356,0.4092580147237632,0.21923927120908157
7384_at,0.0006803879431126735,0.18682945714271568,0.3498403046458594,0.13100531530387904,0.0006803473744328621,0.1358484858913793,0.0006803363443274256,0.0006803442576225341,0.17838717374761204,0.015367847349059207
7385_at,0.0007693054933808506,0.0007696252499214154,0.540372348891044,0.10250754577279801,0.0007693691408727001,0.0007693294922930912,0.31017957731725615,0.0007693831624157435,0.04232407862628068,0.0007694368537371449
7386_at,0.0010640195451248001,0.0010639879459963964,0.001064051219186715,0.8695678294097919,0.0010639547668557523,0.1056152030605916,0.017369086387095365,0.0010639269531137635,0.0010639648486844005,0.0010639758635592298
7387_at,0.0015386441848791452,0.0015385522645525104,0.0015385926801440256,0.0015384997625214373,0.6707458963095291,0.0015386007905346002,0.0015386823540499517,0.31694537079439006,0.0015385943649817808,0.0015385664944173821
7392_at,0.002857405876271805,0.0028586598836930284,0.20904276413117864,0.0028579879368134295,0.0028582150991724948,0.0028575006638316717,0.7680947180344878,0.0028574324348874303,0.00285801084280039,0.0028573050968634254
7396_at,0.001408482381676972,0.0014085709940378913,0.0014085032700745356,0.0014084869741472648,0.8467308959676616,0.0014084799709241141,0.11191636675323804,0.0314930237271238,0.0014087219543603168,0.0014084680067555462
7397_at,0.005882557083928875,0.005886226014828738,0.005884472485643903,0.35199233150153375,0.4737698057516723,0.005883205644846036,0.005882570183946307,0.1330523882323465,0.005883124839088709,0.005883318262164759
7398_at,0.11823679202620473,0.002084498422229482,0.10474343152626742,0.6133877030169578,0.0020843347702340915,0.002084516627028789,0.002083909902300114,0.0020837157429941006,0.0020837939008040815,0.15112730406497943
7403_at,0.00476212343204732,0.08335635322017443,0.004762206511914965,0.004762206782574971,0.7664486097748919,0.004762216183529571,0.004762424743260398,0.1168595878638647,0.004761976127436319,0.004762295360305585
7404_at,0.014286160030429082,0.014286012299204386,0.014286159513924842,0.014285848357577105,0.8714207236918668,0.014286185694189709,0.01428745420717041,0.014289294076312681,0.014285921394388229,0.014286240734936744
7405_at,0.06968009908735782,0.5240361211560868,0.11089179117624125,0.0017243525321991209,0.08601025371038078,0.0017245750897774382,0.0017243180822972878,0.2007599944427695,0.0017242653198934197,0.0017242294029964872
7407_at,0.001190650927412512,0.001190535679942257,0.001191033754127669,0.001190876271819837,0.0011906039849807826,0.0011906486561561206,0.9120782023070247,0.0783962194377099,0.0011906536896773004,0.0011905752911489022
7411_at,0.0016669571644791974,0.0016667624408808785,0.9110952952006658,0.0016667711600876335,0.0755702018874399,0.0016668065777116034,0.001666825716248866,0.0016668545540470963,0.0016667309390040646,0.0016667943594348294
7413_at,0.0012990268474644795,0.0012990094286524868,0.001298896161498081,0.0012988478435384965,0.11537622721903794,0.0012987864210260282,0.0012988767837366884,0.0012988853718675158,0.87423271462784,0.0012987292953381992
7414_at,0.7287541348916328,0.001960872526490752,0.0019609461906904577,0.0019608571266187874,0.001961165610788999,0.04869606582627207,0.16017677283642268,0.001961374710406985,0.001960888579467805,0.05060692170120862
7415_at,0.13001158669005575,0.09916629179934043,0.0019233967309948312,0.0019232175881248577,0.0019232718582473422,0.0019235037396736052,0.0019233133320700302,0.757358874176342,0.001923155725305762,0.0019233883598454105
7416_at,0.004763109590111849,0.004762634323429798,0.004763336749411241,0.004763036022318782,0.2500131332213215,0.004762652750143865,0.0047623970803930766,0.3039190037080879,0.4127285007724405,0.004762195782341331
7417_at,0.001538986636388369,0.0015387937626269539,0.14097771095564302,0.37663304097131944,0.0015385995238143412,0.471618246776876,0.0015385643518975474,0.0015385191046660945,0.0015387784434602702,0.0015387594733079493
7418_at,0.0016396899498896356,0.001639510564326874,0.001639526664626398,0.001639432211246184,0.0016396016925619124,0.9852443832377553,0.001639449879195031,0.0016395078346546352,0.0016394591823365304,0.0016394387834075931
7419_at,0.002325989507967351,0.002326045178162951,0.0023262930076488443,0.12039572872150264,0.002325810924537655,0.0023262361098379957,0.002325740776233922,0.002326361034935786,0.8609959613279126,0.0023258334112602123
7420_at,0.0827994945843612,0.0012501554427749803,0.0012502380755881122,0.0012502024281655336,0.001250127746708025,0.8582394047463952,0.0012500763764829446,0.050209980238784584,0.0012501510611877132,0.0012501692995517484
7421_at,0.2202720555344298,0.11137963298185405,0.002564812643857631,0.0025647016338721192,0.00256459492525793,0.002564587499884454,0.0025647763085561506,0.002564290614197698,0.6503963713644537,0.002564176493636332
7422_at,0.035242420592124415,0.0013335988479936127,0.8841217383994412,0.0013334858686841816,0.07130120723660008,0.001333436907890967,0.0013335631482746528,0.0013336693742466966,0.001333496212970204,0.0013333834117738757
7425_s_at,0.8124972075128893,0.0012195777110946913,0.0012195753506868761,0.0012195473514963022,0.0012196847046035213,0.0012195617656732406,0.0012195811842013503,0.0012196513697533978,0.0012195492892670137,0.17774606376033422
7426_at,0.014286160030429082,0.014286012299204386,0.014286159513924842,0.014285848357577105,0.8714207236918668,0.014286185694189709,0.01428745420717041,0.014289294076312681,0.014285921394388229,0.014286240734936744
7428_at,0.17511040179817922,0.2425284070042894,0.001282313123129303,0.0012821989063247447,0.0012825755720993909,0.001282211092647708,0.001282218555650124,0.0012823429727644635,0.5733851505714587,0.0012821804034570039
7429_at,0.16471826461679734,0.0032261113612823793,0.809471272769159,0.003225975079274369,0.0032264517571139683,0.0032270983094474003,0.003226771254065159,0.003226082655629569,0.0032260446529782214,0.0032259275442526026
7430_at,0.0017546402127695756,0.0017547079128093813,0.0017546024689315703,0.9842076266907294,0.001755343372749279,0.0017547564217919082,0.0017545330872789041,0.001754533305277267,0.0017547857792022227,0.0017544707484605274
7431_at,0.0250012020338043,0.025000968115839836,0.025000967193211147,0.02500050302084949,0.7749916534386594,0.025001045378897028,0.025001074634931737,0.025000844054809065,0.02500071654430239,0.025001025584695573
7432_at,0.0016130745697575924,0.0016133718101571325,0.14229561764205298,0.0016132775363396766,0.0016132386653665732,0.0016130111534002041,0.40645183839066507,0.43996046221612206,0.001613168455464532,0.0016129395606742252
7433_at,0.0010990960009972467,0.0010991677081537792,0.07148263772435781,0.0010989927312128652,0.0010993751084596803,0.9197240824850015,0.001099195188946653,0.0010991484041563998,0.0010993369238035532,0.0010989677249106096
7434_at,0.012500331036387523,0.012500206010416504,0.012500220395623764,0.012500099579751582,0.8874945073146624,0.012500279415173933,0.012501195756634975,0.012502744781143271,0.012500144971262825,0.012500270738943343
7435_at,0.0017545562218470863,0.5620262060053751,0.001755358972381983,0.001754544682578983,0.3444769468455903,0.08121383967686317,0.0017546331206462918,0.0017547566682848414,0.0017547382899089706,0.0017544195165232139
7437_at,0.0035718892343291515,0.0035716286708780396,0.003571527587759154,0.0035715467481944843,0.4931189750251465,0.003571509449063041,0.47830775010283105,0.0035719757434158994,0.003571657604657732,0.0035715398337249757
7438_at,0.0035718892343291515,0.0035716286708780396,0.003571527587759154,0.0035715467481944843,0.4931189750251465,0.003571509449063041,0.47830775010283105,0.0035719757434158994,0.003571657604657732,0.0035715398337249757
7439_at,0.0013159009006338685,0.41075413058332855,0.41575380621234265,0.0013159162577025955,0.0511313329977742,0.07916705288579622,0.0013159651208744525,0.03661402735348547,0.0013159838456920923,0.001315883842369972
7440_at,0.0020412066877437225,0.22624833876221698,0.47190076535382125,0.0020412473532306764,0.0020414389929707785,0.0020411465341673937,0.16862812233387756,0.0020412094957054953,0.12097559009807918,0.002040934388187051
7442_at,0.0026320047974630043,0.0026321133955572195,0.6962800917716689,0.0026319803907373087,0.08146852765315173,0.0026318266636567492,0.002632577498891237,0.0026320309865158383,0.2038268512746084,0.002631995567749577
7446_at,0.012500331036387523,0.012500206010416504,0.012500220395623764,0.012500099579751582,0.8874945073146624,0.012500279415173933,0.012501195756634975,0.012502744781143271,0.012500144971262825,0.012500270738943343
7448_at,0.9269312854243473,0.0022728431700526097,0.002272863155987462,0.0022730371917049617,0.0022736644007922803,0.0022741990939731806,0.0022728163370333175,0.002272908233025656,0.002272811466967667,0.05488357152611561
7451_at,0.7154789127400393,0.002000141903343649,0.002000170770034899,0.0020000786786715193,0.0020001053629943137,0.08095114082034045,0.18956903675427988,0.002000143689893705,0.002000074394628666,0.002000194885773552
7454_s_at,0.9301457616006642,0.0017243933233611578,0.056059193176621655,0.001724523719382882,0.0017242434819934535,0.0017243708615043948,0.0017243514129083655,0.001724297837815466,0.0017244204175682104,0.001724444168180223
7455_at,0.008333538089948408,0.008333956118989622,0.008333701616242792,0.008333422077858492,0.9249953851442205,0.00833353818896557,0.00833357127106531,0.008335465401275244,0.008333952972159475,0.008333469119274645
7459_s_at,0.001724188616455539,0.0017242430705192025,0.0017241899124455587,0.0017241629035123901,0.9844819738823005,0.0017241645788931511,0.0017242727419523364,0.0017243324419976783,0.0017243020375932343,0.001724169814330402
7460_at,0.0016393915996206147,0.0016394473582945106,0.0016393982429770593,0.0016393696808325016,0.9852450827481098,0.001639373779452833,0.0016394750716957351,0.0016395296636302625,0.0016395559122882471,0.001639375943098437
7461_at,0.007693194175199002,0.007692775733044395,0.00769249574963574,0.0076924277284365,0.6879347349588685,0.00769252873318476,0.11803847152795566,0.14017812870427823,0.007692473471605901,0.007692769217791351
7462_at,0.15056886309207837,0.00208368707645096,0.0020837744810486805,0.0020834533455371547,0.0020835726768027346,0.14547046015515067,0.25088196042197297,0.00208348497979513,0.44057723385240766,0.002083509918755855
7464_at,0.0007520187842331398,0.09567040632722007,0.0007520780575719986,0.0007519653130727457,0.07250670890659161,0.055266841736517525,0.0007520562371141407,0.760926275296675,0.0007519550284896119,0.011869694312514494
7466_at,0.025000000007264465,0.025000000005200706,0.0250000000055802,0.7749954358832255,0.025000000005157393,0.025003842794577246,0.02500036681601635,0.025000354459486306,0.02500000001447456,0.025000000009017337
7471_at,0.025000000007264465,0.025000000005200706,0.0250000000055802,0.7749954358832255,0.025000000005157393,0.025003842794577246,0.02500036681601635,0.025000354459486306,0.02500000001447456,0.025000000009017337
7474_at,0.03333591443775885,0.0333351320329776,0.03333918371261637,0.03333441336691523,0.69995607732382,0.03334598028509558,0.033335640885258117,0.03333514572200025,0.0333348718912377,0.0333476403423203
7475_at,0.03333591443775885,0.0333351320329776,0.03333918371261637,0.03333441336691523,0.69995607732382,0.03334598028509558,0.033335640885258117,0.03333514572200025,0.0333348718912377,0.0333476403423203
7478_s_at,0.008333968525389219,0.11632988089159631,0.008333943199773885,0.008333726772403205,0.8169961260459961,0.008335739420711297,0.008334653364847733,0.00833387318695181,0.008334244934799407,0.008333843657530867
7479_at,0.0034488444853076803,0.0034491344472836506,0.0034494484218179017,0.00344860602346954,0.22118027539180743,0.0034493431947605424,0.7512281653163204,0.003448529382940258,0.0034492066908376386,0.0034484466454548332
7480_at,0.0018188908392793917,0.0018185209857551077,0.0018185295007997798,0.0018182968209131387,0.0018185725161101922,0.001818465395587489,0.0018183215228878603,0.9836338623133547,0.001818294232587785,0.001818245872724617
7484_at,0.001639552299471373,0.0016394405260332342,0.0016396194883517797,0.00163940995477457,0.15845462038778138,0.001639720076986284,0.0016396617218243502,0.8284290467048913,0.0016394340085500957,0.0016394948313354961
7485_at,0.002439529694423787,0.0024398356715164674,0.45136797215461966,0.04017367105773055,0.27851103043457054,0.002439359625155877,0.0024392712666197855,0.21531085069226033,0.002439308328266149,0.0024391710748368563
7486_at,0.008333470861419398,0.008333421022343383,0.008333425006063768,0.008333374706449707,0.9249964920974956,0.008333449417361345,0.008333988468231064,0.008335539042862926,0.008333393564703761,0.008333445813069133
7487_at,0.0005051161602231072,0.0005050862552630821,0.7384561740770789,0.0005050995650806128,0.0005051238610469801,0.0005050806661804247,0.18422618712081662,0.07378186307058116,0.0005051834279765733,0.0005050857957524701
7490_at,0.025000000007272778,0.02500000000519422,0.025000000005586234,0.7749975269471858,0.025000050385077965,0.025001007750715724,0.025000213986619228,0.025000092251465714,0.025000000005074338,0.025001108655807958
7491_at,0.025000000007264465,0.025000000005200706,0.0250000000055802,0.7749954358832255,0.025000000005157393,0.025003842794577246,0.02500036681601635,0.025000354459486306,0.02500000001447456,0.025000000009017337
7494_at,0.025000000007264465,0.025000000005200706,0.0250000000055802,0.7749954358832255,0.025000000005157393,0.025003842794577246,0.02500036681601635,0.025000354459486306,0.02500000001447456,0.025000000009017337
7499_at,0.025000000007272778,0.02500000000519422,0.025000000005586234,0.7749975269471858,0.025000050385077965,0.025001007750715724,0.025000213986619228,0.025000092251465714,0.025000000005074338,0.025001108655807958
7501_at,0.025000000007264465,0.025000000005200706,0.0250000000055802,0.7749954358832255,0.025000000005157393,0.025003842794577246,0.02500036681601635,0.025000354459486306,0.02500000001447456,0.025000000009017337
7505_at,0.025000000007272778,0.02500000000519422,0.025000000005586234,0.7749975269471858,0.025000050385077965,0.025001007750715724,0.025000213986619228,0.025000092251465714,0.025000000005074338,0.025001108655807958
7506_at,0.0062500675228611795,0.006250073678841666,0.0062500367694497475,0.1939580860326438,0.756039041490264,0.0062502806265205555,0.0062505834777656375,0.006251381931757863,0.006250167349759767,0.006250281120135729
7514_at,0.025000000007264465,0.025000000005200706,0.0250000000055802,0.7749954358832255,0.025000000005157393,0.025003842794577246,0.02500036681601635,0.025000354459486306,0.02500000001447456,0.025000000009017337
7525_at,0.025000000007264465,0.025000000005200706,0.0250000000055802,0.7749954358832255,0.025000000005157393,0.025003842794577246,0.02500036681601635,0.025000354459486306,0.02500000001447456,0.025000000009017337
7533_at,0.025000000007264465,0.025000000005200706,0.0250000000055802,0.7749954358832255,0.025000000005157393,0.025003842794577246,0.02500036681601635,0.025000354459486306,0.02500000001447456,0.025000000009017337
7537_at,0.025000000007272778,0.02500000000519422,0.025000000005586234,0.7749975269471858,0.025000050385077965,0.025001007750715724,0.025000213986619228,0.025000092251465714,0.025000000005074338,0.025001108655807958
7538_at,0.0008773431828328137,0.0008773283028503542,0.0008773252052098547,0.6661117805094551,0.000877301385626782,0.2855919512155042,0.0008772755610977807,0.0008772718193007629,0.0008772836060242715,0.04215513921209817
7539_at,0.03732038366287503,0.0009259730768440604,0.0009260244723834637,0.5642777019625013,0.0009259537532488929,0.37165223290718685,0.0009259616465465309,0.0009259457539208393,0.0009260352321090641,0.02119378753238408
7542_at,0.0019236345296903944,0.0019232512272474684,0.001923388022336756,0.4873183939685793,0.0019231882832371533,0.49729509742386596,0.0019231627189204017,0.001923124497098701,0.0019233514876587816,0.001923407841364975
7543_at,0.001020451831106961,0.0010204655928158204,0.0010207805264661784,0.02636365386165852,0.001020530558035677,0.0010205819616682806,0.900490409611528,0.0660021256162728,0.0010205532156309187,0.001020447224816932
7545_at,0.0023259429479367344,0.0023262282064036677,0.0023262458780269955,0.002326446115044453,0.0023264567106817315,0.002326100264521428,0.0023259403392033853,0.0023258182311076264,0.3700253582996167,0.6113654630074574
7551_at,0.0018520177542725718,0.0018520471072211166,0.001851995099825206,0.001851966796458119,0.0018524771589409216,0.0018519346940839131,0.0018521259340829402,0.9833315809271299,0.0018519443533046409,0.0018519101746807222
7552_at,0.0008064989575049858,0.0008065350390617927,0.0008065735857401012,0.992741260072678,0.0008065278445291823,0.0008065318394042115,0.0008065265457832507,0.0008065078913540418,0.0008065242037139498,0.0008065140202304712
7553_at,0.0038465843763928246,0.003847085852905401,0.0038473070272279962,0.25102259525521414,0.2700728849966234,0.0038472526561475887,0.4519756210949739,0.003847128305758976,0.003847007175021146,0.003846533259734651
7556_at,0.002041161806269165,0.0020410550292483923,0.0020409882881797215,0.11383569272134167,0.002041016412441143,0.0020411905845577226,0.8698359962143092,0.0020410342724374816,0.002040834598467131,0.002041030072748472
7557_at,0.0066667765590732566,0.0066666919550744125,0.00666691845765901,0.20279035174896146,0.7438726662140237,0.006667070860970009,0.006667451560237901,0.006668141623411198,0.00666683782469483,0.0066670931958942
7561_at,0.7262951838448526,0.05003771978015279,0.0009806516853423219,0.08898129892158443,0.0009804732781426761,0.12880151830363737,0.0009808434954954102,0.0009811418014721326,0.0009806356665852684,0.0009805332227348822
7562_at,0.0015152510347168943,0.4922801251735925,0.2471904867378755,0.018252184261852707,0.0015153792187468692,0.0015156599686031295,0.001515274061201818,0.0015152435610765807,0.0819753305415873,0.15272506544074663
7564_at,0.6857903106031784,0.002380999787047386,0.00238111367879735,0.0023809755665354293,0.0023810215747022425,0.05743411776723513,0.2401083257759349,0.0023810071437236537,0.002381022569860251,0.00238110553298532
7565_at,0.0013340032696652342,0.0013334820179186874,0.0013335969045001996,0.0013334245973646022,0.001333525079400754,0.001333401636330053,0.38529571451096606,0.18408787557729994,0.4212815643813598,0.0013334120251947083
7567_at,0.14139535548186694,0.0025002564028055872,0.048439448793709816,0.0340633042644657,0.00250071589984932,0.002500350303756129,0.0025001794213879167,0.002500158189273451,0.0025001576052302217,0.7611000736376549
7570_at,0.0027785845147878115,0.0027783582538790787,0.14778789962781938,0.0027784930757280865,0.10217520871694737,0.0027782483620030656,0.17549675643751994,0.1337038085369918,0.4269444213277123,0.0027782211466111685
7573_at,0.0009261998340964848,0.36878071968383225,0.0009261822132343341,0.3668029832838713,0.0009260767026028665,0.06122807617358191,0.0009260082551671928,0.0009259742288390395,0.033942115216502144,0.1646156644082725
7574_at,0.07167509535865445,0.001923408321782757,0.16295783600637032,0.08721055784447888,0.12878214759954662,0.0019236914101894505,0.0019234904351555812,0.47507582048214014,0.0666045668089912,0.0019233857326905628
7580_at,0.0020840629072918547,0.002083446991513451,0.0020835774117340194,0.002083570436713882,0.002083443806663516,0.9812474931830629,0.002083443859277754,0.0020834227435704033,0.0020835238149767097,0.0020840148451955883
7581_at,0.001515169566253116,0.001515247557701098,0.0015152769984514915,0.0015151658595270743,0.8901860132524858,0.0015153929950755048,0.09769177384160323,0.0015153633420754503,0.00151539926110973,0.0015151973257175103
7582_at,0.0015625986416018761,0.16520698392037153,0.3306476610961972,0.0015626344395401842,0.22421104510997025,0.0015626358132702356,0.19314022672825087,0.001562785500292816,0.07898082141451367,0.001562607335991308
7584_at,0.0008333903897852812,0.05293547035885665,0.05482777520773701,0.0008333913497899938,0.0704968739302102,0.8167390816298408,0.0008334734773308307,0.0008335799947562784,0.0008334848392464404,0.0008334788224463512
7585_at,0.0010753315034327138,0.0010755896357421474,0.0874670127442802,0.0010753397687082301,0.0970509244404879,0.8079538929810164,0.0010754492599655695,0.0010754993067487086,0.0010755416101338303,0.0010754187494844765
7586_at,0.06435709981620981,0.001754864227709213,0.07206259965823644,0.0017544618289061923,0.001754697937475652,0.0017544609223437075,0.0017544561154420844,0.001754413901070094,0.0017544169035761778,0.8512985286890307
7587_at,0.0010871052141468221,0.0010872113936537028,0.01875921299473473,0.001087220321430792,0.0010870907064279064,0.0010870825982740163,0.0010871056421184778,0.001087099418942319,0.0010871154370141526,0.9725437562732571
7588_at,0.002000505002209139,0.0020004354979178056,0.0020002816653558633,0.0020001831327145204,0.0020007241396006055,0.002000098117345763,0.0020001997581245894,0.0020002344612568756,0.9819972854041853,0.0020000528212894323
7589_at,0.0025642822481816135,0.002564410882775662,0.002564509035026224,0.0025641940999283,0.8000197846981665,0.0025643602203091784,0.06441840097319525,0.11761161210879899,0.00256429139835493,0.002564154335263314
7590_at,0.0027779345604536446,0.0027781017697388315,0.002778226172265057,0.002777880001325312,0.8515860763824502,0.002778054027096692,0.0027779977931780405,0.12618992393626385,0.0027779633582717452,0.0027778419989565413
7591_at,0.1714840635317705,0.004000808433916678,0.004000873178269926,0.0040000851058437075,0.7537405706921287,0.004000246166289075,0.004000127881206778,0.04677269748977584,0.0040003345106186024,0.004000193010180226
7592_at,0.0012660097868140547,0.1474278941678012,0.0012660239894356905,0.0012659465622284582,0.17765953486132458,0.0012660081396190545,0.0012664517651589122,0.6660503627664832,0.0012658831086389947,0.001265884852495947
7593_at,0.012500331036387523,0.012500206010416504,0.012500220395623764,0.012500099579751582,0.8874945073146624,0.012500279415173933,0.012501195756634975,0.012502744781143271,0.012500144971262825,0.012500270738943343
7594_at,0.004762315130240548,0.004762397823062244,0.1971665356857911,0.0047620841680120745,0.004763099863568477,0.00476256079821821,0.7647334904064219,0.004762318518007742,0.004762717988819983,0.004762479617857714
7595_at,0.0034487238931314845,0.003449683939228028,0.003449286298815066,0.0034490105989887364,0.3078602807009895,0.6645479775613357,0.003448477957680665,0.003448778371907537,0.0034486432049435516,0.0034491374729795697
7597_at,0.6129501087045105,0.2818003476281428,0.09358105228302357,0.0016670736785955407,0.001666910679035915,0.0016671580021667205,0.0016667702723563117,0.0016667926943680677,0.001666871850539707,0.0016669142072609211
7598_at,0.0022729622680463957,0.0022736930237032224,0.22198203571609165,0.0022736349283377327,0.04961266715737534,0.0022732067009906334,0.7124925614854699,0.0022733390500522723,0.0022729928395810364,0.002272906830351897
7602_at,0.043381080418025235,0.10196371892684836,0.41593434692557135,0.22366481184643863,0.058849508616217294,0.001818728683095506,0.001818639125219878,0.14893252819739788,0.001818278220371792,0.0018183590408140686
7603_at,0.0014707327836660383,0.07709928577773814,0.0014706985290112286,0.017093022649675382,0.6265502462813999,0.001470681350639381,0.0014707798934520662,0.2704330891817334,0.0014708053546158347,0.00147065819806858
7604_at,0.0021740175707642083,0.4082098513808859,0.07346459578496639,0.0021744628700543374,0.13497953991280165,0.0021740681580829117,0.0021741020717470118,0.002174101336604331,0.3703011163265694,0.0021741445875238254
7605_at,0.0008696307267480256,0.6263595424085281,0.0008697325294421648,0.3666828351821906,0.000869636712427911,0.0008697076613097283,0.0008696308771364125,0.0008696180695856943,0.0008697124498173239,0.0008699533828142503
7607_at,0.002439118682474961,0.22922965212672405,0.0024391931836700684,0.0024394970780278464,0.7512562037534616,0.002439188284612522,0.0024392376993962405,0.002439361311466433,0.00243941929385055,0.0024391285863156554
7610_at,0.0011364466239743736,0.0011365810072141316,0.12458705888194008,0.0011366081936031432,0.0011365813299452107,0.0011364976173540155,0.0011365477404099255,0.8663206397857526,0.0011365541899866717,0.001136484629819676
7611_at,0.0018530932659962865,0.0018521028216602457,0.0018525532335090286,0.0018519675982838451,0.001852188790078429,0.001852016444529436,0.7387866590651312,0.24639550249185105,0.0018519762318768053,0.0018519400570835062
7613_at,0.003125472240353625,0.003125680284984081,0.2972413516525033,0.09788831202536452,0.39285482966363994,0.0031254545123860318,0.1581037950156265,0.0382839792121657,0.003125670416330407,0.0031254549766459166
7614_at,0.00147070957314889,0.001470837058807031,0.045388183409540137,0.0014706504382095106,0.0014708414130541916,0.001470688976490098,0.5096444044122689,0.43467209091879594,0.001470953244096147,0.0014706405555891685
7618_f_at,0.8309733973807354,0.0011237172928379665,0.0011236821743910261,0.0011236946221842678,0.0011237152128581688,0.001123695538814272,0.0011236679823465755,0.001123678888727017,0.0011236999499223232,0.160037050957183
7621_at,0.0014286311920852022,0.0014286005073395034,0.0014289299740210225,0.001428593797449945,0.001428821835152995,0.0014287334849444288,0.760384850783582,0.22818557081284463,0.001428609158539396,0.0014286584540407063
7622_at,0.028436560699077094,0.0020413087882425805,0.00204120806099551,0.0020410178612199426,0.0020412875550415497,0.6948665618883255,0.2624083416326871,0.0020410176997885006,0.0020410415292664978,0.0020416542853555846
7625_at,0.0019234100157427048,0.0019232393765700603,0.0019232698039921483,0.0019231563766629496,0.0019232991139648292,0.0019234366740134346,0.001923273985555029,0.0019232697386438976,0.0019231667890258505,0.9826904781258291
7626_at,0.0011906222031863223,0.0011905591400325829,0.0011905389356311083,0.0011906033076278558,0.0011907098801194318,0.0011905112151543045,0.001190613489252248,0.9892847642712713,0.001190585697121333,0.001190491860603499
7629_at,0.0250012020338043,0.025000968115839836,0.025000967193211147,0.02500050302084949,0.7749916534386594,0.025001045378897028,0.025001074634931737,0.025000844054809065,0.02500071654430239,0.025001025584695573
7630_at,0.5386960612836925,0.002941264661113434,0.0029415138041658214,0.0029412414598930623,0.00294189859977352,0.07944452221077909,0.3612690561353502,0.0029412876000262035,0.0029412592705250597,0.0029418949746811015
7632_i_at,0.9898846271410631,0.001123837439650669,0.0011241802679120665,0.0011240677161226528,0.0011237201037587441,0.0011239646144684703,0.0011236751066822945,0.0011236770686435485,0.0011237816679658058,0.0011244688737326546
7634_at,0.001428795773607556,0.0014286607978047593,0.9249581293168863,0.0014286741650872202,0.06361222052696672,0.0014287285348685045,0.0014287062398974802,0.0014287458848678248,0.001428634627816082,0.001428704132197559
7637_at,0.0025644223458012438,0.9769201323234862,0.0025644621023901315,0.0025642119391595525,0.002564892959674431,0.002564284136276642,0.0025643140696191874,0.002564342304004766,0.002564655519111605,0.002564282300476513
7639_at,0.0027785835364330397,0.0027780543991653113,0.9749969076746675,0.0027779571773886504,0.0027779653842110626,0.0027784463721831727,0.0027779670361277623,0.002777992614201966,0.002777910733037957,0.00277821507258331
7640_at,0.004762153929313946,0.2002085798575414,0.004763159938447522,0.00476214975942896,0.6817260813869118,0.00476305558726702,0.08472689641465483,0.004763602463398601,0.004761976693408721,0.004762343969627276
7641_at,0.0013892726339500782,0.0013889670919607095,0.0013889949610511188,0.46206634223065535,0.0013889225553707345,0.4197209130339161,0.00138894027066464,0.0013889169565783595,0.001388989915853589,0.10848974034999934
7643_at,0.0011629150952894496,0.8125775970229542,0.0011631156500872787,0.0011628615508454147,0.0011629366043588436,0.1781189477734052,0.0011628772193400434,0.0011629444236962913,0.0011629277290499064,0.001162876930973239
7644_at,0.0009711256751521129,0.0009709995608108202,0.0009711070602540018,0.02052777833917719,0.0009709715091204666,0.05967003301692628,0.0009710083793554475,0.0009710081572054797,0.0009711348860837582,0.9130048334159144
7645_at,0.0013514882074014173,0.0013514535118489565,0.0013514384091260741,0.001351378345411859,0.726556198311667,0.0013514215043378974,0.20103424179373122,0.06294935959100342,0.0013515578590850511,0.00135146246638715
7646_at,0.0037037670917729683,0.003703727120799733,0.0037037553720390905,0.003703728907311641,0.9666654001863486,0.0037037310174389453,0.0037039949557821556,0.0037044060155738807,0.0037037553652229218,0.0037037339677099524
7649_at,0.009091079140239662,0.009091022488896015,0.009091029612768935,0.009090971524430669,0.9181774176452762,0.009091051080619111,0.009091864972558344,0.009093331927769803,0.009091199463677086,0.00909103214376415
7651_at,0.0008773044786992034,0.7555281656049372,0.0008776810505342571,0.0008773210000245362,0.0008772675094800641,0.23745323813525285,0.000877224663635529,0.0008772308642977603,0.0008772493695533229,0.0008773173235853106
7658_at,0.002000111088818019,0.0020005687251331192,0.0020002684852243133,0.002000127271096009,0.002000342053074546,0.9819979640353258,0.0020001391412824056,0.002000169327805487,0.0020000719258033454,0.0020002379464369256
7661_at,0.005000527782645313,0.005000875550225187,0.0050006529996436235,0.0050015043272534174,0.005000971773423746,0.9549915889619788,0.0050003461090220415,0.005000146975861181,0.005000257171179314,0.00500312834876736
7664_at,0.07470406102576574,0.0009176197440769483,0.6439913957492593,0.029225038563074273,0.05955531825685327,0.0009176090356050814,0.0009175159175116614,0.18793632410561792,0.0009175340754852593,0.0009175835267504251
7667_at,0.11609805375515135,0.0020844252576853045,0.0020839897566944,0.002083970315797524,0.867230512495447,0.002083848603014483,0.0020840226216390693,0.0020838383041121913,0.002083637375189703,0.0020837015152690434
7669_at,0.0021280066106455792,0.05188987037256333,0.5642709283570201,0.2720106020336324,0.0021281270702659884,0.002127980731329092,0.0021279387892923153,0.002127938841595288,0.09906074026452616,0.002127866929129466
7673_at,0.0031255013953584007,0.00312544396054173,0.0031257014483616757,0.0031256002672533523,0.11978296580380451,0.0031254723108089444,0.7482842104517013,0.11005440887358613,0.0031252589563986227,0.003125436532185416
7674_at,0.003571526237313581,0.0035715224728310744,0.003571494360773028,0.0035714572509984274,0.29766772558408783,0.0035715158007742025,0.6737596548849109,0.003572126150591402,0.0035714561859881114,0.0035715210717313416
7677_at,0.002565147158788496,0.0025643224983005163,0.002564394618402758,0.002564364315399275,0.002565787993533001,0.7409226352278399,0.00256480019359193,0.0025644987659807004,0.002564403327406496,0.23855964590075693
7680_at,0.0021742068531777946,0.002174248533872827,0.0021743012835872873,0.002174080024098381,0.0021741617461431095,0.0021740748110077686,0.0021740681903469217,0.00217403306039589,0.9804327865233128,0.002174038974057184
7681_at,0.00238124242269051,0.0023812654780342233,0.4802180312991272,0.0023811595708005642,0.20085201655767027,0.0023813791272095787,0.3022610296998475,0.0023815387939105023,0.002381158902031091,0.002381178148678618
7687_at,0.00208351889626813,0.0020836463630758456,0.0020835778203311117,0.0020835689625174464,0.0020841843809135435,0.0020836043111694623,0.9812467714710134,0.0020836378684170646,0.002083607903387065,0.0020838820229068856
7694_at,0.41719929775250447,0.0024396255323368,0.0024396341706201603,0.0024392974550243953,0.0024394238554994443,0.0024393818959250503,0.002439425245627731,0.0024394655486667744,0.5632852551725771,0.002439193371218028
7699_at,0.0010870653352548965,0.001087031989107158,0.4710974636749172,0.0010870157650082952,0.001087100133847696,0.0010870428248317512,0.0010871052797860655,0.5202060266844888,0.0010871125627488472,0.0010870357500090762
7700_at,0.0019608455944517076,0.0019609410403435504,0.001960934419795457,0.0019608515875504332,0.5420363369120834,0.0019608994694106673,0.44227534297049215,0.0019611589141187973,0.0019618556007928293,0.0019608334909609476
7701_at,0.009091147578464697,0.22325405085171005,0.009091045579445286,0.009091209162823908,0.7040098350340751,0.009095758573272418,0.00909168906239327,0.009092616984074105,0.009091549856345398,0.009091097317395927
7705_at,0.7311799546202895,0.1514218394491788,0.0008623970374391877,0.0008623057281091447,0.0008621048302253807,0.0008622538002113987,0.0008621531773110469,0.07964481260887175,0.012335805409993933,0.02110637333836979
7706_at,0.1849399633180005,0.0020838394809708613,0.4740808597052333,0.002083986659113201,0.0020838174195105595,0.3263923695327061,0.002083661398390384,0.0020837338320074013,0.0020840676554811878,0.0020837009985864648
7707_i_at,0.9871415298015238,0.0014286309800124828,0.0014287426302125276,0.001428834883861659,0.0014286772759216143,0.0014286234085579958,0.0014287422522749808,0.001428825335570444,0.0014287736386719141,0.001428619793392831
7708_f_at,0.9871415298015238,0.0014286309800124828,0.0014287426302125276,0.001428834883861659,0.0014286772759216143,0.0014286234085579958,0.0014287422522749808,0.001428825335570444,0.0014287736386719141,0.001428619793392831
7712_at,0.13654431118905466,0.0012821485065467543,0.0012824071132042229,0.001282115789663123,0.0012821685742281815,0.0012822360037555943,0.21659415188192002,0.0012821191382057014,0.6378860132472138,0.001282328556207841
7713_at,0.001219841389562949,0.001219704791333026,0.11022198900356651,0.001219694436270565,0.00121976315402457,0.0012197312707469463,0.7387559599167208,0.14248390754736628,0.0012197795718996356,0.001219628918508828
7714_at,0.001428675225471727,0.23734578680798746,0.0014289146619310869,0.0014287610350255072,0.0014287239676356745,0.0014289429482552708,0.08440624743946651,0.6682465819656275,0.0014286446647959286,0.001428721283803442
7717_at,0.0008549792337319584,0.14603963350804527,0.0008548736774353621,0.47212008196031496,0.0008548009270687681,0.37585653538079916,0.0008547858858573546,0.0008547610605992562,0.0008547843392128749,0.0008547640269348657
7718_g_at,0.0008549792337319584,0.14603963350804527,0.0008548736774353621,0.47212008196031496,0.0008548009270687681,0.37585653538079916,0.0008547858858573546,0.0008547610605992562,0.0008547843392128749,0.0008547640269348657
7719_at,0.0008477282362688215,0.15458262567708314,0.0008476266657600378,0.4612327759744949,0.0008479216324107681,0.37825119294663906,0.0008475395711565723,0.0008475163352792143,0.0008475396036915845,0.0008475333572159272
7723_at,0.42156792927109227,0.0008130961930996729,0.09505367260589069,0.000813086831263385,0.0008130918826612629,0.000813129117112632,0.0008131700646002707,0.0008130444265890252,0.0008130474929177733,0.4776867321147731
7724_at,0.0015388525743419582,0.0015388554247083477,0.0015387104896639994,0.10615739558714596,0.0015385518363640479,0.0015386154249856783,0.0015385815357445568,0.8815332268065103,0.0015386080698320853,0.0015386022507030978
7725_at,0.0018522615805983893,0.2575328783542249,0.0018522291837383051,0.20358264173314938,0.0018519739435612392,0.5259197218171658,0.0018520312846958082,0.0018519456690807828,0.0018520452541565516,0.0018522711796288595
7727_at,0.0006667663157500171,0.0006667120302736414,0.7449440698312209,0.0006668014560186442,0.0006667485294548581,0.000666741582799854,0.1447187930960625,0.1056699007196433,0.0006667683485546282,0.0006666980902218425
7728_at,0.0015385574012224056,0.001538625462577798,0.0015385940753234416,0.0015385706430889033,0.0015388034384194195,0.0015385266135817634,0.3857035795681796,0.601987201689552,0.0015390108793760966,0.001538530228678354
7731_at,0.0008851165747111246,0.000885042614163835,0.40917551432481974,0.000885015397508446,0.000885094335668225,0.000885066025907141,0.5574004106186141,0.0008850719299909745,0.027228558421888982,0.0008851097567273294
7733_at,0.0015626713587072244,0.05375387045293508,0.36431623612042185,0.0015627482037458974,0.4474274841734021,0.0015625770513010223,0.04700307046416381,0.07968600471941517,0.0015627838619260161,0.00156255359398189
7735_at,0.0011112333534674353,0.11026346202825262,0.0011115945580095134,0.001111247765757835,0.5908537982858929,0.001111481596246338,0.0011114120789705527,0.2911030765181996,0.0011114571165203439,0.0011112366986829009
7736_at,0.0011112333534674353,0.11026346202825262,0.0011115945580095134,0.001111247765757835,0.5908537982858929,0.001111481596246338,0.0011114120789705527,0.2911030765181996,0.0011114571165203439,0.0011112366986829009
7741_at,0.09603504651397507,0.001587612919603594,0.0015877781542902435,0.0015874310139121293,0.0015875293116026092,0.10005564303609926,0.19545473703554456,0.0015874938339898376,0.5989292035130477,0.0015875246679350518
7747_at,0.0014706284645808767,0.001470971106306758,0.0014707328734586964,0.001470632688579618,0.4030959480336911,0.0014706954407834425,0.0014712022845902726,0.5851378489247471,0.0014707177522471796,0.0014706224310148982
7748_at,0.19983200983644206,0.002564379490242092,0.0025650229708433004,0.002564222355659087,0.002564803425725672,0.0025656152455432834,0.7796504595367676,0.0025647129782271822,0.002564359971506341,0.002564414189043259
7749_at,0.05525145007571425,0.38302099867026385,0.07065237282442582,0.0018874201719872175,0.0975769630985835,0.0018870027496465974,0.15133625368796974,0.23461352982764697,0.0018870411100862104,0.0018869677836758243
7750_at,0.002439424054985925,0.17724923159924094,0.6909651577651782,0.11470906146621522,0.002439918110382505,0.002439629189256175,0.0024394619389750466,0.0024392908459707915,0.0024394746308691755,0.0024393503989260075
7753_at,0.0018518788863083548,0.0018525247532507824,0.0018522849919919513,0.0018519492648881495,0.0018524595363183108,0.0018519948835971794,0.9833304379935218,0.0018519754874950839,0.0018525051715109347,0.001851989031117455
7754_at,0.0020005596194681338,0.0020003190518713744,0.1157903852393411,0.002000363855981887,0.09065298022944628,0.002000305976367706,0.7795542378573151,0.002000298581288532,0.0020004368733576414,0.00200011271556229
7755_at,0.0016129351372973337,0.0016129381380468426,0.001612988871885749,0.0016129248000843605,0.4452543317274395,0.0016129482870263637,0.0016130169338291135,0.5418419482247279,0.001613002722082522,0.0016129651575804808
7756_at,0.0018875743866248328,0.001887107878569087,0.001887290230390956,0.0018870077604418005,0.0018877424687371402,0.0018870208627874666,0.9830146360545702,0.0018873752084620154,0.0018872520391501981,0.0018869931102664871
7757_at,0.0027036124203566425,0.0027038340064993067,0.27844350926658046,0.34269326950275497,0.23820805608135298,0.002703400541997533,0.0027028594417406915,0.12443535296819558,0.002703289324777379,0.0027028164457444754
7758_at,0.002222272719013316,0.002222550512082428,0.0022226286093668937,0.027255864048508213,0.0022226532014402297,0.0022224341626862236,0.7469819317511429,0.0022224068500372985,0.2102049968847212,0.0022222612610012325
7760_at,0.0009710285640722191,0.0009711065360098254,0.0009712032275251028,0.9445400292242646,0.0009711038025819603,0.0009710028511178521,0.0009710030685817878,0.04769146682163324,0.0009710941860787001,0.0009709617181344985
7761_at,0.0007693502017439902,0.17304055885675065,0.0007693287958969956,0.7772235825828507,0.044350482715548936,0.0007693204878226045,0.0007693704954679387,0.0007693946661645827,0.000769347171978947,0.0007692640257744659
7762_at,0.0014929222585768575,0.0014928728430835226,0.0014926883448490075,0.48958500661898813,0.0014928060022267448,0.2980018438108275,0.001492647279858571,0.0014926020274626658,0.001493100972015948,0.20196350984211123
7763_at,0.0013889534223971145,0.001388939306354538,0.0013889991776598238,0.0013889275140792823,0.0013890939298057694,0.001388925127877855,0.44727969844196613,0.5416083224596627,0.001389214799070058,0.0013889258211268209
7764_at,0.014286160030429082,0.014286012299204386,0.014286159513924842,0.014285848357577105,0.8714207236918668,0.014286185694189709,0.01428745420717041,0.014289294076312681,0.014285921394388229,0.014286240734936744
7765_at,0.0030311057837063664,0.00303061029659437,0.003030763958562687,0.8376534849114745,0.1380998261694178,0.0030305925389085163,0.003030789069667006,0.0030308802979596185,0.003031293630819246,0.003030653342889843
7766_at,0.0012821827369612709,0.5585787293588429,0.0012825515302636397,0.0012821425254607888,0.18822008188152173,0.00128213233656659,0.2103702123477891,0.03513744130198118,0.0012824392694854505,0.0012820867111273514
7768_at,0.002439576842741402,0.0024392520750353233,0.0024395754773926625,0.002439115205724168,0.25888212514662423,0.0024392929495554573,0.0024392647840792733,0.002439308949256181,0.6065702614622275,0.11747222710736396
7769_at,0.018739268559147332,0.0012659607979634993,0.1645110507003791,0.04224329229652621,0.0012659461392791791,0.20417885856546386,0.2049161335572729,0.0012659469732243848,0.360347457798636,0.0012660846121074166
7770_at,0.002004699513805491,0.0020004338916030403,0.0020006960171220336,0.002000277927999758,0.29278895188636717,0.002000569582578894,0.0020008897978453714,0.0020003519687172974,0.691202885135936,0.0020002442780248045
7775_at,0.04191084089598012,0.002857502923704679,0.0028577304752019565,0.002857366666600652,0.0028579739598648428,0.0028575314338867134,0.5232815540236805,0.0028578284733332686,0.41480427043047113,0.0028574007172762926
7779_at,0.0014287063849460848,0.0014286549713924842,0.0014288052767804582,0.0014286205777341765,0.10693061992352187,0.0014288638120546289,0.0014287947783526499,0.8816395733155942,0.0014286713557462517,0.0014286896038773155
7780_at,0.0010211405205276967,0.013228477912580992,0.0010206745188217643,0.0010204485021911703,0.0010204623507066512,0.9786069873757034,0.0010204514402063563,0.001020467636281433,0.0010204255353510115,0.0010204642076295605
7781_at,0.0012991954175738212,0.0012990776011636283,0.0012988977767183678,0.001298915435452195,0.11176344662842466,0.5533646658415732,0.183238690409085,0.001298928335210476,0.0677901498118388,0.07734803274295976
7783_at,0.0009616385324403269,0.0009618376386413643,0.2069138723484813,0.3577594772323375,0.0009619739941390506,0.06607822613921066,0.0009618349155623987,0.0009616633467901812,0.06629503194950771,0.2981444439028895
7785_at,0.7243818013273664,0.0026316297404274896,0.002631660965121792,0.0026316054606180333,0.0026316499628325136,0.061412550844624804,0.19578406868205317,0.002631644115695032,0.0026316547213769744,0.0026317341798837344
7786_at,0.04229691481637774,0.04030000950066081,0.2003056180216353,0.0015628086896937292,0.001562697561548846,0.0015629228018992298,0.0015627122906574124,0.0015625984087719769,0.0015626681570397357,0.7077210497517151
7789_at,0.0055559179942657405,0.005555906828691251,0.0055563487973810805,0.6917916692828929,0.26375758498296764,0.005556155231418367,0.005556575543389117,0.005556447488506108,0.005557426513730261,0.005555967336757463
7791_at,0.2136426186969137,0.25298911241197225,0.35970365867906906,0.0030311497403215223,0.0030308185568856468,0.003030722907235813,0.003030475766442864,0.003030456369349943,0.15548044865965957,0.0030305382121496955
7793_at,0.0015154336977241632,0.001515297968748298,0.001515380207516852,0.001515314202692689,0.5090391327831443,0.17131418142443758,0.023533751255765272,0.26657557951485106,0.001515313755567318,0.02196061518955242
7796_at,0.0014494895017209601,0.0014494519018503499,0.09419617536798493,0.5891531012844335,0.001449589887231324,0.28162763307096095,0.0014494578468359578,0.001449490549602525,0.0014494606108570451,0.026326149978522454
7797_at,0.0017547459863835216,0.08036048125350809,0.727373782635589,0.17998355331951701,0.0017546133247537924,0.0017546810873588154,0.0017545200407052227,0.0017544922559921212,0.0017546032739419097,0.0017545268222505393
7800_at,0.12679639271488913,0.0013890134577269886,0.13955294026737558,0.0013891797587195019,0.0013889489739767284,0.0013891396047422848,0.0013890990295517371,0.001388994079540161,0.0013892849822113222,0.7239270071312666
7802_at,0.006666858402055569,0.0066673468577840974,0.0066668023065749775,0.006666798042038909,0.7473742565894097,0.19928816854732928,0.006667607408175747,0.00666807538858781,0.006667099372940556,0.006666987085103197
7803_at,0.20238044609007208,0.0016952649906601812,0.00169533322504108,0.0016952534342608515,0.0016952177220650308,0.039662071439779956,0.31921040821941266,0.0016951565734022551,0.42857585444590235,0.0016949938594035313
7805_at,0.0005435736730441662,0.0005436066328086048,0.0005435636945258024,0.9003658884657866,0.0005437038966067106,0.014346855422578067,0.0005435809300249327,0.0005435531977691734,0.08148216746016833,0.0005435066266876971
7807_at,0.001190570771772384,0.0011907239575199091,0.3265609431274275,0.0011906316031009038,0.0011907797536212705,0.0011905433357670386,0.03184034359411261,0.6332640170448757,0.0011909475619271933,0.0011904992498754433
7810_at,0.00500085376155119,0.09394509060075604,0.005001870789936081,0.005001633712087591,0.7182559866495328,0.005000412339310256,0.15279232504591297,0.005000422367922496,0.0050006047701012845,0.005000799962889105
7811_at,0.9790691837031074,0.00232563838979362,0.0023256537869695854,0.0023256169564008253,0.0023256785818240215,0.0023256589023422894,0.0023256274991992365,0.00232564377773322,0.002325634490142514,0.002325663912487398
7812_at,0.000806617251499914,0.0008064969726749715,0.672104480265092,0.0008065438210416274,0.0008065590664418833,0.0008065104223267908,0.17906944732077495,0.1431803070176465,0.000806516875394552,0.0008065209871069253
7814_at,0.04728358769050586,0.0015385868812655328,0.0015388393680632014,0.0015385456826694233,0.9404067603304316,0.001538922383129447,0.0015386783300572074,0.0015387126229630076,0.001538701122120704,0.0015386655887938876
7817_at,0.002083496198229025,0.002083494792393487,0.6630801924413074,0.0020833839409167927,0.08756089051435353,0.0020836165826836816,0.20905115060967436,0.0020836113275599665,0.027806752308966683,0.002083411283915088
7822_at,0.005000626388610354,0.005000489828381285,0.005001232263197888,0.005000161149867713,0.9549956767400475,0.005000333638732733,0.0050001997286879965,0.005000239210608304,0.005000811657346547,0.00500022939451968
7824_at,0.0013892282555032936,0.0013890512566308597,0.20594019857612622,0.0013890135946175908,0.0013891057453082269,0.11465995723658985,0.0013891988194666873,0.6696756859270576,0.0013891078675035546,0.001389452721195909
7826_at,0.0014494385226602902,0.001449590802078128,0.0014495436576871812,0.0014497015492627905,0.0014496480228569034,0.0014495423971025044,0.8508810874524366,0.1375225942395281,0.0014493975711684982,0.001449455785219042
7828_at,0.0014708194460218544,0.001470782472322502,0.18428390236340073,0.001470682432292112,0.0014709964177539055,0.0014706418551812199,0.8039496085071883,0.0014707616360259154,0.001471189156502533,0.0014706157133109572
7832_at,0.12085525101542562,0.001428924920553799,0.0014289021816731079,0.0014286878878813519,0.8677134476837114,0.0014288531360017462,0.0014288274277956703,0.00142937359384716,0.0014290195430976993,0.0014287126100125831
7835_at,0.0016131583029537718,0.18133687779512656,0.0016135298147169413,0.0016131885908036228,0.0016131415036596084,0.0016133056825393354,0.0016133694530080789,0.8057570941493802,0.0016131323277663349,0.0016132023800454263
7836_at,0.0014929165158750926,0.0014926875881260588,0.29104993632487214,0.0014927743723044818,0.0014929443381951324,0.0014927185421215509,0.6970078000673746,0.0014929038125200474,0.0014926361305623763,0.0014926823080486668
7837_at,0.002500271472730032,0.0025001582554982156,0.0025006361926301407,0.002500894979091867,0.0025009499489315715,0.002500352001425027,0.9774958946235582,0.0025005192112301585,0.0025000465307305586,0.002500276784174195
7838_at,0.0993282591913754,0.0020836213849126243,0.0020837274834987064,0.00208363291911187,0.0020834603648551366,0.002083560658307827,0.28254121458598846,0.0020834815269701904,0.6035455734273549,0.0020834684576247764
7839_at,0.0025642641775544964,0.19337824075675095,0.6759959407520097,0.0025645855829307482,0.0025646429460419395,0.0025644199213085694,0.11267451979763891,0.0025644184305865557,0.0025645479401702307,0.0025644196950078755
7842_at,0.3355300387573939,0.0012196756310788495,0.14912480572050893,0.0012196113415956498,0.0012198676079237315,0.0012196939373750062,0.0012196071364673124,0.0012198247053336487,0.0012198206868865474,0.5068070544754364
7843_at,0.002272777832077559,0.0022728398217347575,0.002272821541754575,0.0022727876464468106,0.0022733991476026846,0.0022728334035442914,0.0022730958988505523,0.9795437678885461,0.0022728354035177205,0.0022728414159249766
7845_s_at,0.6769009337611795,0.0010101673059550612,0.00101018796610753,0.00101014323391974,0.0010102380708304668,0.0010101561748162935,0.0010101531521624358,0.0010102076654923038,0.0010101443092455599,0.315017668360291
7846_at,0.0010990963170204244,0.14821663097311932,0.0010990469871552458,0.8051931104458052,0.001099535531423816,0.03889589016768752,0.0010992183895513056,0.0010994943069106329,0.0010989708473439698,0.0010990060339822441
7847_at,0.0035719278089321725,0.0035720808478652425,0.003571788559633367,0.20482165310349618,0.0035723262706724426,0.003571677821776929,0.35331263901998217,0.0035730111156354904,0.41686131158823275,0.003571583863773155
7848_at,0.0015874696505236126,0.0015873596454285088,0.001587776117832557,0.0015878957567936835,0.8008866744078791,0.0015873252263169577,0.02775628865753725,0.16024410795741859,0.0015875788545175282,0.001587523725752273
7849_at,0.0010001515848342525,0.001000194067941545,0.0010001917892943108,0.2996303072360638,0.0010002798146507752,0.11267844608684854,0.0010002878674005386,0.06212222663310214,0.26204615280098326,0.2585217621188808
7851_at,0.0014926859880086477,0.0014928237301411603,0.4042929146653443,0.0014928462496291816,0.0014927592017152389,0.0014930488458050181,0.001492654613835025,0.5837649806241297,0.0014927002748216448,0.0014925858065700545
7852_at,0.0015875217731358287,0.001587470931181801,0.0015875391141994483,0.0015874977333237192,0.0015875348158601924,0.20649245590182286,0.33701595913556814,0.001587621878998874,0.41389299887948944,0.033073399836419666
7854_i_at,0.6820501190600229,0.0009091815114853377,0.0009091777707740656,0.0009092242838485862,0.000909182370151957,0.0009091711440151985,0.0009091331463755357,0.00090916509821826,0.000909143659811499,0.31067650195529667
7855_f_at,0.608756699642463,0.0010989888065804211,0.0010990196734632835,0.0010990015446480312,0.0010989903497516478,0.0010989910960433197,0.001098947202046903,0.0010989721025636485,0.0010989774751971237,0.38245141210724254
7857_at,0.0014286816512512192,0.08326383281502789,0.11148182525381001,0.0014290828232891737,0.15553817700268235,0.0014289614004536265,0.0014289563889445668,0.17443521221817515,0.46813644084864237,0.0014288295977236416
7860_at,0.010156818598012428,0.05559012389713895,0.1158179325791098,0.028372736478817724,0.0008067177068077066,0.07745365129014456,0.015219879990021626,0.69496886219911,0.0008067292084294117,0.0008065480524078445
7861_at,0.31371845895228595,0.0012660516909600242,0.1652019007713864,0.0012661833237823422,0.001266189127764842,0.09092117787264117,0.0012660178631996965,0.001265939650178908,0.4225617702670561,0.001266310480744504
7862_at,0.6509245632445733,0.0018182938253662193,0.0018183191991646204,0.0018182447905363648,0.0018182691030662222,0.1234173978540704,0.21293002321358281,0.0018182901059614885,0.0018182467371791974,0.00181835192649947
7863_at,0.0019231986425891144,0.001923601602896007,0.0019235971591768405,0.0019235310948907162,0.3963559605887761,0.001923325263656405,0.0019233452684917418,0.0019232189300063417,0.5882568977414593,0.0019233237080574395
7864_at,0.0010000535861815765,0.13958160243246498,0.030672009800250866,0.387831931681774,0.02310943097438063,0.0010001976752366088,0.0010001931310969125,0.0010002440074776582,0.0010001292331734961,0.4138042074779632
7866_at,0.012500331036387523,0.012500206010416504,0.012500220395623764,0.012500099579751582,0.8874945073146624,0.012500279415173933,0.012501195756634975,0.012502744781143271,0.012500144971262825,0.012500270738943343
7867_at,0.0025001286704465935,0.0025002868796483078,0.0025004099909028982,0.00250019551069756,0.0025005550142315814,0.002500171710699117,0.8789543408005022,0.0025001744618660484,0.10104355001070722,0.002500186950298571
7871_at,0.0035716064433824798,0.15279417223209768,0.0035716197394248255,0.0035715736166858246,0.17724183373351668,0.0035715582924815115,0.5905516738530295,0.003571522061548865,0.057982324305196405,0.0035721157226362263
7872_at,0.004167097729277261,0.004167176947693044,0.004168101238137588,0.00416692444102993,0.7595752914144235,0.0041669051745840645,0.004167848578268768,0.2070864099990937,0.004167413767965784,0.004166830709526298
7876_at,0.09577287630633982,0.0017243612961749225,0.001724584516520769,0.001724273013688504,0.0017244818514390054,0.0017245224053562393,0.3939981080909792,0.0017245314553395094,0.4981580263016545,0.0017242347625074533
7877_at,0.001492847680038399,0.0014926852565023362,0.05435619137093408,0.0014929885610335423,0.3697035789929462,0.0014926229478376396,0.565490826831521,0.0014928720040278656,0.0014927986990710778,0.0014925876560877693
7879_at,0.16617948958836756,0.001538718972081747,0.02682047272280064,0.0015386479912221584,0.0015389700505433678,0.0015386449269692997,0.00153906854657252,0.001538606026510932,0.001538598866446992,0.7962287823084848
7880_at,0.0009710477832074735,0.10130998503386093,0.0009711145847945863,0.0009712026739256312,0.35361467010126424,0.0009711272533939802,0.0009710701645334732,0.538277473110883,0.0009711073037184971,0.0009712019904182181
7881_at,0.0025653150099716753,0.0025646605455670237,0.9769173150057442,0.0025643664328974984,0.0025646501613432173,0.0025649761187431517,0.002564517634951628,0.0025645586690524443,0.0025642279341064646,0.002565412487622972
7882_f_at,0.9830176577164812,0.0018869323085377494,0.0018869152412519746,0.0018868446706681013,0.0018870730542334994,0.001886874270187571,0.0018869175950323818,0.0018868868094612367,0.0018870034280175651,0.001886894906128743
7884_at,0.001563360190086705,0.6829108044821435,0.0015627591317342398,0.0159835591321317,0.15698278382902905,0.0015625941427188925,0.08822402629218909,0.0015626185847438581,0.0015635380617345389,0.04808395615348842
7887_at,0.0014926335962281202,0.0014927171283338671,0.07149625288614132,0.5378040324445409,0.0014927329639906326,0.001493159959105548,0.001492736867378773,0.0014927441217320757,0.0014930098131942014,0.3802499802193546
7890_at,0.027889591447190335,0.0011631345881289055,0.0011629607631171394,0.0011630374864722392,0.0011631175111346764,0.0011631274439766282,0.8678111740977411,0.0011629797764423045,0.09615797568621882,0.00116290119957766
7891_at,0.0015386666950855182,0.0015385875774702293,0.0015385842002043693,0.0015385704856395767,0.0015388947934960756,0.0015385072360675394,0.46231916401478135,0.5253712597709647,0.0015387415940459571,0.0015390236322446373
7893_at,0.04993529549962283,0.0014714583875411326,0.0014708765299063515,0.0014706753385061433,0.0014709903718832925,0.001471010050351943,0.7077153756102202,0.23205223474722272,0.001471283179341192,0.0014708002854041573
7894_at,0.869792243944926,0.0014707599142638208,0.0014708891374316762,0.0014708452016337537,0.0014706851213305407,0.001470908174130878,0.0014707033750465575,0.001470672287677185,0.001470790016915542,0.11844150282664395
7895_at,0.0014493814811067966,0.001449614635310554,0.0014493737617631856,0.001449364529293006,0.6659288988778786,0.3224757973216837,0.0014493977942545,0.0014494974415327822,0.0014493502713207854,0.0014493238858561727
7898_at,0.0012501342823870055,0.0012506535222860731,0.0012502041106369694,0.5529982035224804,0.0012503555401824212,0.3884993760593203,0.0012501548773336793,0.0012501814004491597,0.0012501288760505662,0.04975060780887348
7899_at,0.001449516435471627,0.0014493568653729928,0.0014494047441094642,0.16246820581380453,0.0014493881719646173,0.001449561575233223,0.0014493547880418296,0.001449374447452016,0.001449310316502555,0.8259365268420472
7901_at,0.0018525327873370463,0.00185211559710883,0.0018521958456565054,0.001852005020556284,0.0018523834095421098,0.9404838295434903,0.04469868300483112,0.0018522430458034781,0.0018520399811925623,0.00185197176448186
7903_at,0.001031094547074388,0.26263960460504876,0.019108338469529286,0.4078452467134664,0.0010310514342530446,0.0010311446769149654,0.09411062526331532,0.0010310084162590538,0.1270640883698216,0.08510779750431716
7904_at,0.0019610239805561923,0.371417097535812,0.15665971219858962,0.0019611987955922357,0.001961125881340979,0.0019611341512515545,0.001961373672558514,0.4581948686327132,0.0019613691708710995,0.0019610959807147515
7905_at,0.0045457695745125554,0.004545942643160071,0.004546060421944334,0.004545975876547339,0.553145986561196,0.004545716904575876,0.004546235624091692,0.004545758978054692,0.41048509482189044,0.004547458594026863
7906_at,0.0012051214302245645,0.5976486242557479,0.3450322628877912,0.0012049960268824126,0.0012051442054806644,0.04888374434305622,0.0012050011681294108,0.0012051726643799263,0.0012050004425357083,0.0012049325757717817
7907_at,0.005000666892222543,0.005001144035630224,0.005000814033799085,0.005000377322430758,0.7110316551246549,0.005000287650712154,0.005000414861708108,0.2489636331461014,0.005000757192828394,0.005000249739912455
7908_at,0.002941220721603751,0.0029412173938187405,0.0029412271643450213,0.002941194513448098,0.5490491678998292,0.0029412109178165178,0.002941487309823679,0.4274208340268664,0.002941227113451211,0.002941212938997559
7909_at,0.002000538507450019,0.8663494961946697,0.0020002940173716897,0.002000182179413572,0.002000160381996969,0.0020005352609087654,0.0020000727739234313,0.11764826661499725,0.0020001128949190946,0.002000341174349546
7910_at,0.2070092098377585,0.20293807599420122,0.0020004444301673454,0.002000390483371461,0.0020001018787211646,0.002000224842553193,0.0020000496440701968,0.0020000753421565835,0.5760513770180639,0.0020000505289365696
7911_at,0.005000575456101701,0.005000848495077323,0.005000801513877724,0.005000688398637024,0.005002563458378862,0.00500322278283491,0.9549902006392504,0.005000505537160856,0.005000124407833781,0.005000469310847512
7912_at,0.001613119584415932,0.8104237834015137,0.028410915438905684,0.015856286635414635,0.001613423823205479,0.0016131591589912248,0.1356295048176176,0.0016130653160011028,0.001613086243573931,0.0016136555803608554
7913_at,0.0016395151846204997,0.001639723240303037,0.0016396476082984606,0.0016396831295221212,0.0016398546654497542,0.4930623881711802,0.0016395765034966136,0.0016394689507621006,0.12427525761429657,0.3711848849320707
7916_at,0.001785921076030248,0.0017864773370869906,0.5515159400875297,0.001785856045924325,0.0017861945148637452,0.0017859485100497792,0.08642454275666542,0.34955660813042816,0.0017859893820046655,0.0017865221594169946
7917_at,0.0007196247094518575,0.9846278175078669,0.0007195825947846162,0.0007195688678913331,0.000719508678729337,0.0007194967310394315,0.009615712733733288,0.000719606581452805,0.000719604044148144,0.0007194775509024319
7918_at,0.0011496585835300125,0.5981899346108162,0.0881953483024509,0.001149607210321762,0.0011495646568963828,0.09830920162390264,0.0011495565331002702,0.0011495094115059829,0.20840811979667423,0.0011494992708016873
7922_at,0.002857212469256487,0.0028575323050639757,0.00285736843230408,0.002857375236989407,0.0028577014704461567,0.0028572214132701096,0.7468271211618156,0.0028573285972983372,0.23031390957801312,0.0028572293355428966
7923_at,0.000757615278478093,0.0007576432930396253,0.22754605992689766,0.0007576189374231476,0.0007576569771685793,0.0007576775274293505,0.4404448078480884,0.3267056471715199,0.0007576604389587908,0.0007576126009965227
7926_at,0.0018182498397189082,0.3886927644066171,0.0018186471494192984,0.0018183160574713425,0.0018184341761682756,0.0018182604027215425,0.5967600986776963,0.0018182802769132274,0.0018187057503490378,0.001818243262924983
7927_at,0.0019238361210238662,0.764540033470704,0.0019233112425569,0.001923916980809223,0.20023715170608106,0.001923346405708096,0.0019232107089187708,0.0019232714126290885,0.0019231574437098972,0.021758764507859088
7928_at,0.00212770704280834,0.002127817460447193,0.1493588369045905,0.002127858344296696,0.47397563569628776,0.0021285685470153796,0.3617699319710529,0.002127909333227863,0.0021277197403588516,0.0021280149599145243
7929_at,0.012500331036387523,0.012500206010416504,0.012500220395623764,0.012500099579751582,0.8874945073146624,0.012500279415173933,0.012501195756634975,0.012502744781143271,0.012500144971262825,0.012500270738943343
7931_at,0.7699201902017555,0.001587748648890447,0.001587840692640181,0.001587801498114477,0.0015877980657653295,0.08055917487892326,0.13840619146857272,0.0015875897323678865,0.001587615450874632,0.001588049362095526
7932_at,0.002857449038731059,0.002857992922083204,0.4720971256621901,0.002857691879028116,0.0028580062143206265,0.0028578740124205852,0.002857603388538354,0.29174030131873246,0.2161580523436953,0.0028579032202603
7938_at,0.0008621813768105408,0.0008621872268878064,0.09708991283251153,0.8539640413900169,0.0008622114888929822,0.0008621655462465336,0.0008621524729178493,0.04291088372447564,0.0008621492643847022,0.0008621146768554824
7942_at,0.7411111620800389,0.0020409002724636363,0.0020409302018999692,0.002040872551150683,0.002040871753370102,0.07786387678711752,0.16673864869370347,0.00204088383522283,0.0020408956668517375,0.0020409581581811403
7943_at,0.0018868987203008252,0.0018869750800047445,0.0018869531448901112,0.001886814635106141,0.26430883656823284,0.0018870187477208124,0.7205949980872188,0.0018871351600494317,0.0018874178535572916,0.0018869520029187773
7944_at,0.0023815681579594673,0.0023819819564233373,0.25706312325628156,0.0023812101531713193,0.002381772301762282,0.0023815334337988162,0.6582447722409749,0.06802135417879292,0.002381486074146481,0.0023811982466889004
7945_at,0.0029421998268198087,0.20344728542445564,0.0029417715025825885,0.0029421394742672933,0.34676252330805013,0.002942768701641169,0.32105924843847455,0.11107866914644053,0.0029417913731344726,0.0029416028041336115
7947_at,0.3443466345779483,0.0011765976239086681,0.051555301190718925,0.001176547251258599,0.0011765417074776209,0.0011766371821211306,0.001176550962582774,0.001176522295982826,0.001176565822027459,0.5958621013859737
7949_at,0.0006493989924306801,0.3592364304051762,0.0006494917000201452,0.0006494911474434074,0.0006494095531851612,0.6355679107629807,0.0006495713833587239,0.0006493868197375238,0.0006495198175087604,0.0006493894181587997
7951_at,0.0014493990881647132,0.0014496979495555447,0.0014498024985996367,0.050031082962604896,0.18343124315065398,0.001449527268087414,0.3941705895004568,0.06616938437491023,0.2667938965538227,0.03360537665314403
7954_at,0.067860562236534,0.530709209009118,0.0006536981853961525,0.0006541006610201283,0.0006536779430148949,0.2663843165425132,0.0006536322194785716,0.07731634230272942,0.0006537038144798107,0.054460757085715766
7955_at,0.0009711782870233783,0.9912607622418802,0.0009710721072630996,0.0009710085727930792,0.0009709669152564985,0.0009710708676299055,0.0009709701791065209,0.000970938906986576,0.0009709761807782028,0.0009710557412825636
7957_at,0.0038464294250952855,0.0038472436109196675,0.7074193611874978,0.0038466701274640523,0.26180505967756135,0.003846719805702293,0.0038469162050308167,0.0038465552573353737,0.0038471649035332223,0.003847879799859991
7958_at,0.0013334459631613841,0.0013335932918915952,0.0013334277645686789,0.0013334791507916754,0.40860524212876476,0.5807270411335779,0.0013334508582104284,0.0013335357504364505,0.001333388262659847,0.0013333956959374314
7959_at,0.007693635800984547,0.007693321683364142,0.007694741797646582,0.0076926206831462824,0.8453194865926068,0.007692996993643618,0.0076933067149939196,0.09313293923203633,0.007694256203198639,0.007692694298379336
7960_i_at,0.8294963880239221,0.0014286738783513778,0.0014287386674039738,0.001429920047006298,0.001428687358613337,0.0014287226105765501,0.0014287366754773486,0.0014286641320218987,0.0014287673909481207,0.15907270121567893
7961_f_at,0.8294963880239221,0.0014286738783513778,0.0014287386674039738,0.001429920047006298,0.001428687358613337,0.0014287226105765501,0.0014287366754773486,0.0014286641320218987,0.0014287673909481207,0.15907270121567893
7962_s_at,0.8321678016559713,0.0008547633555148754,0.000854795584715304,0.014653600577705336,0.0008547701628606779,0.0008547899250223392,0.0008548081734334711,0.0008547613789581182,0.0008548237621333254,0.1471950854236854
7964_at,0.0025642569273059052,0.08556371936037334,0.0025648110655037285,0.002564375110516988,0.4988703617979064,0.002564327696778107,0.3419534728253565,0.05822608281447228,0.0025642457633608356,0.0025643466384259656
7967_at,0.26634650653251885,0.003448966880510137,0.0034496732917139116,0.0034484502519257785,0.0034488875457365526,0.3698424917555592,0.003449911289348669,0.04319043706049967,0.0034486212378931455,0.299926054154294
7969_at,0.004000741780283839,0.004001740076340122,0.004000662495805955,0.004000223131366056,0.963995306541796,0.004000289107619175,0.004000122764209288,0.004000315235418015,0.004000434508232616,0.0040001643589288455
7974_at,0.0011630094812113139,0.001163025321919309,0.0011629514699842535,0.8622103930059839,0.1284860120569373,0.0011628603622145515,0.001162914409542842,0.0011629206849704604,0.001163062711768871,0.001162850495467212
7978_at,0.2428232904599987,0.0013335003231108489,0.6357239656610136,0.00133373345669256,0.0013335339675600733,0.0013336884681345695,0.001333936482155943,0.0415083905383917,0.0013335219945440281,0.0719424386483979
7980_at,0.0012821903297562942,0.0012822496861662962,0.0012821206456310932,0.0012821375750268395,0.0012823741638307007,0.0012820767041904681,0.2230069574010665,0.7667356286791192,0.001282191330083799,0.0012820734851289903
7981_at,0.0038470865462426817,0.0038470802484294143,0.27864589359834596,0.0038465633119508925,0.6905807006174988,0.0038462765135369574,0.0038466688127241776,0.00384676681402959,0.0038466891616519504,0.0038462743755897713
7982_at,0.004348100219900348,0.004348335640989508,0.004348316055632137,0.0043481542196825256,0.26427025326584525,0.004348405633495924,0.70094369213,0.004348172368791823,0.004348370224790279,0.004348200240872207
7984_s_at,0.9891556100342678,0.0012048817491782454,0.0012049194093655727,0.0012049054254693998,0.0012049619977865477,0.0012049198358818325,0.0012049058683693008,0.0012048907267752462,0.0012050408513119089,0.0012049641015941125
7985_at,0.001724408902305943,0.9469024544136778,0.039301833477152756,0.0017243514712610426,0.001724619601312957,0.0017243745745696172,0.0017244559417791436,0.0017242659010115516,0.001724984408973082,0.001724251307956121
7986_at,0.0012347741591659225,0.0012351246095828202,0.0012349384016078935,0.0012347262549056886,0.19414620922498355,0.0012348960032090932,0.001234684532283346,0.7959751905400918,0.0012347942741876444,0.0012346619999824594
7987_at,0.037762920272467825,0.0011497099514420307,0.22534604278125422,0.001149544265731048,0.0011495072098486872,0.0011496995983455976,0.019805123594981888,0.15877111027862356,0.0011496420847541653,0.5525666999625511
7989_at,0.1453047523695671,0.0011365078668675802,0.0011365050796579318,0.0011365121642533146,0.0011366401216374128,0.2514230576819644,0.516120923635005,0.08033216268003895,0.001136443840125185,0.001136494560883233
7990_at,0.002127783591908663,0.37711555168444083,0.0021281827286359295,0.002127973140536496,0.2456364870885302,0.0021278145295880466,0.0021279629528800797,0.002128037118413502,0.36235243461183597,0.0021277725532303344
7991_at,0.0023259185087761134,0.0023257935221798914,0.0023261411224834005,0.0023257702240119344,0.0023260341744364443,0.9790670556940104,0.0023258077859866205,0.002325785621497313,0.00232575383223729,0.0023259395143804657
7992_at,0.0018874535091176002,0.0018870808635443937,0.0018872777901483503,0.0018871646183944639,0.0018874627056248295,0.25849721541791615,0.001886977045019129,0.0018869987382036449,0.7264048855575241,0.0018874837545072754
7993_at,0.0017244728271205703,0.9498121374632768,0.0017244295405379124,0.03639302524690041,0.0017243275482894177,0.0017245122106081846,0.001724291783465542,0.0017243034190334917,0.0017242346821929033,0.0017242652785747982
7994_at,0.0014712075357088867,0.0014708668916527112,0.0014708039853565228,0.0014706973081318193,0.0014710575641351683,0.9867623333390445,0.0014707517652441681,0.0014708224177806739,0.0014707857062092418,0.0014706734867362809
7997_at,0.001370301189712301,0.0013700421776726278,0.0013700366566940243,0.0013700131054236848,0.0013699961956317262,0.0013700428747093778,0.9876693823518501,0.0013701775128940952,0.0013700643305092743,0.0013699436049028793
7998_at,0.0250012020338043,0.025000968115839836,0.025000967193211147,0.02500050302084949,0.7749916534386594,0.025001045378897028,0.025001074634931737,0.025000844054809065,0.02500071654430239,0.025001025584695573
7999_at,0.004546179643715031,0.22537979952944764,0.004547035071336742,0.004546104563494913,0.5853687746853267,0.004545633179587321,0.15742858668081694,0.004546080532409666,0.004546188201162589,0.004545617912702531
8000_i_at,0.9826907046784975,0.0019232242787789906,0.001923265118573541,0.0019232906958076453,0.0019231788534769074,0.0019232849472088378,0.0019231488618392408,0.0019231643599759317,0.0019231972707933224,0.001923540935048111
8002_at,0.0005263344852426023,0.0005263602076796143,0.0005263663882514549,0.9952627419222536,0.0005263896961472531,0.0005263522126953854,0.000526372021673769,0.0005263417582775992,0.0005263968726830733,0.0005263444350955411
8003_at,0.0038465705776095415,0.003848462364092745,0.5081769411299696,0.0038467424177154245,0.46104701153873023,0.003847803325021676,0.0038467571250998147,0.0038462949107735287,0.0038465836183114,0.00384683299267608
8005_at,0.00333375690370556,0.0033337938609751387,0.6143060162663252,0.0033336823814337203,0.3590242002667956,0.003333743594597636,0.0033335727350174114,0.0033335049778205057,0.003333986150612585,0.003333742862716632
8006_at,0.0017858986317811246,0.0017859384711447924,0.0017859596988547023,0.0017857596378660421,0.3398912377844218,0.0017859309123325795,0.0017860382253648505,0.6458213520055369,0.0017860909596453462,0.0017857936730518683
8007_at,0.04661854852075805,0.0014495072603398198,0.7131773064869431,0.0014496379168573435,0.23005734644878695,0.00144960319054239,0.0014493921267908223,0.001449606479475249,0.0014494345477039324,0.0014496170218023785
8008_at,0.0009436377853889554,0.9038813159205485,0.0009435804713010695,0.0009435224624058783,0.0009435071044614721,0.015523838197521967,0.0009434813826017831,0.07399009644500933,0.000943518986109108,0.0009435012446519324
8009_at,0.002439913102438136,0.0024396465226542495,0.0024398332177080814,0.002439943613527401,0.09925901321107303,0.7011321220910702,0.002439370573678276,0.18253104285926222,0.0024391712991430644,0.002439943509445209
8010_i_at,0.0008851210000554336,0.18508578058521838,0.4808540139608643,0.0008851894677790317,0.0008852914740150884,0.20526799589319242,0.021049533180184845,0.0008850675087582251,0.07746940257282947,0.02673260435710278
8011_at,0.1750003021404488,0.0011908993746454716,0.6831042570146963,0.0011907375211406917,0.0011906800596832275,0.0011906767849620189,0.0011906062103114318,0.0011906380928994745,0.0011905614848103094,0.13356064131640225
8012_at,0.012500331036387523,0.012500206010416504,0.012500220395623764,0.012500099579751582,0.8874945073146624,0.012500279415173933,0.012501195756634975,0.012502744781143271,0.012500144971262825,0.012500270738943343
8013_at,0.988155951008751,0.0013158968029255416,0.0013160768520104,0.001316136999805153,0.0013159088712366247,0.0013161463914537492,0.0013160049356016697,0.0013160046109634957,0.0013159826491729182,0.001315890878079381
8014_at,0.0012659525329709416,0.6049759690961335,0.0012660676121149738,0.016456103569422797,0.0012662167383223986,0.0012662438099851404,0.0012660137306821566,0.3341224459194784,0.0012659876800452136,0.036848999310844455
8015_at,0.0008404585678231823,0.07620842645370633,0.15323344530857086,0.3123112859297544,0.0008405194413426363,0.03913609792948115,0.0008404342410153411,0.0008404826741017045,0.17469113291592575,0.24105771653827865
8019_s_at,0.003125199623730063,0.003125487061842427,0.0031254617825805923,0.003125604693609631,0.8190454480223842,0.003125462563419229,0.0031253212111742885,0.1559512952955674,0.0031254399701245057,0.003125279775567739
8020_s_at,0.0017858735431600546,0.0017860076791484428,0.0017861433206228738,0.0017859033766162724,0.0017859563614009645,0.0017859131946609337,0.5218735053550938,0.0017858976565389153,0.46383895165878225,0.0017858478539755
8022_at,0.0022225917643292213,0.0022228036682060805,0.0022229462067020317,0.002222670514791185,0.08825981257267362,0.0022227423801439803,0.002222541935193676,0.07860774914070942,0.8175732598822283,0.002222881935022363
8028_at,0.0012821361143417085,0.3439717574444957,0.29461603626837896,0.1798978588023043,0.0012822436517609286,0.173821274918558,0.0012821390186602006,0.0012821038428115197,0.0012822874540052492,0.0012821624846834825
8029_at,0.0013702815009134872,0.0013700714963193752,0.0013701734692333953,0.001369989021868732,0.0013700524138208743,0.001370033546548797,0.0013699640396540422,0.0013699454885897672,0.10241479974464784,0.8866246892784037
8031_at,0.0037038349472600087,0.0037038213350514245,0.0037039329723816167,0.003703776623456376,0.9666643693280076,0.0037038698906816632,0.003704126853976045,0.0037044800684765907,0.0037038929962427774,0.003703894984465908
8032_at,0.01428813306999996,0.014287752988741631,0.014292472735033344,0.014286233602428373,0.8714111944246843,0.014286905626201206,0.014286144900360436,0.014286342444182807,0.014288630854441205,0.014286189353926768
8033_at,0.049383351544937594,0.0017244101696248057,0.0017247289653094175,0.0017242421687266435,0.0017243168602399243,0.15459835338840686,0.7839471422032122,0.0017245592314775124,0.0017247174224431082,0.00172417804562208
8037_at,0.0016949808568975616,0.4335973985552647,0.0016951837007371214,0.0016952255106841862,0.5528415137738154,0.001695013193121343,0.0016950645049938525,0.001695065343021068,0.0016955729406782393,0.0016949816207865779
8038_at,0.002941308054110803,0.08767926357273934,0.00294136924804718,0.0029413507497289635,0.8887885359326113,0.002942068598657163,0.002941560236604606,0.002941831700434989,0.0029413038109892186,0.00294140809607637
8040_at,0.02500000000351014,0.025000000002521908,0.0250000000027002,0.7749976453316477,0.02500000000249068,0.02500166754691233,0.025000152287862062,0.025000534806157264,0.02500000001183946,0.025000000004358158
8047_at,0.02500000000351014,0.025000000002521908,0.0250000000027002,0.7749976453316477,0.02500000000249068,0.02500166754691233,0.025000152287862062,0.025000534806157264,0.02500000001183946,0.025000000004358158
8048_at,0.02500000000351014,0.025000000002521908,0.0250000000027002,0.7749976453316477,0.02500000000249068,0.02500166754691233,0.025000152287862062,0.025000534806157264,0.02500000001183946,0.025000000004358158
8049_at,0.02500000000351014,0.025000000002521908,0.0250000000027002,0.7749976453316477,0.02500000000249068,0.02500166754691233,0.025000152287862062,0.025000534806157264,0.02500000001183946,0.025000000004358158
8050_at,0.02500000000351014,0.025000000002521908,0.0250000000027002,0.7749976453316477,0.02500000000249068,0.02500166754691233,0.025000152287862062,0.025000534806157264,0.02500000001183946,0.025000000004358158
8051_i_at,0.02500000000352861,0.025000000002522695,0.025000000002714035,0.7749985680664556,0.025000050382216726,0.025000000004070565,0.025000000002338197,0.025000273038845982,0.025000000002459426,0.025001108494848195
8052_r_at,0.02500000000352861,0.025000000002522695,0.025000000002714035,0.7749985680664556,0.025000050382216726,0.025000000004070565,0.025000000002338197,0.025000273038845982,0.025000000002459426,0.025001108494848195
8054_at,0.03333591443775885,0.0333351320329776,0.03333918371261637,0.03333441336691523,0.69995607732382,0.03334598028509558,0.033335640885258117,0.03333514572200025,0.0333348718912377,0.0333476403423203
8056_at,0.03333591443775885,0.0333351320329776,0.03333918371261637,0.03333441336691523,0.69995607732382,0.03334598028509558,0.033335640885258117,0.03333514572200025,0.0333348718912377,0.0333476403423203
8062_at,0.03333591443775885,0.0333351320329776,0.03333918371261637,0.03333441336691523,0.69995607732382,0.03334598028509558,0.033335640885258117,0.03333514572200025,0.0333348718912377,0.0333476403423203
8064_at,0.02500000000352861,0.025000000002522695,0.025000000002714035,0.7749985680664556,0.025000050382216726,0.025000000004070565,0.025000000002338197,0.025000273038845982,0.025000000002459426,0.025001108494848195
8066_at,0.02500000000352861,0.025000000002522695,0.025000000002714035,0.7749985680664556,0.025000050382216726,0.025000000004070565,0.025000000002338197,0.025000273038845982,0.025000000002459426,0.025001108494848195
8070_at,0.02500000000352861,0.025000000002522695,0.025000000002714035,0.7749985680664556,0.025000050382216726,0.025000000004070565,0.025000000002338197,0.025000273038845982,0.025000000002459426,0.025001108494848195
8077_at,0.02500000000352861,0.025000000002522695,0.025000000002714035,0.7749985680664556,0.025000050382216726,0.025000000004070565,0.025000000002338197,0.025000273038845982,0.025000000002459426,0.025001108494848195
8078_at,0.02500000000352861,0.025000000002522695,0.025000000002714035,0.7749985680664556,0.025000050382216726,0.025000000004070565,0.025000000002338197,0.025000273038845982,0.025000000002459426,0.025001108494848195
8085_at,0.02500000000351014,0.025000000002521908,0.0250000000027002,0.7749976453316477,0.02500000000249068,0.02500166754691233,0.025000152287862062,0.025000534806157264,0.02500000001183946,0.025000000004358158
8086_at,0.02500000000351014,0.025000000002521908,0.0250000000027002,0.7749976453316477,0.02500000000249068,0.02500166754691233,0.025000152287862062,0.025000534806157264,0.02500000001183946,0.025000000004358158
8087_at,0.02500000000352861,0.025000000002522695,0.025000000002714035,0.7749985680664556,0.025000050382216726,0.025000000004070565,0.025000000002338197,0.025000273038845982,0.025000000002459426,0.025001108494848195
8089_at,0.02500000000351014,0.025000000002521908,0.0250000000027002,0.7749976453316477,0.02500000000249068,0.02500166754691233,0.025000152287862062,0.025000534806157264,0.02500000001183946,0.025000000004358158
8091_at,0.02500000000352861,0.025000000002522695,0.025000000002714035,0.7749985680664556,0.025000050382216726,0.025000000004070565,0.025000000002338197,0.025000273038845982,0.025000000002459426,0.025001108494848195
8092_i_at,0.02500000000351014,0.025000000002521908,0.0250000000027002,0.7749976453316477,0.02500000000249068,0.02500166754691233,0.025000152287862062,0.025000534806157264,0.02500000001183946,0.025000000004358158
8093_r_at,0.02500000000351014,0.025000000002521908,0.0250000000027002,0.7749976453316477,0.02500000000249068,0.02500166754691233,0.025000152287862062,0.025000534806157264,0.02500000001183946,0.025000000004358158
8094_f_at,0.02500000000351014,0.025000000002521908,0.0250000000027002,0.7749976453316477,0.02500000000249068,0.02500166754691233,0.025000152287862062,0.025000534806157264,0.02500000001183946,0.025000000004358158
8096_at,0.02500000000351014,0.025000000002521908,0.0250000000027002,0.7749976453316477,0.02500000000249068,0.02500166754691233,0.025000152287862062,0.025000534806157264,0.02500000001183946,0.025000000004358158
8113_at,0.001562666407227475,0.0015628615843051397,0.09833847966792751,0.13397602970015696,0.72999668316294,0.0015628742804580454,0.028311980952459116,0.0015628215235615013,0.001562749116513268,0.001562853604451134
8117_i_at,0.02500000000351014,0.025000000002521908,0.0250000000027002,0.7749976453316477,0.02500000000249068,0.02500166754691233,0.025000152287862062,0.025000534806157264,0.02500000001183946,0.025000000004358158
8120_at,0.02500000000351014,0.025000000002521908,0.0250000000027002,0.7749976453316477,0.02500000000249068,0.02500166754691233,0.025000152287862062,0.025000534806157264,0.02500000001183946,0.025000000004358158
8124_at,0.0009010735636900933,0.0009009384971923482,0.6703463516437653,0.031006411253865166,0.0009010361381072634,0.0009010130577497577,0.1931916394958508,0.10004951927929613,0.0009010404270240583,0.0009009766434589911
8125_at,0.02500000000351014,0.025000000002521908,0.0250000000027002,0.7749976453316477,0.02500000000249068,0.02500166754691233,0.025000152287862062,0.025000534806157264,0.02500000001183946,0.025000000004358158
8126_at,0.02500000000352861,0.025000000002522695,0.025000000002714035,0.7749985680664556,0.025000050382216726,0.025000000004070565,0.025000000002338197,0.025000273038845982,0.025000000002459426,0.025001108494848195
8129_at,0.006250067505876718,0.006250073662648916,0.006250036760903228,0.19395322935226383,0.7560443808019237,0.006250029203704097,0.006250529851606843,0.006251204351108202,0.006250167311114835,0.006250281198849535
8130_at,0.02500000000352861,0.025000000002522695,0.025000000002714035,0.7749985680664556,0.025000050382216726,0.025000000004070565,0.025000000002338197,0.025000273038845982,0.025000000002459426,0.025001108494848195
8133_at,0.02500000000351014,0.025000000002521908,0.0250000000027002,0.7749976453316477,0.02500000000249068,0.02500166754691233,0.025000152287862062,0.025000534806157264,0.02500000001183946,0.025000000004358158
8137_at,0.02500000000351014,0.025000000002521908,0.0250000000027002,0.7749976453316477,0.02500000000249068,0.02500166754691233,0.025000152287862062,0.025000534806157264,0.02500000001183946,0.025000000004358158
8138_at,0.0014493286149491523,0.0014493527197037015,0.0014493959597109605,0.0014494317141146144,0.0014497151950847412,0.001449328849174864,0.6983737551694873,0.29003083230703874,0.0014495303213952625,0.0014493291493406393
8140_at,0.0022224895612002198,0.4455614992635695,0.06633695559645236,0.20077842789254544,0.0022225080865718233,0.0022231012429834726,0.14097236129161292,0.0022223551369792392,0.1352376346721956,0.0022226672558894136
8142_s_at,0.0017545697205654965,0.0017546812858688305,0.0017547685864285607,0.0017545504028569994,0.0017546562003981452,0.0017545674643808058,0.5135667953835608,0.00175454863473715,0.472396345010921,0.0017545173102822232
8143_at,0.004348223203323957,0.0043487344686347126,0.004348755425560043,0.004349552194437002,0.8193893149882184,0.004348757488223662,0.004348343040617206,0.14582134043164108,0.004348599770933912,0.004348378988409965
8144_g_at,0.004348223203323957,0.0043487344686347126,0.004348755425560043,0.004349552194437002,0.8193893149882184,0.004348757488223662,0.004348343040617206,0.14582134043164108,0.004348599770933912,0.004348378988409965
8146_at,0.014286160030429082,0.014286012299204386,0.014286159513924842,0.014285848357577105,0.8714207236918668,0.014286185694189709,0.01428745420717041,0.014289294076312681,0.014285921394388229,0.014286240734936744
8147_s_at,0.10400469566405374,0.001449402869776451,0.0014494369920099177,0.0014493537754632524,0.8843996920450529,0.0014494906927776869,0.0014494042393105012,0.0014494310992538154,0.0014497628955404027,0.0014493297267612942
8149_at,0.012500505180549754,0.012500249288713013,0.012500288808070794,0.012500124785775262,0.8874973271879252,0.012500211296492536,0.012500286802259517,0.012500246694842843,0.012500581760196517,0.012500178195174435
8151_s_at,0.0032259382543879133,0.003227206523003852,0.003226709820305767,0.003226621999825156,0.0032266958589204876,0.003226609237882867,0.003226313294806633,0.0032261160810881967,0.9709606955278285,0.003227093401950634
8152_f_at,0.0032259382543879133,0.003227206523003852,0.003226709820305767,0.003226621999825156,0.0032266958589204876,0.003226609237882867,0.003226313294806633,0.0032261160810881967,0.9709606955278285,0.003227093401950634
8153_at,0.02500000000351014,0.025000000002521908,0.0250000000027002,0.7749976453316477,0.02500000000249068,0.02500166754691233,0.025000152287862062,0.025000534806157264,0.02500000001183946,0.025000000004358158
8154_at,0.02500000000352861,0.025000000002522695,0.025000000002714035,0.7749985680664556,0.025000050382216726,0.025000000004070565,0.025000000002338197,0.025000273038845982,0.025000000002459426,0.025001108494848195
8157_at,0.02500000000351014,0.025000000002521908,0.0250000000027002,0.7749976453316477,0.02500000000249068,0.02500166754691233,0.025000152287862062,0.025000534806157264,0.02500000001183946,0.025000000004358158
8158_g_at,0.02500000000351014,0.025000000002521908,0.0250000000027002,0.7749976453316477,0.02500000000249068,0.02500166754691233,0.025000152287862062,0.025000534806157264,0.02500000001183946,0.025000000004358158
8159_at,0.02500000000351014,0.025000000002521908,0.0250000000027002,0.7749976453316477,0.02500000000249068,0.02500166754691233,0.025000152287862062,0.025000534806157264,0.02500000001183946,0.025000000004358158
8160_at,0.02500000000352861,0.025000000002522695,0.025000000002714035,0.7749985680664556,0.025000050382216726,0.025000000004070565,0.025000000002338197,0.025000273038845982,0.025000000002459426,0.025001108494848195
8161_at,0.0011766411145321175,0.0011765731989161266,0.9573539775647739,0.001176568153556117,0.03323298927392879,0.001176642922482037,0.0011767299333361443,0.001176773835180595,0.0011765343875208517,0.00117656961577321
8162_at,0.0007937309088514722,0.0007937381038199829,0.0007937333764325872,0.8829943104661505,0.0007939229386885708,0.0007937026263718356,0.11065551335569179,0.0007939139476477609,0.0007937471792080781,0.0007936870971374959
8165_at,0.0250012020338043,0.025000968115839836,0.025000967193211147,0.02500050302084949,0.7749916534386594,0.025001045378897028,0.025001074634931737,0.025000844054809065,0.02500071654430239,0.025001025584695573
8166_at,0.510523174514461,0.47408879548160443,0.0019235379570376092,0.001923349024784887,0.001923547141215371,0.001923687914223567,0.0019236386593538947,0.0019233322894774134,0.0019233781333454663,0.0019235588844962806
8167_at,0.0011364714168271219,0.8018400728749276,0.0011367567514189898,0.001136620893082452,0.0011364856433731822,0.001136692226069755,0.0011364774239506835,0.0011364508042493815,0.18906746162814328,0.0011365103379573172
8168_at,0.9795444541618907,0.002272798485130586,0.0022728496561364013,0.0022727520974535455,0.002272939671812193,0.0022728265725489387,0.0022728148021273404,0.0022728730198137968,0.002272797891875323,0.002272893641211132
8172_at,0.0014287669010090791,0.0014287657378830052,0.001428700685531639,0.0014286209956732843,0.0014286582506120595,0.9871418981635889,0.0014286686047402886,0.001428653147841648,0.001428650761741924,0.001428616751378247
8173_at,0.0012659522122185037,0.001265965820566692,0.05140885744590916,0.0012658857381583298,0.0012659876042427187,0.0012658721397706106,0.9384636500920974,0.0012659341141212001,0.0012660171351948912,0.0012658776977204635
8179_at,0.0011238242793074438,0.0011239090316888531,0.04737272513395046,0.9436367264989614,0.0011238258062845243,0.0011238006145838598,0.001123789173179003,0.0011238728976747877,0.001123798066490399,0.0011237284978792695
8181_at,0.002777814357799564,0.0027780017397918337,0.002778015271239983,0.002777994710039774,0.5741336943408658,0.002778135115534711,0.0027783473277197086,0.4036421188991477,0.0027780366841610197,0.00277784155369984
8182_at,0.0025000653538247027,0.0025004412755263296,0.0025004345363624086,0.002500211391353013,0.589220655839992,0.0025003534680010167,0.002500611617038211,0.390776818723361,0.0025003440753360614,0.0025000637192052013
8184_at,0.0018523744609816408,0.001851955093000912,0.0018519903722848915,0.4507926090303316,0.0018519118619694905,0.30928189796001143,0.0018519043861853477,0.0018518999184844232,0.0018519490180605132,0.22696150789868996
8185_at,0.0012349080710140849,0.0012348075807543711,0.0012347888122966636,0.49103247225868707,0.001234744755157534,0.25620767551253026,0.001234681476483751,0.001234635961401966,0.0012348493442075968,0.2441164362274667
8187_at,0.033335917135242525,0.033335580299177194,0.0333366411278115,0.03333441365150809,0.6999769912434084,0.03333636142123526,0.033336719387563565,0.033335460879246215,0.03333496853814229,0.0333369463166649
8191_at,0.0017243664241525275,0.3395626285015933,0.0017245273756387868,0.04008308156148649,0.17628553325368684,0.0017243479796595752,0.11818306935483319,0.04459421461526558,0.2743940249465316,0.0017242059871522143
8192_at,0.001265865461193232,0.0012658790506848189,0.0012659013899361754,0.01570798019841435,0.0012659617236868163,0.0012658690986854487,0.001265966340937399,0.9741645451058509,0.001266174348208035,0.0012658572824028635
8194_at,0.06864872777894988,0.00322609513602683,0.0032263127889295097,0.0032258983846577853,0.0032264615968894523,0.5304783221043488,0.37828981406584516,0.00322593256073431,0.003226058058452842,0.0032263775251655013
8196_at,0.004167143585065026,0.004167400342995351,0.5846362487048525,0.004167236703098313,0.3820253629146557,0.004167955748469844,0.004166984143448713,0.004167131402235745,0.004167116949198081,0.0041674195059805815
8198_at,0.0026320623586672367,0.16827781131659045,0.002631858704101916,0.002631882600715479,0.08302301526161157,0.33673303385858117,0.3961746600633688,0.0026316944616940675,0.0026321506136726615,0.0026318307609967985
8199_at,0.003030639164425931,0.003031084326741631,0.12879231362375243,0.0030309492055629705,0.13156876800930214,0.003030887073304976,0.7184231010676422,0.0030306392179422644,0.0030307236024615667,0.003030894708863811
8200_at,0.0015392257817522668,0.0015386406374617058,0.0015389672908815617,0.02862325710944394,0.0015388913776201243,0.0015386222308653198,0.9249711523456657,0.0015389462864665061,0.03563330331865034,0.0015389936211923953
8203_at,0.0014086685432881001,0.001408828351245755,0.6434354570464275,0.12460292542238012,0.0014085861130818938,0.13543513398424,0.0014085505433884273,0.08807383826709435,0.0014092815562220323,0.0014087301726317446
8205_at,0.9706275450760182,0.0008130965494990136,0.0008132937050750206,0.0008132324960330955,0.0008130442460596692,0.022867263187093003,0.0008130943398989108,0.0008130665033844059,0.0008131993288444984,0.0008131645680941631
8207_at,0.0008696408868209168,0.000869723871468632,0.000869773908877528,0.0008696512682168785,0.10568835121872655,0.0008696151738663893,0.6746539323974937,0.0008699032632483897,0.21356980388432184,0.0008696041269592173
8213_at,0.00196088108496281,0.001961090191110883,0.001961263039321758,0.001960971409120281,0.0019609925441042013,0.001961023453354807,0.397905209503671,0.0019609257535563385,0.5864066890535997,0.0019609539671982135
8214_at,0.0020836601357287175,0.002084059760852385,0.002083783273629964,0.002083516348908707,0.9812471490741375,0.0020837642197538246,0.0020835327386336923,0.002083647629571318,0.0020835193083696716,0.0020833675104142144
8215_at,0.0250012020338043,0.025000968115839836,0.025000967193211147,0.02500050302084949,0.7749916534386594,0.025001045378897028,0.025001074634931737,0.025000844054809065,0.02500071654430239,0.025001025584695573
8216_at,0.05062793015650934,0.549036893398672,0.0005650550723773225,0.0005650412459304736,0.0005650466591770016,0.06520993394108657,0.03666835932727436,0.2956316959326638,0.0005650417703795169,0.0005650024959295057
8217_at,0.0016668801946108577,0.0016668119530559185,0.0016667578649840304,0.0016667309297832488,0.00166702562932621,0.0016667646249464575,0.0016668020537796927,0.9849988007254942,0.0016667158391713325,0.0016667101848482494
8218_at,0.001388966294234284,0.001389032540412788,0.3093196372114227,0.0013889737873955185,0.0013892727255397216,0.001388937674132469,0.0013891011266490077,0.6795679574977144,0.001389195489171972,0.0013889256533270262
8219_at,0.12380955994454457,0.470990235933241,0.001724515663387059,0.0017243462036571802,0.0017244608977725416,0.0017244913061612022,0.0017244376333591458,0.39312936041316254,0.0017242332084179968,0.0017243587962968183
8225_at,0.0823846303041058,0.07623641804356461,0.0012349243054294076,0.0012348229282031073,0.0012347940774642603,0.001234928994936546,0.12116783494109323,0.0012347465521162775,0.7128021793237086,0.0012347205293782816
8227_at,0.0012987642162490655,0.04318955310681606,0.0012988630865234361,0.9464195050172803,0.0012989958220248061,0.0012989492903061708,0.0012988269133895158,0.0012988452228754352,0.0012988158940907084,0.0012988814304445023
8228_at,0.0025003075104747534,0.002500841221972482,0.0025003262486986227,0.45689440434500267,0.49249083665249976,0.0025002959516327626,0.002501660845563588,0.002500340158165462,0.002500291156582815,0.03311069590940698
8231_at,0.001961112075836465,0.0019613919770886034,0.08324399388127647,0.7383329782842044,0.0019609900070723615,0.12299995389898864,0.043656631043947305,0.001961022995733615,0.0019610274498174994,0.001960898386034664
8232_at,0.0015386561909786402,0.18867018069764546,0.0015387858840507163,0.0015386498200488053,0.165566955167973,0.001538805553552054,0.0015386690639532749,0.6349919195168287,0.0015387383376902163,0.0015386397672790713
8233_g_at,0.0014927242765030001,0.22311297760860402,0.0014928388685786075,0.0014927203696633176,0.15568578038148434,0.0014928551511912932,0.0014927385313258097,0.6107518581012908,0.0014928016054195766,0.0014927051059390034
8236_at,0.41838871252132814,0.006252445791134456,0.3916649899216532,0.006252341806004034,0.00625061726513828,0.1461885584770371,0.0062505994407944295,0.006250848745699743,0.006250696012677316,0.006250190018533336
8237_at,0.001429015783308267,0.001428779798904685,0.001429121480967331,0.001428716825644356,0.0014288419003348801,0.0014292075071971843,0.0014288506627620262,0.001428827864555007,0.8874031737973798,0.1011654643789465
8241_at,0.0016395139954591556,0.0016395027437691935,0.0016394493156067992,0.001639406118767553,0.001639596343738886,0.0016394536555037358,0.0016395218194895675,0.9852446202170599,0.0016395411743700594,0.0016393946162350335
8242_at,0.00312530816900228,0.003125159298999033,0.0031251185376006923,0.0031250627092065915,0.2304123974945646,0.003125090030435793,0.0031252398367360387,0.7445864628316867,0.003125097737983751,0.0031250633537845047
8243_at,0.0019610831037380357,0.0019608985131075386,0.0019610298344930467,0.0019608922615407362,0.0019609310018214882,0.7581291993723965,0.001960956376278166,0.001961219908206272,0.0019608557108011454,0.22618293391761699
8244_i_at,0.000943487628100008,0.0009434435910615188,0.0009435019421876555,0.0009434332047700745,0.0009436078878138052,0.0009435163539507271,0.0009435187657293455,0.0009434472720455376,0.0009434366277492412,0.9915086067265921
8245_r_at,0.000943487628100008,0.0009434435910615188,0.0009435019421876555,0.0009434332047700745,0.0009436078878138052,0.0009435163539507271,0.0009435187657293455,0.0009434472720455376,0.0009434366277492412,0.9915086067265921
8246_s_at,0.000943487628100008,0.0009434435910615188,0.0009435019421876555,0.0009434332047700745,0.0009436078878138052,0.0009435163539507271,0.0009435187657293455,0.0009434472720455376,0.0009434366277492412,0.9915086067265921
8247_at,0.0009434897586935216,0.0009434410588585859,0.0009435033728182092,0.0009434332044473746,0.0009434553557147734,0.0009435167194948353,0.0009435221612190922,0.0009434473868719102,0.0009434366274042978,0.9915087543544774
8248_at,0.0011494914257548557,0.21758223889516892,0.0011496108840894535,0.0011495427450657594,0.5391822896250312,0.001149638128402885,0.0011496923016417909,0.23518807973492373,0.0011498743099619,0.0011495419499595264
8252_at,0.5512033390971957,0.0015877229709864258,0.0015875219380648232,0.1255661278843247,0.0015873866794046318,0.31211825173777047,0.0015873632954856796,0.0015873968362675307,0.0015874013467434551,0.0015874882137567946
8255_at,0.002326280563507986,0.002326310506777022,0.11467507106326244,0.6190944273976593,0.0023262123700675615,0.14174819879504624,0.0023258595689699337,0.0023257459990076706,0.0023259618574903856,0.1105259318782115
8256_at,0.004762290232454577,0.004762790353763461,0.503643712650412,0.09227735920363617,0.2730594828138822,0.004763107829370541,0.10244253444628441,0.004763094864823841,0.004763220624073379,0.004762406981299322
8259_at,0.0025642419126097153,0.00256441399819776,0.39044442892706116,0.002564296091680757,0.2016887808623087,0.002564513807230754,0.002564366315525282,0.0025642578882337508,0.38991631736587856,0.0025643828312735084
8261_at,0.003030463484756441,0.0030309365196580307,0.24811732183516158,0.0030309580186355664,0.3442904706559714,0.003030465496869608,0.3863773172387305,0.0030305917367971853,0.003030986671227276,0.0030304883421923153
8262_at,0.004000528841907053,0.00400083814562733,0.004001136803693174,0.004000367293543217,0.45949153162756134,0.004000352263363181,0.5085041595885833,0.004000269410244953,0.004000525287118405,0.004000290738357996
8263_at,0.0020412261752026147,0.023347130353964754,0.0020409023902329677,0.0020408648755123136,0.002040897470819517,0.002040957340398147,0.0020408571253897664,0.002040868871664679,0.002040840950088118,0.9603254544467271
8264_at,0.0012659252629607133,0.0012660639783713342,0.001266004886308337,0.0012658817497529877,0.23043044113922803,0.0012659425523960852,0.7309524236092951,0.0012662938878347113,0.0297549821056787,0.0012660408281739079
8265_at,0.0045458593447749605,0.004546019021318863,0.2652632798077349,0.07390816398470168,0.6290070313812787,0.004546046586220502,0.004545677500930757,0.004545608768440924,0.004545959610453921,0.004546353994144778
8268_at,0.0027027687641777037,0.0027027567719782107,0.0027028845914598186,0.002702741264031504,0.6259334748497528,0.002702786647662434,0.002702921503422054,0.35244402757891075,0.0027028392173467776,0.0027027988112578558
8269_f_at,0.9804316352158299,0.0021741832472991973,0.002174492322801992,0.0021742327006733972,0.0021741649673391455,0.002174284471284613,0.0021740127394893317,0.002174098643742084,0.0021740827277101087,0.00217481296383028
8270_f_at,0.9804316352158299,0.0021741832472991973,0.002174492322801992,0.0021742327006733972,0.0021741649673391455,0.002174284471284613,0.0021740127394893317,0.002174098643742084,0.0021740827277101087,0.00217481296383028
8271_at,0.12947155814748346,0.001204989149173633,0.2063709400936424,0.0012049433982902447,0.0012053276711394866,0.08065647903449875,0.0012049323972892275,0.0012050572759033566,0.0012050589860763362,0.576270713846503
8272_at,0.0009903819056213015,0.0009902887594898384,0.000990461534357247,0.6170337358915945,0.0009903646779438175,0.2276963941000223,0.0009901867413193066,0.0009903692361736276,0.0009903269237804162,0.14833749022969756
8278_at,0.0009526731985066054,0.03860567538627014,0.2239862451929265,0.033872202759050715,0.000952584132774817,0.5087897656889587,0.000952500441731264,0.18998344300527165,0.0009524774143897928,0.0009524327801197762
8280_at,0.0010640450726360608,0.0010641503700728097,0.7019661461311222,0.1844217640942307,0.018530335862657697,0.08869779577112971,0.001063917091269568,0.0010639569286323466,0.0010639292118076733,0.0010639594664411502
8281_at,0.8339206190693178,0.0010207320591320063,0.0010205025768521138,0.0869830105346399,0.001020616380509988,0.0010205537698806228,0.0010205098844942072,0.0010206075887892227,0.07195240612648166,0.001020442009902535
8282_at,0.0028578464814284785,0.0028573796688215664,0.9742830158188288,0.0028572949200788176,0.0028573091630706626,0.0028576897501008574,0.0028573332014803204,0.0028572933909210272,0.002857215078031926,0.0028576225272375923
8284_at,0.0250012020338043,0.025000968115839836,0.025000967193211147,0.02500050302084949,0.7749916534386594,0.025001045378897028,0.025001074634931737,0.025000844054809065,0.02500071654430239,0.025001025584695573
8285_at,0.0034485847840559428,0.9171121123007849,0.003449503049416735,0.0034488657450646,0.003449178694162617,0.0034488816911777027,0.003448546677567518,0.0034484624591713444,0.003448857046138248,0.05529700755246035
8287_at,0.0016951086464968334,0.0016951360893619114,0.0016952111254904057,0.001695016827436517,0.0016954705335454005,0.0016949956094183083,0.8322736325007316,0.15416531422926322,0.0016949462546179369,0.0016951681836377991
8292_at,0.0016129422448269235,0.0016129764161015832,0.0016129933927798814,0.0016129571381191035,0.05867841521346538,0.001612947206819687,0.29239565659644706,0.6376351048089673,0.0016130488166690876,0.0016129581658040897
8293_at,0.2007806651962422,0.00111129831556723,0.06461879594217591,0.0011111925863926285,0.0011112087650101297,0.023162235958743255,0.0011112191053989462,0.0011115994098252805,0.001111201342333155,0.7047705833783112
8294_at,0.0017544134862192181,0.0017544337638719103,0.001754447308401581,0.0017544031263862763,0.001754771759551675,0.001754414286392817,0.0017544913892382614,0.9842098123751141,0.0017544026492788925,0.0017544098555453498
8295_at,0.0013335284572309166,0.0013335431633373029,0.18163299093330634,0.0013335665631334784,0.0013342649598437548,0.0013336931462758857,0.1626903426859586,0.0013335551677699116,0.5791751476479997,0.06849936727514398
8297_at,0.0010990667151854303,0.9901088513715572,0.001099027464837078,0.001098969437019638,0.0010991391265863593,0.0010989647703468705,0.0010990243907584149,0.001098992626534801,0.0010990411123192722,0.001098922984854875
8298_at,0.12824250480305144,0.001333797496718025,0.17917461604481363,0.0013337682056401372,0.0013336599884036168,0.0013335202387178132,0.683247542905807,0.0013337202357753097,0.0013334801960006926,0.0013333898850723985
8300_f_at,0.9823515773579152,0.0019609359930916072,0.001960932397410192,0.0019608407668107093,0.0019610869979256144,0.0019608767643306793,0.0019609459749713107,0.001960889573380181,0.0019610122553288924,0.0019609019188355646
8302_at,0.002128018399849081,0.002127846046404765,0.002128300889792285,0.0021278047711987508,0.0021279289074578552,0.002128501816779476,0.3663954089106333,0.0021277551465725057,0.6165805303824616,0.002127904728850307
8305_at,0.33180358876257393,0.34958660540587216,0.0011907913165921868,0.0011906010429967872,0.0011907943072708858,0.001190746491275365,0.001190655476979574,0.0011907029896494068,0.2409239100956093,0.07054160411118039
8306_at,0.3455218745949311,0.33160368384949046,0.0011907966042370786,0.0011906014419313716,0.0011907227248639171,0.0011907364573866851,0.0011906509227132588,0.001190696310653073,0.2372014635800504,0.07852877351374268
8307_at,0.001695070164553421,0.001695186658155061,0.1264210096604298,0.0016951084678077655,0.001695247005503861,0.001695068859622549,0.3199559521644319,0.0016951899701452887,0.5417571684914259,0.0016949985579244049
8309_at,0.0014494338593945982,0.0014493193575957845,0.0014495967237098514,0.0014494205058958399,0.00144942992557655,0.16684322959401157,0.0014493468308028755,0.0014492989824599566,0.43962551659066434,0.3833854076298886
8312_at,0.0018520511761182248,0.001852212378358634,0.15634808804570602,0.0018524388912301356,0.34162337145908045,0.0018523892277891216,0.2746031188681485,0.14165723332612032,0.0018522917526744593,0.07650680487477407
8313_at,0.0020410294026729273,0.30110243393537167,0.0020409882891952304,0.0020409555493476573,0.6578051051339617,0.002041052445180838,0.026805170536998962,0.0020412422369845413,0.0020411336609903264,0.0020408888092962214
8314_g_at,0.0020410294026729273,0.30110243393537167,0.0020409882891952304,0.0020409555493476573,0.6578051051339617,0.002041052445180838,0.026805170536998962,0.0020412422369845413,0.0020411336609903264,0.0020408888092962214
8315_i_at,0.0020001654165977805,0.280435940234099,0.002000169102075628,0.002000135724543993,0.6795585293976957,0.002000235559738225,0.02600403801051019,0.0020003977522057956,0.0020003176208447026,0.0020000711816889707
8318_at,0.0025646605915593903,0.002564818041608677,0.0923981272352578,0.0025643818905687486,0.002564869289136178,0.0025646590760447945,0.21684301325821723,0.0025644711066773584,0.6728066250289622,0.0025643744819676276
8319_at,0.3009587013045467,0.007143971333779785,0.007145246680715057,0.0071445270127127565,0.2914920743419047,0.007144487162732511,0.007143206891063929,0.0071430241901577285,0.007143502096641764,0.357541258985745
8320_at,0.0017562944664432686,0.0017548913583032703,0.0017547230103274697,0.0017549499569570492,0.0017549085135390341,0.04293815485195454,0.0017547862033442927,0.001754536188242478,0.5649583142730563,0.3798184411778323
8325_at,0.0031252660909061184,0.003125204409590235,0.003125239509041042,0.0031251853282505022,0.9718733387211002,0.0031251430031352663,0.0031251657938580557,0.0031252930438448157,0.0031251070736189835,0.0031250570266548316
8326_at,0.0033335674264627357,0.003333449586700765,0.003333660689997907,0.003333386423927548,0.24658789165987371,0.0033334397686366245,0.6192007659548701,0.0033334953031686036,0.11087692783872534,0.0033334153476367798
8328_at,0.0012661608694686402,0.3626641133802142,0.36842724745282496,0.11119545526902018,0.0012658935278494117,0.11068369191656481,0.0012659176740708645,0.0012658955806758982,0.001265991974032033,0.04069963235527892
8330_at,0.0019231860596149565,0.11247286978761059,0.2550074714569213,0.14117177468240583,0.001923564012634383,0.0019231674121504053,0.0019234411251800995,0.4253509375756896,0.0019233169428013888,0.05638027094499138
8331_at,0.004001148222508941,0.004000828167585553,0.5209920374728744,0.004001599620952494,0.44700265544668255,0.004000342228558158,0.004000521257992857,0.004000263348774318,0.004000460585330857,0.004000143648740069
8334_at,0.0016668667935711783,0.0016667633347363987,0.0016667979497401765,0.0016667624831781674,0.001666992422296564,0.001666704074938616,0.4458233207570063,0.5408415174961437,0.0016669826728745733,0.001667292015514187
8335_at,0.0020409232917614046,0.0020409332036987627,0.16775159831905523,0.002040846862671926,0.5401395814281478,0.00204131273488953,0.002041283439562817,0.2778214505783974,0.00204111357176711,0.002040956570047998
8336_at,0.0009263232675826703,0.000925964317796332,0.0009259820304736788,0.5931062579406563,0.0009259422201935013,0.36265102391681114,0.0009259581960674291,0.0009259451303441911,0.0009260163866598585,0.03776058659341492
8337_at,0.012500331036387523,0.012500206010416504,0.012500220395623764,0.012500099579751582,0.8874945073146624,0.012500279415173933,0.012501195756634975,0.012502744781143271,0.012500144971262825,0.012500270738943343
8338_at,0.03861570707417052,0.001064129299393449,0.06839475382642936,0.0010640957319096853,0.0010641723243244848,0.0010640837183037571,0.7787171491373862,0.0010640024291105109,0.10788797553522236,0.0010639309237493971
8339_at,0.17468839185084478,0.0030308860225567234,0.0030307117492498156,0.0030311486913091714,0.7374210722456649,0.0030307409390529726,0.06667526477036427,0.0030306807203913147,0.0030305994767859164,0.003030503533780071
8340_at,0.0017242890878235318,0.001724266164151639,0.0017243299992949599,0.0017242217948091518,0.31560098769759437,0.0017243378459079171,0.5742314317594677,0.09809774885183885,0.0017241595139827343,0.0017242272851292458
8341_at,0.0008000815141907934,0.0008002275433757283,0.0008001240224003008,0.9342225798323144,0.0008000756230701298,0.05937668699284982,0.0008000448439273718,0.0008000594285925203,0.0008000527789422184,0.000800067420336856
8342_at,0.0010014150044536675,0.0010002880043392436,0.11790967399086975,0.7360914846612827,0.0010000692530777518,0.12022916971403977,0.019766666675908668,0.0010001413190179043,0.0010002354731414509,0.0010008559038691622
8343_at,0.6650792108131486,0.0012051589784532475,0.0012053778964017194,0.0012050072177509986,0.0012049792151725442,0.03430500629800718,0.2102554130212585,0.0831294566805029,0.001205212427203133,0.0012051774521011343
8344_at,0.0015874580370498139,0.8837611509681876,0.001587568228583922,0.001587433248936365,0.10353811626210825,0.0015874643727747672,0.0015882975608665177,0.0015876188653380391,0.0015875002003812627,0.0015873922557734948
8350_at,0.002440046417405186,0.0024404330356515803,0.0024392784893905554,0.002440675094601286,0.0024402458736164042,0.002439745185517742,0.9780415619379277,0.002439709296131193,0.0024391846342989186,0.0024391200354594474
8355_at,0.0019618688235424914,0.041704446090110904,0.001961138649612688,0.001961077620427568,0.2368092696961567,0.683247689137612,0.001961227029318373,0.001961479426212673,0.0264705989628548,0.0019612045641517637
8358_at,0.0026317792231607844,0.002632185927371357,0.00263195817067181,0.0026320609042366403,0.0026319326510655552,0.0026320949403212737,0.19717597427803402,0.0026317057526857967,0.002632567712240717,0.781767740440212
8360_at,0.002439095742302686,0.0360593182632758,0.0024391313429078377,0.030128082268127025,0.08203415268847677,0.002439435360079751,0.002439413257104734,0.002439533432434899,0.8371427653579059,0.002439072287384484
8361_at,0.29185915727173467,0.0011497039727093234,0.0011498165009534713,0.0011498523105376807,0.0011495696863492145,0.15741212638938848,0.0011495413601312352,0.0011495632841636006,0.5426809123321275,0.0011497568919049278
8362_at,0.002326452967834914,0.002325851134895599,0.002325930327910537,0.002325743371812774,0.002326310605944122,0.0023260819385095897,0.5701729449639017,0.13389108237589636,0.0023258527803653234,0.279653749532929
8363_at,0.29574055769659774,0.0014086420892067612,0.23196523605824435,0.019048267679276115,0.001408584302648528,0.0014088715033284678,0.0014092545499856488,0.014131204037622472,0.0014086290771370559,0.432070753005953
8364_at,0.0013516600203452595,0.0013515393296079218,0.0013515617491912056,0.5027662672036184,0.0013515101183694722,0.4098664595394427,0.0013515149047283632,0.0013514544788624126,0.07790645586221279,0.0013515767936213294
8365_at,0.001492632544248898,0.7393742437715004,0.24868383560467017,0.0014926551453087443,0.0014928232058302124,0.001492716576431287,0.0014925867855928943,0.0014926553962352563,0.0014926109919831739,0.0014932399781989406
8366_at,0.001010295686193992,0.0010103881693939623,0.04093057232583937,0.0010102150699725686,0.620709636638777,0.001010313751200093,0.0010102783600709003,0.33128780381903067,0.0010103184063638899,0.0010101777731576376
8369_f_at,0.8243346334178306,0.0013335970529849655,0.16499651955948452,0.0013335619475462607,0.0013339429421797583,0.0013336919913070145,0.0013334345578926807,0.0013334832431005934,0.0013334640841439918,0.0013336712035296587
8370_at,0.09440861169989945,0.0018185234491808705,0.001818660221586256,0.0018184918135801212,0.001818630679455189,0.055790687471378504,0.0018191481639903491,0.001818428283112538,0.8370704175505383,0.0018184006672782949
8375_at,0.0011497160592049023,0.1727053648921595,0.7891637980547499,0.0011496982389743694,0.0011498416737924374,0.03008330029813597,0.0011495404099451895,0.0011495876789598782,0.0011495995050914449,0.0011495531889865085
8376_at,0.0017545821908066766,0.001754524079466106,0.0017547146185228368,0.7382879776363057,0.0017546766282910639,0.2476753320816525,0.0017545597557427038,0.0017545170426278033,0.0017544427673069148,0.001754673199277831
8377_at,0.05634931317787401,0.0013893010656998042,0.001389028656536492,0.0013889956353311586,0.8447408231367551,0.0013892695888779287,0.0590913687044098,0.0013892954304176766,0.0013894726425538908,0.03148313196154409
8378_at,0.0027027350897131357,0.0027029450857482644,0.00270277379866884,0.002702738104611601,0.002703161515969083,0.0027027827446630373,0.8477611672033288,0.002703092822265661,0.13061586724149823,0.0027027363935332427
8379_at,0.0013700337378283539,0.0013702028288250475,0.0013700457961812963,0.0013707665076723142,0.26679630808275007,0.6974123048004881,0.0013701666969237903,0.0262002199639509,0.0013700100151730016,0.0013699415702072965
8380_at,0.0012990927251258747,0.39918883196251287,0.24325097587005318,0.17649233899142344,0.0012990296068457067,0.1732738862595173,0.0012988767374484916,0.001298826100378875,0.0012993209834578484,0.0012988207632364571
8382_at,0.002632507641423332,0.0026320677836902968,0.0026320856786611517,0.0026318283854476154,0.0026325897081744916,0.002631728450598981,0.8019725981650332,0.0026318944612914257,0.1769710626912133,0.0026316370344663387
8384_f_at,0.9521348672824124,0.0012349103341555594,0.03798696172022887,0.0012350129721243322,0.0012347755333196777,0.0012346574313345864,0.00123463027159337,0.0012346973725818396,0.0012348344576437807,0.0012346526246056187
8386_at,0.001695153581451464,0.10476796597220679,0.0016956867586441018,0.0016951491344937113,0.0016953463480527098,0.0016951622939783248,0.001695103943040279,0.0016952071787281248,0.8816702016817504,0.0016950231076541152
8387_at,0.0011499307015263214,0.18414140291392148,0.2957731193241059,0.001150101942661368,0.0011496204583715224,0.001149885526361234,0.0011495418005737403,0.5120368890683802,0.0011496501488673992,0.0011498581152308365
8388_at,0.004348827320508776,0.004350427763034199,0.004348562674341233,0.004351679756913464,0.9608587630936277,0.0043486195859978065,0.004348250201370002,0.004348816528671888,0.004348142568857681,0.004347910506677332
8389_at,0.0015156156241704951,0.001515480598006884,0.001515679138951241,0.0015152684319631486,0.0015152346855989848,0.0015155408198730918,0.5485268857870225,0.00151550543945381,0.43934939714479443,0.001515392330165524
8390_at,0.002439139427841675,0.2524014338401425,0.002439393444997129,0.0024391329108615577,0.31992694759392554,0.0024391565862255413,0.0024402518406056502,0.002439097671874966,0.41059634515117394,0.0024391015323514493
8391_at,0.04209140511561308,0.3572460346397476,0.07147571163554386,0.06860516474763649,0.0011766408458051413,0.45469760735450715,0.0011770123057606335,0.0011766362029545928,0.0011769378265631182,0.0011768493258681482
8392_at,0.0012346859139854187,0.0012346924076993015,0.1473747763878083,0.0012346649808358907,0.0012348008270757923,0.0012347448325308132,0.0012346869304554991,0.0012346304756729566,0.0012346672258547022,0.8427476500180814
8393_at,0.012500331036387523,0.012500206010416504,0.012500220395623764,0.012500099579751582,0.8874945073146624,0.012500279415173933,0.012501195756634975,0.012502744781143271,0.012500144971262825,0.012500270738943343
8395_at,0.0020410095354861132,0.0020409945059978343,0.03589133339092286,0.002041057170657968,0.0020411121784241594,0.8597125508033021,0.002041298443310207,0.002041002577246196,0.002041468413451525,0.09010817298120093
8397_at,0.6691473665648775,0.0018869859702909967,0.0018869631341374073,0.0018868774353610813,0.001887514125862642,0.06711287956054714,0.16506111384974,0.0873565517328354,0.001886842675129164,0.001886904951218756
8399_at,0.005263272897446958,0.0052632398509408675,0.00526330787271664,0.005263230197395131,0.9526287009737637,0.005263274910322613,0.005263708354958523,0.005264411162333489,0.005263504850064514,0.0052633489300575554
8400_at,0.001063954844820609,0.0010640758221295108,0.2925535309918137,0.0010639351134736675,0.0010641116933756633,0.001063892687427841,0.0010642890724939492,0.6989343814603286,0.0010639669818508896,0.0010638613322856132
8402_at,0.0019608663882737564,0.001961245967359525,0.3938928839237723,0.001961642176245132,0.001961563735804978,0.0019613008147458004,0.0019610745015866886,0.001961112287546292,0.5904173274676625,0.001960982737003125
8404_at,0.0012660296260336797,0.0012659133914163221,0.9254512680854883,0.0012659185236473997,0.06442039621026889,0.0012659711964868212,0.0012660043770926018,0.0012660942320128815,0.0012658945934594288,0.0012665097640936827
8405_at,0.6775142998709714,0.0025644508334256885,0.002564510271640745,0.0025642262043354272,0.002564467776632143,0.10299226181096723,0.2015427970672121,0.002564325656700407,0.0025643314737250488,0.0025643290343898752
8408_at,0.002174079322823495,0.0021740171965892057,0.002174021038207777,0.002173945258583666,0.45609886734716326,0.0021739844456854333,0.002174137571012632,0.5265088513595089,0.002174039915033497,0.002174056545392185
8409_at,0.0006945327927119698,0.0006945155057947163,0.0006946303271472656,0.9937491634863247,0.0006945749761868737,0.0006944893519990245,0.0006945977534305379,0.0006944968583105382,0.0006945235961113988,0.0006944753519828537
8411_at,0.0027035932928299684,0.0027030868565780827,0.3606877853011602,0.002702908920828295,0.1982271643227167,0.0027032349724158437,0.0027035446962800002,0.4221624955816078,0.0027031364958971247,0.0027030495596858245
8412_at,0.0015155196390211447,0.001515522005975125,0.4117134260187926,0.0015153836278061956,0.2746762477440442,0.0015153502025986396,0.3030024937548954,0.0015153495628749797,0.0015154490515939152,0.0015152583923978356
8413_at,0.0250012020338043,0.025000968115839836,0.025000967193211147,0.02500050302084949,0.7749916534386594,0.025001045378897028,0.025001074634931737,0.025000844054809065,0.02500071654430239,0.025001025584695573
8417_at,0.0012199484293847227,0.037613427225123494,0.059125281781202584,0.0012197529141426365,0.0012198702801355704,0.0012196123523093407,0.8947227862285605,0.001219659009546402,0.0012198319317607276,0.0012198298478339467
8419_at,0.0007875236325525476,0.8909760844933203,0.0007875192966997114,0.043461575617012395,0.000787451359139846,0.0007874445736672652,0.0007874741811928113,0.06004999996273809,0.0007875126759864291,0.0007874142076905936
8420_at,0.0016951115932973058,0.0016950661154478157,0.0016951805685913152,0.0016950602759971533,0.0016950501228840578,0.001695049715763595,0.0016950268198484887,0.0016950048891823622,0.9847444969622536,0.0016949529367343578
8423_at,0.002941407774713005,0.0029424239319108102,0.712391092130514,0.0029416088940707455,0.2640751721990269,0.0029419155488824584,0.0029416353047069374,0.0029412967064236673,0.0029419545638756576,0.0029414929458758676
8424_at,0.0015626497575056812,0.001562683446860298,0.0015627507585396882,0.0015627266835047532,0.001562728288927234,0.12312477322368247,0.0015632504794437345,0.8643731785295419,0.001562566108681946,0.001562692723312156
8425_s_at,0.8010821485099061,0.0010418999706906461,0.0790452015612893,0.001041899820700624,0.0010418909475203675,0.001042040794878156,0.0010418236896249035,0.0010420002229170181,0.11257919857907019,0.0010418959034028132
8426_at,0.06697988411746879,0.8115993496126913,0.0015874451909107677,0.0015875711997653918,0.0015883397129267992,0.0015875387603299163,0.0015877719200116662,0.11030550245510838,0.0015892317662780878,0.001587365264508827
8427_at,0.014286259430695237,0.40751564990818273,0.014286120091703935,0.014286238233995507,0.47818834959556533,0.014292224471574027,0.014286165117815984,0.014286068406962362,0.01428673717501856,0.014286187568486302
8428_at,0.0011905995561626013,0.0011906091766825562,0.0011906311344447996,0.0011907865495058088,0.0011905225819876977,0.0011907324952044078,0.8323793452790624,0.0011905548250900838,0.15809543149314773,0.001190786908711944
8429_at,0.004545683590776452,0.004546865460841085,0.4013050762132625,0.004546077651863721,0.2105137784761324,0.004545910378722226,0.004546077681168305,0.3563588220573748,0.004546075436634465,0.004545633053224144
8433_at,0.0014707325375722961,0.22612688329993216,0.22671606308279418,0.3126826458733006,0.0014709008788953374,0.1143828859235465,0.001470757665360027,0.001470864164852047,0.11273749258259959,0.0014707739911471672
8437_at,0.0018519032114823614,0.0018519287707913976,0.0018519172606566165,0.0018518908008843841,0.0018521803136620006,0.0018519307022547434,0.6781597063815913,0.30702471476092447,0.0018519290883343307,0.001851898709418425
8438_at,0.0011767555976052288,0.7083062712163853,0.0011769719247618014,0.001176617155821328,0.001176651926642231,0.0011766225337298637,0.0011765857163320002,0.28228032402312053,0.0011766081608145253,0.0011765917447870632
8439_at,0.0250012020338043,0.025000968115839836,0.025000967193211147,0.02500050302084949,0.7749916534386594,0.025001045378897028,0.025001074634931737,0.025000844054809065,0.02500071654430239,0.025001025584695573
8444_at,0.0021283548333092673,0.5865159725948547,0.2028072017897543,0.002128293376517255,0.002128078748057509,0.002127948299197756,0.0021278524035237686,0.19578047763210618,0.002127810581993403,0.002128009740685908
8445_at,0.0014495774118810916,0.0014496224056047998,0.0014494662405082634,0.019533190589066378,0.0014497134774168407,0.001449422332197849,0.15202376804005852,0.0014494823888613695,0.8182964117716144,0.001449345342790537
8449_at,0.001613178487290179,0.0016135265046179849,0.49438449301849924,0.0016130772239380026,0.0016131647967672807,0.49270935059120863,0.0016130827115750283,0.0016135944710041928,0.0016133914028052469,0.0016131407922942477
8450_at,0.0006252940470588087,0.0006251500774417813,0.0006250918605656021,0.9863267423501638,0.0006253495994382821,0.0006251009593233521,0.008671986486690106,0.0006251135143360297,0.0006250479871712489,0.0006251231178108862
8451_at,0.011111644724655284,0.011111391506776246,0.011111529275451592,0.011111271204396166,0.8999951947605521,0.011111543883463386,0.011111978327489384,0.011111511968289587,0.011112352647034461,0.0111115817018918
8452_at,0.0014707749218195747,0.0014707569142964486,0.001470922101339192,0.0014707462470889396,0.0686940047608036,0.04331758214339563,0.0014707583203458522,0.7478799429674231,0.0014706417361394061,0.13128386988734805
8453_at,0.07895565824067027,0.0015627870815985545,0.0015628987857976694,0.5133120601898735,0.001562712957402766,0.32040535465560804,0.0015626995758320523,0.0015625961752692874,0.07795042253949325,0.001562809798454678
8455_at,0.0050008355503764115,0.005000550018079348,0.0050009898009041685,0.005000170132984116,0.9549958837146958,0.005000323104218186,0.005000256621002284,0.0050002391291968686,0.005000565057102712,0.005000186871440135
8456_at,0.0013159199536700104,0.6288615562864122,0.00131610846745138,0.001315866146392204,0.00131601454182534,0.0013162640661970842,0.0013159469658909117,0.0013158252940296733,0.0013162926020515563,0.3606102056760798
8458_at,0.0038464786615072964,0.003846812238621892,0.7151179111401601,0.2541085364887196,0.0038467825168109135,0.0038466501583288523,0.0038466024484106703,0.003846802138683266,0.003846816682989717,0.003846607525767663
8459_at,0.001136479790302915,0.001137054902253138,0.001136432917547566,0.0011364125014400755,0.0011365147437751948,0.0011364893071440353,0.0011364285347378622,0.001136417894354692,0.0011364252413410632,0.9897713441671034
8460_at,0.0014494009262672463,0.0014495186242419924,0.0014493593625629915,0.0014494174951599536,0.001449872402981303,0.001449325760270861,0.0014494813036857281,0.9869549177348732,0.0014493624083662992,0.0014493439815903965
8465_at,0.0018520433349602885,0.001852497238933625,0.12163742138189998,0.0018528001810360825,0.0018523107969080552,0.001852122349695696,0.800463898008932,0.06493187408687169,0.0018529409743051391,0.0018520916464574494
8467_at,0.0014289654934729282,0.0014291160255087746,0.001429061126499208,0.0014290038443999023,0.42507043968706926,0.001428885171015084,0.1257272380395622,0.4391997475300807,0.001428779815630072,0.001428763266761903
8468_at,0.0012988035975868325,0.0012988749758574033,0.0012988334060565823,0.0012988220599147765,0.0012989507662333065,0.0012987813743614834,0.0012988254551879724,0.9883105745455718,0.00129879657987395,0.0012987372393559085
8470_at,0.0012500991603153861,0.001250159068833265,0.0012501257217115258,0.0012501174272619567,0.001250178742785065,0.0012500709937761964,0.0012501116536296096,0.9887490194328408,0.0012500890111816771,0.001250028787664687
8473_at,0.5628409667817011,0.0034488954271362495,0.26344068532370496,0.0034492195575261202,0.14957526016956746,0.003449014405331976,0.0034488900734553794,0.0034492236377705906,0.0034490808230189353,0.003448763800787101
8477_at,0.2811808680289104,0.002778454510541879,0.002778269383788872,0.0027780827851127446,0.0027783267443965806,0.0027782650029053025,0.0027782525411120815,0.002778033211356634,0.696593387083437,0.0027780607084385484
8478_at,0.7054932740809137,0.0010989697057185782,0.001099012521996612,0.0010989559973597091,0.0010990733618289768,0.0010989686971108665,0.0010989744649820303,0.001099065281472908,0.0010989466185656078,0.28571475927005124
8479_at,0.7054932740809137,0.0010989697057185782,0.001099012521996612,0.0010989559973597091,0.0010990733618289768,0.0010989686971108665,0.0010989744649820303,0.001099065281472908,0.0010989466185656078,0.28571475927005124
8480_at,0.0020835669470317514,0.0020837666680466205,0.269374734600288,0.5057054684765699,0.21033383202476807,0.002083583903145471,0.002083726241058143,0.002083651410516039,0.002084112591826717,0.0020835571367491495
8481_at,0.016667299343964017,0.016667011061436022,0.016667087870778634,0.01666685696791411,0.8499899532513949,0.01666715136081284,0.016668952691041416,0.016671644098619962,0.016666943717788263,0.016667099636249724
8482_at,0.0020011770409167186,0.4449830982261117,0.0020005654819011897,0.0020002328154828334,0.0020002920987235604,0.0020004830247777883,0.3307057455641306,0.00200067792262918,0.21030725599978436,0.002000471825541923
8484_at,0.07453056351268171,0.015622465473073216,0.12882116106968908,0.0008405226548450399,0.04494540873923947,0.0008404065042124737,0.0008404303427282092,0.0008404782975381727,0.15639735605678,0.5763212073492127
8486_at,0.016913293389219458,0.19486396005831785,0.0011908423682631857,0.0011906092937857284,0.0011907131575178598,0.7798882048521856,0.0011905633536050872,0.0011906374615081848,0.0011906459432340527,0.001190530122362972
8490_at,0.004167374539522538,0.004167737198615898,0.1250897473338485,0.0041676736493307335,0.659502620825584,0.0041673140577198385,0.004166934997192696,0.18623575049767538,0.004167343181417927,0.004167503719092409
8491_at,0.8338582322763648,0.0014088105610875778,0.0456719171016819,0.0014086349557840764,0.0014090868532778981,0.001409065949047379,0.0014086403853390092,0.0014085689524611035,0.001408618053804723,0.11060842491115153
8493_at,0.0010204628079577146,0.001020736877688894,0.0010205043828226536,0.0010204930179070284,0.001020570466000409,0.0010205184592970784,0.9276507415803171,0.06418502606087398,0.0010204928489314698,0.0010204534982037605
8504_at,0.003572146510827255,0.0035720562530341723,0.22442366742228306,0.003572539341008397,0.0035718986773697814,0.0035719453367558324,0.0035720312417658042,0.7469995267237279,0.0035724073393529213,0.0035717811538748616
8505_at,0.0025010713796552696,0.0025006317970375606,0.002500342611584064,0.8778744363736026,0.10212207468152829,0.002500227569108467,0.0025002985279477695,0.0025004419214748447,0.0025003656610195876,0.0025001094770415403
8506_at,0.0008696861756095533,0.46930235309579255,0.2429895939910268,0.000869803056229742,0.0008697324164005066,0.02408090216911671,0.0008696608318717853,0.0008696680851574593,0.13042903779751994,0.12884956238127496
8507_at,0.0017244174857072318,0.0017244549261863976,0.0017244826665154072,0.0017247104558040863,0.3904834410796175,0.0017242580305875674,0.0765595413620018,0.5208858461730139,0.0017245908375289824,0.0017242569830372085
8508_at,0.2824527639546061,0.3559318997236255,0.002632333769697934,0.0026320602426820323,0.002632737501450257,0.3431905829754377,0.002631877507732442,0.002632081879717968,0.0026318391245062946,0.002631823320543827
8509_at,0.0016950030074889245,0.0016952362367883371,0.0016950684273624736,0.001694979969742438,0.0016955662627079295,0.00169498075445784,0.0016953457239584436,0.9847426560734922,0.0016961995233717372,0.001694964020629656
8510_at,0.0019237317609641872,0.0019232081851201992,0.0019233348423783041,0.0019239567038908981,0.0019234402440908274,0.001923163209120703,0.9826894029448024,0.0019234462380544905,0.0019231380882265441,0.0019231777833514667
8511_at,0.0013514471069851742,0.0013518212771187897,0.07508117207628691,0.7106701821339981,0.0013515190334384272,0.20478779886471785,0.0013514701940380198,0.001351518488433238,0.0013515129252308644,0.0013515578997525173
8513_at,0.0018184339612575598,0.001818453985595343,0.13405442281097718,0.04371303783258328,0.19890018112108984,0.0018182667784476152,0.38902856612478115,0.0018184610075922091,0.22521196024575738,0.0018182161319184394
8515_at,0.0025648652890113473,0.002564652338834813,0.5184700736191432,0.0025644028896583612,0.35280035057549974,0.0025647272095306022,0.0025644945730145014,0.11077773959628243,0.0025643930386786604,0.002564300870346335
8517_at,0.002777948915372851,0.0027778924493660714,0.002777951375303332,0.0027778354273101965,0.9749980769668001,0.0027778064510835644,0.002777931983797404,0.0027780698733570496,0.002778669581593418,0.002777816976016134
8518_at,0.0012659460008482793,0.0012658858803328034,0.0012659878293626932,0.0012658559502702158,0.0012660569862646678,0.0012660568057346392,0.9217360814140085,0.06813638047847621,0.0012658427142021305,0.0012659059404999276
8519_at,0.13701452065764064,0.05581329815612687,0.46428742886699464,0.06040680823793085,0.0008404843872391756,0.0008405898504582099,0.0008404267881812679,0.07943995289353409,0.19967590726855367,0.0008405828933406077
8521_at,0.0008622362847069525,0.0008622304805414895,0.15703649686659715,0.37496248979421615,0.0008622832102546099,0.11292474231503305,0.01224295546783262,0.0008623974564965519,0.14052300109833993,0.19886116702598147
8524_at,0.2667929561151011,0.0022733247755840845,0.3727437908328151,0.34455005558098994,0.0022730844179159075,0.0022733108255173196,0.002274051173497261,0.0022732047126494594,0.00227304381395422,0.0022731777519754428
8526_at,0.0027778490841006685,0.00277802958262052,0.002778074359473139,0.03516201094441669,0.942614278401399,0.002777899775579159,0.0027780023823907847,0.002778081754299952,0.0027778889187463542,0.0027778847969736806
8527_at,0.03259124673259867,0.002222486794842877,0.0022224870747853797,0.028071995210804477,0.9237799326306174,0.0022223264540200166,0.0022223664753270363,0.0022224816632532085,0.0022224204875443167,0.0022222564762067257
8528_at,0.0011765743804932225,0.0011766558939201124,0.23874994285392837,0.0011765833740651945,0.24234638756229493,0.0011765801089212425,0.07880115019925454,0.4122125787020977,0.022007006762166294,0.0011765401628584398
8529_at,0.020000722531041557,0.020000606689064834,0.02000061978449358,0.020000365325085274,0.8199933647285919,0.02000061865910553,0.020000739246140733,0.020000614370213873,0.020001826955687675,0.02000052171057494
8530_g_at,0.008333534684590867,0.20184947943558315,0.00833345454342575,0.008333618747025817,0.7314757786889426,0.008337801302208311,0.008333981511967225,0.008334727580835326,0.00833414917182694,0.008333474333594035
8531_at,0.007692477193542158,0.18446760918773347,0.0076924455877867125,0.007692581253052459,0.7539864559640505,0.007696506935476946,0.007692874656398163,0.0076934766929195,0.007693120579247021,0.007692451949793226
8533_at,0.014286160030429082,0.014286012299204386,0.014286159513924842,0.014285848357577105,0.8714207236918668,0.014286185694189709,0.01428745420717041,0.014289294076312681,0.014285921394388229,0.014286240734936744
8535_at,0.0041669529624488305,0.00416686578571811,0.004167536577283894,0.0041674528237964,0.004167444351170069,0.06498985652343865,0.6787095047265645,0.004167125062028763,0.00416853239289108,0.22712872879465956
8536_at,0.001818472227545401,0.26746214811807545,0.3338844795104747,0.001818714902183448,0.0018186766199206586,0.00181876332442093,0.0018184061512271342,0.3859231193441943,0.0018187937061095545,0.0018184260958485014
8537_at,0.2919078547979123,0.22314057289384348,0.004546401781480817,0.0045456715454456195,0.45312748483145515,0.004546322788005716,0.00454862459617571,0.004545826280751539,0.004545624470400826,0.0045456160145288214
8538_at,0.002040907532358866,0.0020410247065928643,0.45712310315414273,0.0020409093608475494,0.002041026774301802,0.002040952097176306,0.48223637828496685,0.0020412162138357085,0.0020409405089593853,0.04635354136681799
8539_at,0.004763138754639897,0.004762260401656094,0.004762986284579691,0.004762106672058569,0.38250759709991183,0.004762253461512373,0.004762274044124852,0.1272483490498754,0.11832755993602104,0.3433414742956203
8543_at,0.00181846450048492,0.0018186155768612673,0.20799232635437134,0.45070463601580263,0.001818591531627952,0.100621570439711,0.11613997060171062,0.0018185247204645643,0.0018187404176581326,0.11544855984130767
8544_at,0.0018869634652612438,0.1411137707704636,0.0845461163097133,0.0018871309287148614,0.0018874006168227095,0.7611305626336751,0.0018869800758407748,0.0018870607516021402,0.001886967871140467,0.0018870465767658687
8545_at,0.002001060206846361,0.20441537490326653,0.7795816880424327,0.002000304492310585,0.0020004208413913326,0.002000298661929841,0.0020004093368223455,0.0020001414717664865,0.002000192753121083,0.002000109290112851
8546_at,0.001075457846063285,0.0010757421922029204,0.12327305202270243,0.7313938235996321,0.0010757390384456595,0.0010754904312641328,0.0010754633485272592,0.13780445111504377,0.001075389737877397,0.001075390668241124
8549_at,0.0009259661536696854,0.000926106952067773,0.529307146604222,0.0009260746838997119,0.3898053933626868,0.0009260490090780921,0.0009260905430931632,0.07440512108072207,0.0009260782646413956,0.0009259733459191786
8550_at,0.000751936347681852,0.000751947907076539,0.06985120408888058,0.6324722057899503,0.0007519421929352818,0.24698060407743017,0.0007519199175453849,0.0007519328378764827,0.01901127911824089,0.02792502772238259
8551_at,0.0018869581945197096,0.0018869238592334602,0.09614645039819991,0.0018868597149135635,0.8887578986214729,0.0018868469908904792,0.0018870147571291328,0.0018872083318750973,0.001887029482280698,0.0018868096494850065
8552_at,0.029757462511527232,0.053052722157588196,0.0010002984327377193,0.001000339947877562,0.001000179277172629,0.017775623691773587,0.0010004347278830133,0.0010002107028892408,0.05242417252870112,0.8419885560218497
8555_at,0.003125650724645823,0.2803279460800544,0.0031256048233465937,0.0031251116946564034,0.6946669754515747,0.003125860659167798,0.0031255271728710394,0.003126587045501692,0.0031253982239734116,0.0031253381242081152
8561_at,0.0012500812683262266,0.7667738010295404,0.00125020867135125,0.22322485653273183,0.0012501811259278558,0.0012501815014997794,0.0012501327934727514,0.0012502693276679588,0.0012501934888585174,0.0012500942606233853
8562_at,0.00831383328353893,0.0005051746777701811,0.4333044965924111,0.056931650614830326,0.000505121991458349,0.15031223461153745,0.0005051060717870733,0.000505113881778292,0.04737779845179706,0.30173946982309124
8563_at,0.0014493087277724448,0.0014494327481451874,0.001449402825310085,0.0014493149822913838,0.9869547071683802,0.0014494094878531605,0.0014499096697383814,0.0014494959367023128,0.0014496724035413023,0.0014493460502653975
8564_at,0.002041350904398543,0.22721828721117182,0.520223704323105,0.002041074803328867,0.1875728266137178,0.052738046622460545,0.00204126636410652,0.002041216113794079,0.0020411299619100855,0.0020410970820068258
8565_at,0.0009710473514129083,0.0009709474818747933,0.0009709683391804561,0.0009709470338601833,0.010200397412956305,0.0009709772088462832,0.048621744858465654,0.0009709476575954275,0.0009709293762748306,0.9343810932795331
8567_at,0.0020836019212807596,0.002083791481900269,0.34470259743833015,0.0020835868702378116,0.12552817446349104,0.0020836140801302095,0.0020834240092059866,0.0020834243158720663,0.0020836322031832543,0.5151841532163683
8568_at,0.0018883422013402827,0.0018872305681338214,0.8603755672651346,0.0018869527100026631,0.12452540467112963,0.0018871233515055368,0.0018871141564758638,0.001887451232267437,0.00188709556803832,0.001887718275972027
8569_at,0.00117656087938183,0.7239513196213332,0.0011766609682161348,0.0011765581331045895,0.0011768869861263674,0.001176593608274141,0.0011767133079980071,0.2666356506070925,0.0011765491741502223,0.001176506714323196
8574_at,0.10118465947280775,0.0015385885491868885,0.001538756256791604,0.0015386450232531788,0.0015394367170374528,0.0015390113689567528,0.29360181076107583,0.0015387481667421352,0.5944417482215762,0.0015385954625722347
8575_at,0.0028573550177021317,0.002857750807223847,0.3298010876091692,0.002857745197488426,0.6473384773426112,0.0028574701921844025,0.002857424597107715,0.0028573182846880745,0.002857865516796881,0.0028575054350279457
8576_at,0.0020008444204690605,0.0020005533365153663,0.32317360068569556,0.0020011042714431363,0.3624099581245996,0.0020001872738281312,0.002000211737831265,0.3004131544985349,0.002000121608805735,0.0020002640422771677
8577_at,0.057487742767092426,0.0025003738291497998,0.0025004236169575466,0.0025003615417236533,0.8468002658884746,0.00250027078255848,0.04561337501986401,0.03509650246246515,0.002500550368607509,0.002500133723106785
8578_at,0.009091159683193078,0.009092454088487079,0.20096235073704083,0.009090991042321599,0.6551407717310939,0.009092442988206991,0.080255013201609,0.00909107951197455,0.009091314867398803,0.009092422148674324
8579_at,0.03670158678775373,0.0017546227453862095,0.0017546540676638312,0.9492606634111037,0.0017550176752483353,0.0017545465572498119,0.0017545064048683455,0.0017546478173733275,0.001755250352175205,0.0017545041811776086
8581_at,0.0014926139605293987,0.001492680563286893,0.0014928487681801928,0.0014925975183729433,0.0014929056315754771,0.0014928494651578928,0.8302626348720754,0.15779567592088262,0.0014925680115837115,0.0014926252883553444
8582_at,0.003334660080661561,0.6098525770435934,0.25018912348920397,0.003333906664097498,0.003334152755987481,0.0033337617899152,0.11662017351694393,0.0033336428732442963,0.0033340788557109265,0.0033339229306416688
8583_at,0.006667769568665941,0.006670619298847792,0.006667447400341808,0.0066672157936043565,0.8356343210315602,0.006668003910480079,0.11102182436994132,0.006667773198539047,0.006667709328250862,0.006667316099768601
8584_at,0.7133423132484354,0.0015153677785425704,0.0015160455400467338,0.0015153338774522834,0.001515305295115516,0.09208844430350106,0.18396064298986228,0.001515616096187443,0.001515715659165427,0.001515215211691299
8585_at,0.0028575238080056527,0.0028577020889201726,0.21936920360825446,0.002857409165963368,0.1516606375655943,0.002857528853194859,0.002857764338969045,0.0028575359143201582,0.0028575045715170146,0.608967190085261
8587_at,0.0014493254683906956,0.0014493674028067426,0.001449361971858732,0.0014493050116907737,0.0014495346678465406,0.0014493014056081322,0.0014494412275405835,0.7980491522298064,0.1903559226829825,0.001449287931468789
8588_at,0.002439216542539737,0.0024391314901751667,0.002439089840180106,0.002439066821143362,0.5336686377242226,0.0024390589059970374,0.0024391959899902013,0.44681850186919414,0.002439052500947617,0.0024390483156100963
8589_at,0.001136757934464274,0.001136579379945371,0.0011365760266067015,0.0011364534952281098,0.0536690769147347,0.0011366357793926303,0.0011365631163203019,0.9372383669716781,0.0011365552826806968,0.0011364350989490248
8590_at,0.0028580028098395822,0.0028577610563721607,0.002858263351468,0.5690965931739906,0.17420710117257807,0.1632622995865464,0.0028575223438586507,0.0028577830458484887,0.0028575968753047276,0.07628707658419344
8591_at,0.001667749507537446,0.9084727892728671,0.001667053234809111,0.02455085478749406,0.0016669044428158683,0.0016667877571047512,0.001666897677814941,0.0016669684909225693,0.055307132214767074,0.0016668626138671237
8592_at,0.0011112748867548898,0.1149594452110735,0.0011114229439718242,0.0011112161687132987,0.0011113971786381165,0.0011112175823747097,0.752125044637998,0.0011112447584755943,0.12513648768451996,0.0011112489474800883
8593_at,0.0021741929586751125,0.1506293253110077,0.002174308834673669,0.0021740497582331667,0.002174407742483127,0.0021741488739311413,0.0021741940806371935,0.0021741426720815783,0.831977209693924,0.002174020074353298
8595_at,0.0032265132104447166,0.0032263962094856227,0.0032264729535197473,0.003226041968469177,0.2686957664096741,0.0032261237128546425,0.0032263550399197426,0.003226262576528638,0.705494151016133,0.003225916902970604
8596_at,0.0014706436611023259,0.43697135424286954,0.0014710435900041248,0.0014708849913977534,0.46565610548511926,0.001470667944776017,0.001470777123765865,0.0014707342058825092,0.08707714791182217,0.0014706408432603227
8597_at,0.0024391885645663786,0.0024394816969789653,0.7283716358626856,0.14914804483736432,0.002439599775006801,0.10540462742633312,0.002439300742450358,0.00243937205348847,0.0024395025455707818,0.002439246495555338
8598_at,0.004166950865287099,0.004166767959062921,0.004166739715041656,0.004166712569671846,0.4958664285823512,0.0041667646654012114,0.4707987256311309,0.004167358446026801,0.004166810000878984,0.004166741565147443
8599_at,0.0021278737572272455,0.5733421638087355,0.0735180513838225,0.002128003013990557,0.25535553658835564,0.0021277241985177414,0.0021280852958874955,0.08501697464207239,0.0021278900400008203,0.002127697271390094
8600_at,0.0023258303970998947,0.002326381616178284,0.0023261985079885673,0.00232597407534714,0.0023261430260266736,0.002325870738852358,0.002326876745594767,0.43893765847796756,0.5424531003028898,0.0023259661120549942
8603_at,0.028826357179566196,0.0021742902359441953,0.2762143291060784,0.0021743131630244995,0.19633069544623286,0.0021740535803389067,0.0021743853336278706,0.002174426345304688,0.4855829758049849,0.002174173804897484
8604_at,0.0016130760818720306,0.0016132900953671865,0.1068151139247554,0.0830803002714219,0.7709679270573548,0.001613313067616331,0.029457193203014372,0.0016132354772627076,0.0016132234157701757,0.0016133274055651727
8607_at,0.06731698883765032,0.8944765629532533,0.001219658435266836,0.0012196245935155953,0.02966850743347203,0.0012195950549006586,0.0012199807038726282,0.0012196165637719375,0.001219914964077868,0.0012195504602186891
8608_at,0.0015874118455196276,0.0015875256457230974,0.0015874675926317674,0.01663247007407432,0.3505593822338613,0.0015874988476976021,0.6216954004056623,0.0015876433907351809,0.0015873489618168746,0.0015878510022778718
8611_at,0.08369621624117711,0.001562695197142484,0.15921135874009149,0.042400247314205775,0.0015626380655841194,0.0015627583644818605,0.001562731983962207,0.00156263500329396,0.0015629537696704322,0.7053157653203905
8612_at,0.9502970023008158,0.0017858338466993234,0.0017860148188672484,0.0017859588085215527,0.0017858517992614211,0.0017859454746618636,0.0017857789201417209,0.001785814969369833,0.001785835014713025,0.03541596404694825
8613_at,0.8940283194205544,0.09420547995489596,0.0014708250403386088,0.0014708194940156857,0.001470758582368383,0.0014707605761892213,0.001470735841292866,0.0014707830989527655,0.0014707464142093695,0.0014707715771827713
8614_at,0.0011112938899799983,0.0011112062554459868,0.8937277026994073,0.0011111961524792008,0.04688038706542334,0.0011112454332358802,0.051613338622152144,0.0011112533146218255,0.0011111807523371444,0.0011111958149173885
8615_at,0.0028577552404880687,0.26622689308303277,0.002857945425967013,0.0028574393602055583,0.0028575580399910574,0.10723650668789081,0.002857659066927915,0.6065334887784039,0.002857269024275097,0.0028574852928180566
8616_at,0.0018869599695431377,0.0754355619293584,0.19700656895621516,0.001887005482970241,0.0018870625532901421,0.0491927717059711,0.0018870416979712668,0.6670428258690312,0.0018869218463513277,0.0018872799892981655
8617_at,0.0009904147853701283,0.450682226538791,0.0009902970695895774,0.0009902869582223328,0.08560925162018664,0.0009901840719045965,0.0009905715931226551,0.4567763529165533,0.0009902619609827394,0.0009901524852771555
8618_at,0.10243530175273634,0.0020837455651667946,0.002084067208221198,0.00208365690111305,0.0020839704219811905,0.0020837339586273255,0.0020836438894713954,0.0020835386423002796,0.35747565495000666,0.5255026867103757
8621_at,0.2427098696262091,0.0018520739936834524,0.15842630437815663,0.001852024623838498,0.0018520624536784635,0.001852358528514067,0.0018519748639194927,0.0018519112674428822,0.04795997493332609,0.5397914453312314
8624_at,0.0037047768608414093,0.0037038371020647657,0.39511437445458286,0.0037037780176612076,0.5752508166011056,0.003704502749109869,0.0037047662611131523,0.0037047699250460373,0.0037041197847497696,0.003704258243725205
8626_at,0.001190571840193331,0.0011907355500507346,0.001190647421019063,0.1189826597705151,0.07144296264710952,0.2038122228330369,0.598618338067344,0.0011907482166954528,0.0011905490768872448,0.0011905645771487475
8627_at,0.11699031277332463,0.5170208101658523,0.0027782515255897534,0.002777913778609106,0.34654281707076023,0.002778075460497748,0.002777934064407573,0.0027779079314741197,0.0027779981915481335,0.0027779790379361476
8628_at,0.0011237095315058808,0.0011236565169892418,0.0011236742872443033,0.0011236582409931855,0.0011236852039354164,0.9898870706866583,0.0011236259039131057,0.001123647454963766,0.0011236327386162665,0.0011236394351806153
8630_at,0.0012196068964889365,0.05580107441558893,0.0012197599303360783,0.863170055096581,0.0012196309694950047,0.0012196660405551724,0.07249132782451022,0.0012196243851753802,0.0012196594033772733,0.001219595037891975
8631_at,0.0012197914586721927,0.0012196460090781653,0.001219805637095118,0.001219738674299801,0.001219834896732139,0.0012196583409906196,0.0012196648586313423,0.001219770047936819,0.9890223777129197,0.0012197123636441924
8632_at,0.0024392202177751514,0.0024395537790224725,0.0024403357867128755,0.0024392078973371678,0.7767964529825796,0.0024393427348915466,0.0024392046636797604,0.20368836079186012,0.0024392493092589827,0.002439071836882165
8633_at,0.002702959730542321,0.11846049034995441,0.29820710723961086,0.0027031520585547677,0.0027036645501652815,0.0027029561750133266,0.002702982369416572,0.1315340700703444,0.42056698778735796,0.017715629669039976
8635_at,0.08854808291602694,0.11200364536582036,0.00151554826567406,0.0015153157118280173,0.08603577917419705,0.001515643302804239,0.0015154043164163794,0.7043197896642991,0.0015153622304615083,0.001515429052472221
8636_at,0.1403129493097517,0.2270331036275121,0.0012050627901700438,0.0012049539296257144,0.001205274668128776,0.00120499275959825,0.0012049511799493177,0.001205078739298004,0.6242186882860623,0.001204944709903835
8637_at,0.002439208849718348,0.002439906740318429,0.0024393978639781666,0.002439162200554828,0.0024399654981816826,0.002439256948952635,0.338099217046525,0.6423841318264883,0.002440349314210585,0.002439403711071805
8638_at,0.001408668087406857,0.6383370708286951,0.0014087780613535408,0.0014085503509192684,0.24165993855310586,0.0014085721023372965,0.001408830396794395,0.11014244872950026,0.001408638516562666,0.001408504373324884
8639_at,0.0012821270902767137,0.021622437265299065,0.0012821739926456863,0.0012822734102146433,0.0012821393640541476,0.9681202768163931,0.0012821164756458773,0.0012821231478175022,0.0012821866166610805,0.0012821458209920336
8643_at,0.0009260694701665761,0.7705097095981929,0.0009263285744882722,0.0009260063883965894,0.0009260656866715569,0.08274047449882234,0.0009259693253682636,0.14026694091857386,0.0009260440012243266,0.0009263915380954877
8644_at,0.012500331036387523,0.012500206010416504,0.012500220395623764,0.012500099579751582,0.8874945073146624,0.012500279415173933,0.012501195756634975,0.012502744781143271,0.012500144971262825,0.012500270738943343
8645_at,0.004348159634592803,0.004348196919587315,0.47047985722579333,0.004349242468941302,0.00434910556318613,0.00434816757437348,0.19228002039308936,0.00434857326085185,0.30680045977982034,0.004348217179764219
8646_at,0.13627460501934915,0.00312542914910918,0.0031258316449980276,0.003125156079197503,0.0031252513431961567,0.003125267903742912,0.0031251541057080207,0.003125154165774237,0.8387230253640034,0.003125125224921355
8647_at,0.002040905247793359,0.0020409993677124416,0.0020417383864916342,0.00204085880812262,0.0020413579504656837,0.0020409725075738704,0.7185200824955051,0.002041253780667643,0.09665571673515042,0.17053611472051727
8650_at,0.023091674804820172,0.0017548556181137772,0.291716272003623,0.0017546821131314725,0.058424941248922106,0.001754801220152239,0.0017545415495172035,0.001754661396445553,0.4411808247406148,0.17681274530465974
8651_at,0.001075444529174477,0.001075340772092072,0.0010754217549647303,0.0010753172572557424,0.0010756276903920922,0.001075319314044831,0.0010753829484149962,0.9903213258636289,0.0010755010493938145,0.0010753188206384372
8653_at,0.0006173583190917521,0.556365011074128,0.3346293778726724,0.07814974308183108,0.0006174188880093296,0.013589463688708092,0.000617378445724156,0.0006174393074398781,0.000617394479668641,0.014179414842726716
8654_at,0.0011115074899166123,0.0011113033728044931,0.0011114937173410148,0.8134479085937276,0.13729732551673893,0.001111217073118818,0.04147524953403287,0.0011113356886909896,0.0011114501351076247,0.0011112088785210313
8655_at,0.0014287601790759067,0.0014287758505585378,0.0014287485002478654,0.0014286572317110651,0.21764986026319708,0.0014286794160810884,0.7709201957544228,0.0014287820054912196,0.001428902716086176,0.0014286380831281878
8656_at,0.003030750807684666,0.0030309850580737953,0.527410395969996,0.0030306734012950603,0.4483424330959264,0.0030306512370289786,0.003030962384450153,0.0030309244841149894,0.003031354542304295,0.003030869019125687
8657_at,0.0015627503735342572,0.001562880400835477,0.0015628587981670072,0.0015628490404339208,0.14322042132659094,0.0015626454140917762,0.4177473469677378,0.0015631548728424578,0.4280925285719228,0.0015625642338434778
8659_at,0.00222238582083506,0.0022235424627110945,0.0022234135291839653,0.002224449534377092,0.5398972769556766,0.002222518066987258,0.0022223982047098814,0.4423182216883183,0.0022234124937316638,0.0022223812434690113
8660_at,0.001785839012178961,0.001785986340683152,0.001785904333310059,0.0017857454744768008,0.08709790968732187,0.001786297298842374,0.14041637341886268,0.7599842969901752,0.001785798054096643,0.0017858493900522767
8661_at,0.001176659958970129,0.8251032601862821,0.053145437815498825,0.11351502854127532,0.00117674581140852,0.0011765111760761624,0.0011765599171107075,0.0011765591521431065,0.0011767322380479704,0.001176505203187103
8662_at,0.9410960022605332,0.0014087445049124662,0.0014087521086951548,0.001408696231169246,0.0014085644247467633,0.0014088506044825423,0.001408558285121203,0.001408583061499596,0.001408802823127661,0.04763444569571215
8663_at,0.001351537841897482,0.0013516821830165048,0.2109175249955597,0.001351439660093527,0.0013516492034837374,0.0013514683828193185,0.7782701825778937,0.0013514507434627993,0.0013516313119721693,0.0013514330998012137
8664_at,0.0023258038922297454,0.002325884630199402,0.15861247474208082,0.0023260590521543764,0.002325996272026285,0.002325912187385851,0.002325755711082718,0.002325885935808273,0.646993600569804,0.17811262700722855
8665_at,0.0015154600848666156,0.0015153475087914625,0.0015156098521970048,0.0015154262457708163,0.0015154402727012442,0.001515548956353282,0.0015153190438649104,0.0015153046834334362,0.5330127431725086,0.45486380017951267
8668_at,0.9557897776041462,0.001315942182510601,0.001316037576531385,0.0013158746143090998,0.0013159562080552057,0.0013163053559453613,0.0013158494211355895,0.001315896276940303,0.0013160288418843057,0.03368233191854204
8669_at,0.0016131381265174576,0.0016129844954377959,0.0016129781891268873,0.0016129372229924913,0.0016132058777470852,0.001612951258684886,0.0016130678402779869,0.9854827335521261,0.0016130444064660742,0.0016129590306231607
8674_at,0.4542000136636461,0.004348194186341757,0.004348584574750277,0.004348903468424089,0.511012595230831,0.004348399055599245,0.004348303132285033,0.004348321653765762,0.004348396719692696,0.004348288314664096
8675_at,0.0013334803253938932,0.8622381234254545,0.001333569208372206,0.0013335001185565158,0.1270937771175291,0.0013334549833453387,0.0013335009753873536,0.0013336240618290452,0.0013335352161972516,0.0013334345679350264
8677_at,0.11228680027612394,0.12992822753587435,0.49918539720146077,0.001960981054470393,0.18471343683066113,0.06408040204784682,0.0019611873703446452,0.001961454423520501,0.001961018679455748,0.001961094580241733
8678_at,0.0025008988891568624,0.002500393759806235,0.002500666668405346,0.0025000864044037834,0.5085956001586893,0.14009943496498609,0.2433077931275473,0.09299454133513875,0.0025001186256667193,0.0025004660661995005
8683_at,0.0014085737231032142,0.0014091051291945593,0.38952576743953143,0.0014087145206473192,0.2696262035886909,0.0014085550002918294,0.33098701863925106,0.0014086031604019626,0.0014089058182833836,0.001408552980604361
8684_at,0.0250012020338043,0.025000968115839836,0.025000967193211147,0.02500050302084949,0.7749916534386594,0.025001045378897028,0.025001074634931737,0.025000844054809065,0.02500071654430239,0.025001025584695573
8687_at,0.0018183098413584984,0.15019920404740367,0.0018183096570681104,0.025522341745486385,0.1495539293671311,0.0018183628908265545,0.6638144381079288,0.001818568142798869,0.001818299326754898,0.001818236873243185
8690_at,0.1422038058351214,0.002222626098887947,0.0022228324224156213,0.0022225921748705527,0.0022223649348006554,0.0022225747063322806,0.002222537926127343,0.002222432098800821,0.04501420074958679,0.7972240330530566
8694_at,0.0021278731852861516,0.0021279346344061623,0.002127815494809587,0.0021277130533221764,0.0021278505407069438,0.002127772398677783,0.2835377516972371,0.0021277789294747345,0.6994394379571544,0.0021280721089249545
8698_at,0.0022228521006871097,0.41663733578252776,0.002223077042268536,0.0022229382117367343,0.486724650345187,0.0022224821958403917,0.002222503641109583,0.002222415671649773,0.08107941669169949,0.002222328317293516
8701_at,0.0009525362772809534,0.20194087775371927,0.790438978389019,0.0009525464716272972,0.0009524559633019442,0.0009526572145729575,0.0009524700539752173,0.0009524478936948341,0.0009525214461761474,0.0009525085366324218
8703_at,0.010002572352391643,0.010000926215250533,0.010000246344157854,0.010000499652571344,0.9099934454023122,0.010000224792930067,0.010000508237128163,0.010000753128685792,0.010000613426193617,0.010000210448378902
8704_at,0.0018184812308526372,0.0018183964956036143,0.0018183806103171652,0.0018182916376562293,0.0018187781384955398,0.001818282156642693,0.001818338359548101,0.9836344033610355,0.0018184183423011532,0.0018182296675474752
8707_at,0.02500000000675003,0.025000000004834617,0.025000000005185465,0.7749966729998812,0.02500000000479153,0.025002601139709847,0.025000152354227066,0.025000261805860603,0.025000311670380353,0.025000000008379344
8708_at,0.02500000000675003,0.025000000004834617,0.025000000005185465,0.7749966729998812,0.02500000000479153,0.025002601139709847,0.025000152354227066,0.025000261805860603,0.025000311670380353,0.025000000008379344
8724_at,0.002857399326272722,0.00285739032220707,0.0028573205787125015,0.0028573016790073708,0.9742838144822732,0.002857340133311405,0.002857370743539292,0.002857500452075592,0.0028573537453371925,0.0028572085372634637
8725_g_at,0.002174073130659541,0.1702040268545006,0.002174133312669645,0.0021740103850776044,0.8124034054407241,0.0021740383697642406,0.0021740828481567644,0.002174193494581529,0.0021740467902265047,0.002173989373639529
8726_at,0.003846418163666788,0.0038473851055286887,0.19095289478225932,0.12215090444871504,0.49820412930521707,0.0038462132913666385,0.05085330417347932,0.11860590251342006,0.0038466357275443157,0.0038462124888028228
8727_at,0.03333591700027667,0.03333539069442594,0.03333637061112382,0.033334750218924264,0.6999771655269311,0.033335298920832514,0.03333650512792733,0.0333357276569708,0.0333371615127297,0.03333571272985783
8728_at,0.0012500455217429795,0.0012500853574339925,0.0012501055027398951,0.0012501461108971649,0.0012502820693856087,0.0012500509638068353,0.44954242951891915,0.5404566309478257,0.0012501852354438307,0.0012500387718046432
8729_at,0.02500000000675003,0.025000000004834617,0.025000000005185465,0.7749966729998812,0.02500000000479153,0.025002601139709847,0.025000152354227066,0.025000261805860603,0.025000311670380353,0.025000000008379344
8730_g_at,0.02500000000675003,0.025000000004834617,0.025000000005185465,0.7749966729998812,0.02500000000479153,0.025002601139709847,0.025000152354227066,0.025000261805860603,0.025000311670380353,0.025000000008379344
8733_at,0.005883019896242477,0.005883220392564336,0.2742853786405916,0.307497654583587,0.3770353879209817,0.005883586613094939,0.005882447272504063,0.005882548281924511,0.0058833846383938345,0.005883371760115364
8737_i_at,0.025000000006765617,0.02500000000483334,0.025000000005197087,0.7749978736666987,0.025000050384601086,0.02500065579432202,0.025000000004483956,0.025000000004547544,0.025000311523730744,0.0250011086048199
8738_s_at,0.025000000006765617,0.02500000000483334,0.025000000005197087,0.7749978736666987,0.025000050384601086,0.02500065579432202,0.025000000004483956,0.025000000004547544,0.025000311523730744,0.0250011086048199
8753_at,0.014285739867008257,0.01428583312879789,0.014285772234416414,0.4493222493319421,0.4363880517339735,0.014287414735851727,0.014285914132759514,0.014285983891001375,0.014287271165411654,0.014285769778837557
8760_at,0.025000000006765617,0.02500000000483334,0.025000000005197087,0.7749978736666987,0.025000050384601086,0.02500065579432202,0.025000000004483956,0.025000000004547544,0.025000311523730744,0.0250011086048199
8764_at,0.02500000000675003,0.025000000004834617,0.025000000005185465,0.7749966729998812,0.02500000000479153,0.025002601139709847,0.025000152354227066,0.025000261805860603,0.025000311670380353,0.025000000008379344
8766_at,0.025000000006765617,0.02500000000483334,0.025000000005197087,0.7749978736666987,0.025000050384601086,0.02500065579432202,0.025000000004483956,0.025000000004547544,0.025000311523730744,0.0250011086048199
8773_at,0.02500000000675003,0.025000000004834617,0.025000000005185465,0.7749966729998812,0.02500000000479153,0.025002601139709847,0.025000152354227066,0.025000261805860603,0.025000311670380353,0.025000000008379344
8774_at,0.0027778008962747918,0.0027779676006506712,0.0027780112991913496,0.0929771868737007,0.5507214945051966,0.002778326584819899,0.002778105772329912,0.33685463500649565,0.0027779327745097175,0.0027785386868306597
8779_at,0.001785829694809878,0.3209471316630949,0.0017862956366828458,0.001785874340556181,0.5386252089687108,0.0017858597276691004,0.07446490834589956,0.0017862772723418712,0.0017859707965420274,0.055246643553692874
8780_at,0.00384669543890174,0.0038472551360357807,0.0038476160980106993,0.003846607981061054,0.5328530491420085,0.0038467053418828863,0.0038467676853379006,0.2414525010640668,0.12732948416216802,0.0752833179505266
8787_at,0.002439395614671119,0.19059945992428753,0.002440330038028816,0.0024393300204896516,0.20722854269006527,0.5850955820676029,0.002439332911321071,0.0024395323002392123,0.0024392710517160817,0.0024392233815782476
8788_at,0.0058837565160958305,0.005883268071837974,0.005883589243895636,0.0058827517464598335,0.9470524431552698,0.005882727634512673,0.005882671000139808,0.005882820137636748,0.005883415399905782,0.005882557094245933
8789_s_at,0.0012987940290474613,0.0012988849487335604,0.48449829285128015,0.44944237270908777,0.0012988960714452585,0.00129907220690421,0.056967102354047006,0.0012988724116417228,0.001298930232382889,0.001298782185429753
8793_at,0.025000000006765617,0.02500000000483334,0.025000000005197087,0.7749978736666987,0.025000050384601086,0.02500065579432202,0.025000000004483956,0.025000000004547544,0.025000311523730744,0.0250011086048199
8794_i_at,0.02500000000675003,0.025000000004834617,0.025000000005185465,0.7749966729998812,0.02500000000479153,0.025002601139709847,0.025000152354227066,0.025000261805860603,0.025000311670380353,0.025000000008379344
8795_r_at,0.02500000000675003,0.025000000004834617,0.025000000005185465,0.7749966729998812,0.02500000000479153,0.025002601139709847,0.025000152354227066,0.025000261805860603,0.025000311670380353,0.025000000008379344
8796_at,0.02500000000675003,0.025000000004834617,0.025000000005185465,0.7749966729998812,0.02500000000479153,0.025002601139709847,0.025000152354227066,0.025000261805860603,0.025000311670380353,0.025000000008379344
8802_at,0.12198146124277702,0.2511891000228893,0.0019234946389412389,0.0019232821688857091,0.6133643380613016,0.0019235746675555308,0.0019246283664720253,0.0019235261326416258,0.0019233581097430356,0.001923236588792785
8803_at,0.19872776851617707,0.002083875142627556,0.002083603998924408,0.04158832157776856,0.0020836384061833626,0.07345621576231036,0.6737256247215286,0.0020836910061390553,0.002083359638565979,0.00208390122977503
8804_at,0.08860599759433593,0.0013159761294691508,0.1281087724634617,0.0013159380626948174,0.0013159662118327573,0.0013160760460583958,0.00131587253527165,0.0013158991339406268,0.17761680393824747,0.5977726978846876
8808_at,0.0019610190272050477,0.0019612371227571293,0.001961057563220102,0.001960893110012878,0.00196112279550411,0.001961105654566672,0.3304317942132207,0.0019609863596691253,0.4613663198303669,0.19447446432347731
8811_at,0.2509074207972214,0.0015154462298198367,0.3168124687812828,0.0015152859111880654,0.0015155767271683952,0.0015155558675781454,0.0015152791200924612,0.001515619912982109,0.0015155690124525104,0.4216717776402143
8812_at,0.2509074207972214,0.0015154462298198367,0.3168124687812828,0.0015152859111880654,0.0015155767271683952,0.0015155558675781454,0.0015152791200924612,0.001515619912982109,0.0015155690124525104,0.4216717776402143
8813_at,0.00109908214134452,0.0010991774521647273,0.10456047068827744,0.026392036812600442,0.001098952410750948,0.0010990687837064321,0.0010989559367057583,0.0010990153075235585,0.0010990249395985998,0.8613542155273276
8815_at,0.0017862634790834176,0.0017864219293367621,0.0017860414445576766,0.0017866894631944307,0.0017861646132762735,0.0017860291203011186,0.0017872724099268153,0.8667848341797396,0.11892443750769335,0.0017858458528904866
8819_at,0.0012658861021247498,0.0012659106940172654,0.0012659269655014931,0.0012659900996361538,0.0012660501039351603,0.001265912714694975,0.42498433145913117,0.5648881544792886,0.001265941181088853,0.0012658962005817908
8820_at,0.002500215906749568,0.002500816043141824,0.06697517172521633,0.0025009770147000005,0.3976300352835191,0.0025002096644074195,0.0025001856703451737,0.5178913645501325,0.002500825816327897,0.0025001983254601197
8822_at,0.001666732821628305,0.0016667774499213891,0.0016668031318374504,0.9398818391088014,0.046783962972262096,0.001666762933511032,0.0016667428130620258,0.0016667534924191519,0.0016668658432743787,0.00166675943328274
8823_at,0.0015625658237732227,0.0015626371125288445,0.42491333976579193,0.001562598456575828,0.0015630138356783892,0.00156275286525359,0.5625844632872419,0.0015627358936000436,0.0015628594134231312,0.0015630335461331458
8825_at,0.6299642475678123,0.0030303746596733266,0.003030532564033294,0.0030303893561282273,0.0030308512753460326,0.07700149796854891,0.27182050982593386,0.003030508344428865,0.003030395801675321,0.0030306926364200406
8829_at,0.0253740756738238,0.0013516841792330354,0.0013514843457811275,0.05761336758845747,0.18592049306068903,0.0013514757781485614,0.0013514653378690043,0.7229831160887885,0.001351460685274754,0.0013513772619347462
8830_at,0.0014927848749760368,0.5767580472305522,0.0014930364988148784,0.001492793770039964,0.001492987157288451,0.0014927575838279033,0.0014927951954888381,0.0014930066783566199,0.4112990790839541,0.0014927119267011274
8836_at,0.002041003047155205,0.0020412452676112835,0.13555049226093677,0.0020409949590071775,0.0020414099364530034,0.002041334857021589,0.041952643376216445,0.0020409675665564223,0.8082087114648691,0.002041197264173197
8837_at,0.17043369285608553,0.0017547407957334165,0.40326463162236376,0.0017546528706323175,0.17804861110032177,0.10331428782605706,0.0017548770062331294,0.0017546353309256524,0.13616525168473115,0.0017546189069162505
8838_at,0.2969225840365414,0.2841607462397385,0.0014708574234067703,0.0014707333422436452,0.0014707173101372064,0.40862107907110856,0.0014710048314015272,0.001470834910401401,0.0014707627467564995,0.0014706800882645528
8839_at,0.6218156226165605,0.0017241931559194483,0.0017243454108196216,0.0017241841340474493,0.11404612162470787,0.04224132527619634,0.2115513485944418,0.0017243727186824955,0.001724219704166492,0.0017242667644579981
8840_at,0.681815518022396,0.0023810417851705275,0.0023812309602888855,0.002381247506394026,0.0023815563840956385,0.06478684018552776,0.23672897789752095,0.0023810594426872103,0.0023812775253960515,0.0023812502905229795
8841_at,0.0368131859140336,0.0011765576580614694,0.10666283686824689,0.001176625357467263,0.0011765540190826164,0.0011765808391211697,0.0011765288653959025,0.0011765270731290663,0.26189623546307345,0.5875683679423886
8842_at,0.0010646326281313547,0.001063918409129003,0.0010640542181405933,0.02507370745205558,0.1955129119926161,0.0010640002491226846,0.05689315522900315,0.7161355341339692,0.0010639226867811542,0.001064163001051059
8843_at,0.005882496248761193,0.005882508858402294,0.00588257407108826,0.0058824405483577785,0.2693648543507001,0.0058825443936665195,0.6835744266513634,0.005882547161620916,0.005883020478068915,0.005882587237970587
8846_at,0.0013889531047211658,0.0013889911921929506,0.0013889571694496474,0.0013889272524631507,0.0013891265335153678,0.0013889418332095266,0.3277917822057142,0.6610963914833512,0.0013890070314106528,0.0013889221939721247
8847_at,0.2268438175834678,0.001020775347854311,0.06703128949709171,0.0010204872138533255,0.0010207885186552953,0.0010206779152488266,0.0010207861486251897,0.001020503444675614,0.0010205982918431759,0.6989802760386846
8848_at,0.17643368763963832,0.0007937784633775907,0.2919357949445726,0.0007938368686229214,0.03101048100727054,0.2868018119373174,0.0007937368813278863,0.0007937302833624652,0.18741218533410306,0.02323095664040727
8849_at,0.0012347493532806348,0.0012349530389242592,0.05813865601396879,0.0012346460154212195,0.001234953818193597,0.0012349524285865574,0.9319828097188658,0.001234673447677236,0.0012349420107183636,0.0012346641543634696
8850_at,0.0014287575031719398,0.0014288691228740197,0.0014287230976820933,0.001428667665742066,0.0014290221400113155,0.001428738053866171,0.08533183873528298,0.8789898961720072,0.025676805578689347,0.0014286819306729701
8851_at,0.0015876953229219924,0.0015875113499661969,0.0015875674359940963,0.40700353406282797,0.0015874382694603614,0.5554135338168354,0.026470205930832786,0.00158736412293598,0.00158759114525537,0.0015875585429698232
8855_at,0.0013516164459720806,0.25054813095502715,0.18776871423091074,0.0013515260731772568,0.0013516040402879895,0.0013516262159934853,0.0013517811884427248,0.4220814478858287,0.0013516828604585912,0.1314918701039013
8857_at,0.0018871234929704356,0.2505227238054908,0.001887424117588126,0.7343793562339624,0.0018876825932992564,0.0018874198742417196,0.0018870071664570747,0.001886927072692924,0.001887184647128443,0.0018871509961686946
8860_at,0.001587573988678133,0.41439932854819256,0.0015877491759470708,0.001587437560015498,0.0015885533136731633,0.0015876063579552768,0.00158817183809858,0.0015885309050765138,0.5728974611084574,0.0015875872039058541
8861_at,0.001075356852492512,0.0010754464576736812,0.0010753315805210307,0.01586676962183877,0.0010755222922500174,0.0010753259493192406,0.0010754463494023335,0.9755301123341059,0.0010753858403153935,0.0010753027220810987
8862_at,0.005883486878619896,0.09137655434840004,0.005883121483966501,0.005882735936844127,0.8615601707482027,0.005882630987680594,0.005882699974151335,0.005882820864420778,0.005883172641502029,0.005882606136212091
8863_at,0.0017242463767470956,0.0017243586814592177,0.0017247673158215856,0.001724334972991468,0.0017244981984053719,0.0017245422264617863,0.12134654002492003,0.001724303600866868,0.8648575478875468,0.0017248607147798336
8864_at,0.0009805918246603175,0.0009806546225199974,0.026610744465892726,0.0009806888384815435,0.21205218049869248,0.0009807070197297015,0.4132101512022706,0.0009805817920435721,0.3183729558813282,0.024850743854380842
8865_at,0.0010989984997420161,0.0010989668770281656,0.0010990424702999283,0.0010989611915047568,0.0010991575598110342,0.001099034819444534,0.7648427509876934,0.22636516522650016,0.0010989410660091194,0.0010989813019669226
8866_at,0.0014496379526894219,0.0014494444641792003,0.001449700254763129,0.0014496954696844714,0.10373555336349757,0.0014499467568682008,0.8084587086891563,0.03265004069812853,0.00144949228396021,0.046457780067073
8867_at,0.0017242288347748983,0.0017242976875724055,0.0017242649586546614,0.0017242251599015447,0.9844809277643718,0.0017241952584677912,0.0017244981769480813,0.0017244336810039668,0.0017247691147269679,0.0017241593635779608
8868_at,0.0004292165696024547,0.1142967432519243,0.00042926306436643746,0.7989893471703737,0.0004293187641058649,0.0004292322774967371,0.00042922451824576756,0.0837091842761909,0.00042926641567437126,0.00042920369201945304
8869_at,0.028814095090462198,0.0013699406934435953,0.0013701013446041684,0.0013699502872272507,0.001370118162684279,0.0013701793789126374,0.8435273951138504,0.11806827053157383,0.001369912519716444,0.0013700368775252628
8870_at,0.0009901983599147715,0.3889530455196669,0.0009904930451332657,0.5038271635672574,0.0009903074796614702,0.10028775125300916,0.0009902667678476434,0.000990317125584434,0.000990171251564365,0.0009902856303607118
8871_at,0.00357233326344201,0.003571913965314396,0.0035724631696108424,0.003571692816982851,0.49946893589523805,0.0035717671311498314,0.0035723954881356997,0.05621217068042204,0.08366085581675688,0.3392254717729475
8872_at,0.0016400595977959002,0.0016397802701452046,0.1601934409712234,0.8266880249136381,0.001640259868466227,0.0016396593814205068,0.001639633139793696,0.0016397129606035795,0.0016397697642472132,0.0016396591326661924
8874_at,0.000645207477539028,0.0006453514197476343,0.06360083427801466,0.4990212768354035,0.0006453514389817192,0.015376772415194006,0.0006452488178131327,0.0006452540018722141,0.000645329334264005,0.41812937398117006
8879_at,0.001351587664006833,0.0013516127918203778,0.6450523616222591,0.0013517096874332355,0.0013516789074923482,0.344134621090935,0.0013515581381593794,0.0013515824617204469,0.0013517084225219131,0.001351579213651389
8880_at,0.0013699454285638715,0.380864311925374,0.35552911708743623,0.0013700981813674956,0.0013700481271406888,0.00137013568215253,0.0013699661068641278,0.25401633531849643,0.0013700610779456713,0.0013699810646587882
8881_at,0.6523972424519855,0.0015153646360192212,0.3354798412684164,0.001515608215801047,0.0015153407811995705,0.0015153167294832007,0.0015152570484213508,0.0015153683773666694,0.0015154090043597418,0.0015152514869473297
8882_at,0.012500331036387523,0.012500206010416504,0.012500220395623764,0.012500099579751582,0.8874945073146624,0.012500279415173933,0.012501195756634975,0.012502744781143271,0.012500144971262825,0.012500270738943343
8883_at,0.001111160691453167,0.0011113124393244908,0.001111502455221486,0.0011111954952308409,0.6842477552346344,0.30686215249714505,0.0011112211272879045,0.0011112575479409346,0.0011112460763063193,0.0011111964354551705
8884_at,0.008333596908435074,0.008333872412805095,0.008333856443405159,0.00833352335825077,0.9249947555043962,0.008333876763786078,0.008334640284313723,0.008333826168835436,0.008334244836598536,0.00833380731917407
8885_at,0.00294134865692105,0.0394393506347392,0.4612610701557613,0.0029414886224785075,0.4787096287819729,0.0029414823291638663,0.0029413103687108864,0.002941291135090526,0.0029415418184230097,0.0029414874967390193
8886_at,0.001370183732909137,0.0013701357735151432,0.0013701465884987747,0.0013700269719781825,0.0013701105682931906,0.0013700086677334888,0.9090864511312708,0.001370030833307357,0.07995298908709325,0.0013699166454006282
8888_at,0.17326167403415452,0.0014087829504528593,0.7290989159171347,0.04069663514574852,0.001408578537580333,0.048490381779415226,0.001408641736325698,0.0014092445309126513,0.0014085555102250947,0.0014085898580504287
8890_at,0.6958538643212916,0.002439067328357381,0.0024391924026621356,0.0024390481432423005,0.0024390938029897748,0.05716383057794593,0.22990855241344704,0.0024390851713268916,0.002439112261966714,0.0024391535767703844
8891_at,0.0017550979142082921,0.0017546255523292603,0.0017547836822934748,0.0017545115092753752,0.0017547513361625532,0.0017550428493594773,0.0017546490949270973,0.9842073766966081,0.0017544960034451774,0.001754665361391056
8892_at,0.009091226670778347,0.009091156358719649,0.00909136933397459,0.009091138047819254,0.9181770345032243,0.00909124336600413,0.009091484599669531,0.009091447351183361,0.009092419412768036,0.00909148035585874
8896_at,0.0033334693363700945,0.0033333898765023845,0.0033333851452264154,0.003333362720814643,0.9699989683299097,0.0033333613716308923,0.0033334928690858636,0.0033337820844311604,0.0033333830662995454,0.0033334051997292924
8897_at,0.0016130358104929096,0.001613126006044874,0.7006561720914098,0.11056658146196675,0.1774854719656444,0.00161300545259359,0.0016131324561060659,0.0016130937278484956,0.0016133081827749366,0.0016130728451180622
8899_at,0.004167442770569235,0.3798750046246328,0.21783002550984965,0.004167474870161641,0.3731239918792949,0.004167322271587332,0.004166861810349841,0.0041674171383545636,0.004167155790845477,0.004167303334354643
8901_at,0.20434434657970538,0.001887173267164847,0.0018872750682184182,0.001887338688785531,0.3104370474563542,0.0018870381755194316,0.001887053821895953,0.0018869980022827785,0.472008795099408,0.0018869338406654055
8904_at,0.001041885823134057,0.0010418256951789512,0.0010418334900502723,0.0010419797725414678,0.0010417076235403858,0.0010419386015810645,0.8804299922120647,0.0010417451725129475,0.11123514432826385,0.001041947281132251
8905_at,0.0011765812408174921,0.0011767721646194383,0.24407477529021934,0.08677556637575139,0.3185075674211518,0.0011766410466601668,0.34358200298731434,0.0011767451859398162,0.0011767864170678804,0.0011765618704583556
8906_at,0.0037039425478725568,0.003704274163013993,0.7237730533983049,0.0037050502236020094,0.24659255082704118,0.0037043109486705745,0.003704032990220768,0.003704065136469222,0.003704183426437913,0.0037045363383669647
8909_at,0.0023814191721630578,0.5040472950564436,0.4769031873099918,0.0023810316159921323,0.0023812437286188206,0.0023811165192279063,0.0023811038067042115,0.0023814063595594625,0.002381186387923965,0.0023810100433748933
8910_at,0.02003662893983643,0.2790285506019422,0.0007693760225657455,0.0896690602122132,0.0007693854534070123,0.3361167329547069,0.0007693000125728055,0.000769362210354402,0.0007693113456459341,0.27130229224675545
8911_s_at,0.001075327229532566,0.0010756760879665475,0.0791062656957867,0.09780566086487649,0.11179851431785066,0.44650976610642795,0.0010753862061981907,0.0010754211884967412,0.0010754252779622488,0.259402557024902
8912_at,0.0020009168266230857,0.002000184861466319,0.0020003012908526552,0.00200013783036056,0.9819969789035788,0.002000185459547927,0.002000104149219759,0.002000885148760663,0.0020002719587828848,0.0020000335708073645
8914_at,0.08532546400850519,0.0015874400306180507,0.001587627578508003,0.0015874110743946473,0.0015875097981215636,0.0015878970872020965,0.38121284297367786,0.0015875137898848774,0.522348889382811,0.0015874042762767766
8915_at,0.0010992739145604198,0.0010994580951330449,0.16546560706024213,0.001099254288359537,0.0010990324796876006,0.0010992476865140028,0.001099066695886346,0.0010990007209505058,0.8257408317710205,0.0010992272876459268
8916_at,0.001960891570609577,0.00196115004464113,0.0019609346307282653,0.001960810763653471,0.001961277454847533,0.001960999882452862,0.9823502670994758,0.001960881914808106,0.0019614423521478086,0.001961344286635397
8918_at,0.9839271973614103,0.001785829283920115,0.0017858612393016168,0.0017858993955930525,0.001785866354088765,0.0017858349593925199,0.0017857725091549605,0.0017857849257546942,0.0017858248211174708,0.001786129150266474
8919_at,0.00036237339315365664,0.047324097100182524,0.0003623766582020243,0.9497767876180078,0.0003623765222256989,0.0003624062970209618,0.00036251174345194496,0.000362385408537682,0.0003623457163559886,0.00036233954286192863
8921_s_at,0.9823519408262671,0.001960861355339604,0.0019608957114802877,0.001960845058413786,0.001960872921779996,0.0019608672897415544,0.001960828427234492,0.0019608401960001806,0.0019608612711054054,0.001961186942637593
8922_at,0.0018870055917524367,0.19016586333241065,0.001887414559294879,0.0018868831487188634,0.5867467772446561,0.001887442272877464,0.20987773429154785,0.0018869405780423212,0.001887046257861543,0.001886892722838011
8923_at,0.001298931944665834,0.0012991145024587555,0.0012992191977532423,0.0012991922614902004,0.0012989792295435417,0.001298837029817784,0.001298825269331335,0.9883088634594007,0.0012992272608382026,0.0012988098447003398
8926_at,0.412833178197224,0.0017548917382489595,0.0017547169932741944,0.0017551094202153754,0.0017546564596240685,0.20766556252033455,0.0017545191595097836,0.001754491821801611,0.28903623033496517,0.0799366433548023
8927_at,0.07806767216157942,0.0009010278579557683,0.1421598864960874,0.0009009844790314258,0.0009010781204212625,0.0009009888648016005,0.0009010302502266449,0.0009011407184118808,0.0009011151005025556,0.773465075950982
8929_at,0.0031252672908267864,0.0031251297641758384,0.0031250548728901937,0.003125072536746274,0.6737114151699881,0.003125041218783409,0.003125188739132188,0.3012876560592033,0.003125118696453082,0.0031250556518009408
8930_at,0.0250012020338043,0.025000968115839836,0.025000967193211147,0.02500050302084949,0.7749916534386594,0.025001045378897028,0.025001074634931737,0.025000844054809065,0.02500071654430239,0.025001025584695573
8932_at,0.0010102445289250812,0.0010103924778832622,0.07626742454774027,0.001010458707638064,0.0010103114290734936,0.0010102528594328694,0.4973487985806232,0.41931169448602945,0.001010283472436675,0.0010101389102176051
8935_at,0.0012050120132444987,0.0012049822802297503,0.001204902535201071,0.0012048943412530167,0.0012051167501295897,0.0012049057687169395,0.9550593660895319,0.03530104814449016,0.001204910158503463,0.001204861918699615
8936_at,0.7236240201606859,0.0010102848995677085,0.0010103612194669869,0.0010103300217060652,0.0010103053100914423,0.0010101795692316255,0.0010101793160843969,0.001010284324570359,0.0010102301016942858,0.2682938250769013
8937_at,0.0025002855598176108,0.002500109951603026,0.0025002747683593785,0.002500126884708477,0.5459448384890446,0.0025000409561671644,0.002500262372540948,0.43405383673482306,0.0025001491965002706,0.0025000750864354123
8939_at,0.0014710648485956749,0.0014709791212301586,0.0014712052851353712,0.0014707300845514385,0.0014707691449992852,0.0014707584582360025,0.0014707235340856001,0.9867622034004666,0.0014708357824552867,0.0014707303402446174
8940_at,0.004546519888393998,0.0045459572693992865,0.004546366248678269,0.0045455888912102355,0.4716490098798102,0.004545915523220037,0.0045459700368086775,0.07707693309199111,0.004546671243350588,0.4194510679271376
8941_at,0.003704781412990405,0.0037045478630667867,0.4366904771806954,0.00370516623228221,0.47945823502581447,0.05792041473300268,0.003704056825951903,0.0037042385100553863,0.0037040873610599285,0.0037039948550808273
8945_at,0.00161324392290498,0.19521095696400662,0.0016133229529239886,0.0016131326882086667,0.4632845544726827,0.06103993499703722,0.001613170716634646,0.27078553154307544,0.0016130566833150125,0.0016130950592108723
8946_at,0.0035718757989958603,0.07872893733729953,0.0035723385740355777,0.003572030255006258,0.23414701721545758,0.19954513269373775,0.0035719251896044754,0.41888407926331983,0.0035716071700125935,0.050835056502530666
8949_at,0.0014494011091494617,0.0014495186561831912,0.017872986945726376,0.0014494476976108,0.001449562007188209,0.0014496380184743285,0.3427635350675594,0.6292168840802368,0.0014495671097169028,0.0014494593081549106
8950_at,0.0009709869722079796,0.47643013339601514,0.5158014419271618,0.0009710821994348221,0.0009709596244481591,0.0009711481536686848,0.0009711586311939087,0.000971000050170975,0.0009711132015695644,0.0009709758441290646
8951_at,0.568944975870926,0.0014288719730450557,0.0014288258882436248,0.0014289402548353849,0.1722413553085949,0.09120814527498124,0.15903165957440737,0.0014292836432276959,0.0014289301394686343,0.0014290120722701594
8953_at,0.14910201206570378,0.710200819156944,0.0010527814293793119,0.0010526880715864754,0.0010526920175575904,0.05131795070881958,0.001052843041121802,0.08306279771225483,0.001052704747181994,0.0010527110494504737
8954_at,0.002941396062859943,0.8990365396387769,0.002942184775554919,0.002941479347017842,0.07743020041053683,0.0029418304157326435,0.002941659091055691,0.0029414347743489558,0.0029413521248688864,0.0029419233592472265
8955_at,0.0015153406788343269,0.0015155488167571955,0.7496516918400917,0.0015157004973907265,0.0015158446286989927,0.0015154460001048568,0.2382242283715398,0.0015154908158437187,0.0015154478893236098,0.0015152604614152299
8957_at,0.0017243512482513568,0.0017244045714885964,0.12481681870928962,0.0017244934883316094,0.001724331603996383,0.0017246114689499835,0.0017243011479595991,0.0017243236142181096,0.0017245173769335805,0.8613878467705812
8959_at,0.0016131833719111091,0.0016134310948947082,0.0016133606104185138,0.001613497639165833,0.0016134074459389371,0.0016131555413428011,0.8348290766736975,0.0016131690991586399,0.15226474144620966,0.001612977077262347
8960_at,0.014760338737224387,0.4655603250923556,0.3285370786371946,0.000901186491989452,0.0009010379085495095,0.18573581259858618,0.0009010050856310723,0.000901085232348129,0.0009011476118830088,0.0009009826042379955
8961_at,0.00263164258883151,0.002631628889848886,0.0026316815795180528,0.0026316124469090976,0.7330162362708248,0.0026316278054428453,0.002632419358751247,0.2459297809271959,0.0026316869839748285,0.002631683148702866
8963_at,0.0013336978969527024,0.0013334155374162566,0.0013334326944376745,0.40774515000401257,0.0013333726802638101,0.48331075988162414,0.0013334126602058643,0.0013333598032642688,0.0013334228983057617,0.09960997594351695
8964_at,0.0009179284281221643,0.0009175589057423669,0.47529738199913407,0.02257018742349754,0.000917535923110025,0.0009177467288875975,0.0009178230900575942,0.0009174851997799115,0.30434530817694333,0.19228104412472533
8965_at,0.0009179284281221643,0.0009175589057423669,0.47529738199913407,0.02257018742349754,0.000917535923110025,0.0009177467288875975,0.0009178230900575942,0.0009174851997799115,0.30434530817694333,0.19228104412472533
8967_at,0.26254672914729593,0.04761536550925921,0.13410346538026846,0.001562748424038973,0.0015628471903689014,0.0015629833166689588,0.0015627354929027269,0.0015626444636437373,0.0015629687485960448,0.5463575123269571
8969_at,0.0038468615614039815,0.00384715526076047,0.4146831978078219,0.003846636442930134,0.5545435586434002,0.0038464509883600405,0.003846534516135178,0.0038465399415339597,0.0038465734757973133,0.0038464913618566996
8973_at,0.0015876447571604702,0.0015876877257086145,0.001587544752852768,0.0015874384831233049,0.0015876993253385807,0.0015874548638603588,0.09937173786681948,0.001587496384702134,0.8879279314888239,0.0015873643516105137
8974_at,0.000990152366969956,0.0009902769823856364,0.04814513608268762,0.6537665648855626,0.000990325985554952,0.032581063782747256,0.0009902330002529438,0.02538056547667541,0.23517544805837434,0.0009902333787892845
8975_at,0.0007355351126017299,0.11505394350512568,0.2551266872090045,0.41440182295124034,0.000735412456545084,0.02898383840189475,0.0282018702186803,0.0007354226520027772,0.1552900140301841,0.0007354534627208237
8976_at,0.010025529578936912,0.0008265583762063579,0.0008265307664018854,0.0008266006175795729,0.0008265230483499307,0.0008264956407357542,0.0008265360025713929,0.9833617336511514,0.0008268637261133934,0.0008266285919532876
8977_at,0.0015152207496779413,0.0015152784098978332,0.0015155629570059257,0.001515188002578265,0.001515476677529852,0.0015153861378969227,0.7194899087986112,0.2683875270636083,0.0015151976371490532,0.0015152535660448042
8979_at,0.0010419042427828422,0.6425608326499445,0.0010419177760004033,0.016923217201408425,0.07115145311393162,0.0010418167953282597,0.0010420697592278868,0.26311325759063775,0.0010417609564198117,0.001041769914318503
8981_at,0.7236240201606859,0.0010102848995677085,0.0010103612194669869,0.0010103300217060652,0.0010103053100914423,0.0010101795692316255,0.0010101793160843969,0.001010284324570359,0.0010102301016942858,0.2682938250769013
8985_at,0.686061531268146,0.0025001493065116356,0.002500233512813048,0.0025003881870608877,0.002500276429900117,0.07771535642383263,0.2187205865005982,0.002500223026223629,0.002500172144978226,0.002501083199935724
8988_at,0.0025010190007353377,0.0025004308396772337,0.3340244447939828,0.0025007764868581308,0.2571837214236241,0.002500277614326461,0.1596383333448366,0.0025002843864902276,0.23415030132823086,0.0025004107812382852
8990_at,0.0022734920030822955,0.0022732392492068334,0.4380015964287549,0.002272918519327275,0.0022738817593823315,0.002272958670827745,0.0022731391132665714,0.002273261339268943,0.002273713632076481,0.5438117992848066
8991_at,0.0013159290095078207,0.0013158747916657352,0.001315948976146513,0.0013158310671316494,0.0013160227648650357,0.001315965110238639,0.7258795017371994,0.2635931341566273,0.0013158222843490277,0.0013159701022688285
8992_at,0.0014494673548141805,0.0014495253703622462,0.0014494062380380375,0.037127323654411105,0.6675492268674655,0.0014493551606836387,0.19175721379790922,0.09486959576502435,0.0014495631374903863,0.001449322653801245
8994_at,0.05326887516358238,0.0019614128330445123,0.6775979461543651,0.001960882475286808,0.2554059780676449,0.001960970110219926,0.0019609707909896256,0.001961065962169713,0.001960971945101922,0.0019609264975951075
8997_at,0.0014495140373484278,0.0014493428176687024,0.0014493305528834278,0.0014493009159497693,0.2811003751511722,0.0014493615778413255,0.053887253643673506,0.6548667991879561,0.0014494236789964116,0.0014492984365101077
8998_at,0.0016951494654814327,0.0016951101281146308,0.0016952227916806391,0.00169511140231565,0.0016950525828221266,0.1130202446371409,0.0016950357097368215,0.0016949969068161747,0.0016956300177319778,0.8734184463581596
8999_at,0.0016668698834618751,0.04899366708648082,0.7045862969515815,0.0016667717436557455,0.001667254192935704,0.0016667623937006424,0.23475175963936734,0.0016668493839622621,0.0016670120802887275,0.0016667566445654047
9000_at,0.4241547120974377,0.0030304127172925835,0.0030304851175368577,0.0030303760135008207,0.39286672039412146,0.003030518560454363,0.16176514149352453,0.0030304858082810396,0.003030591172906325,0.0030305566249442238
9001_at,0.001064015508280597,0.0010639224842567227,0.00106396934552075,0.0010638910531734311,0.0010640479027949114,0.0010639266765248212,0.79872421189341,0.19276421918270512,0.0010638659262588756,0.0010639300270747808
9003_at,0.001754550710847905,0.41635698038448443,0.0017549589169728005,0.001754648704979113,0.0017550373315757832,0.001755052478322,0.0017546405328529833,0.0017546043909639991,0.5696041530792951,0.0017553734697058022
9004_at,0.000926180501617517,0.0009260387418740628,0.6645605878394936,0.1129968194755912,0.0009259961191546546,0.2078769628671309,0.00900918040215911,0.0009260705477583009,0.0009260788211190204,0.0009260846841015734
9005_at,0.5616624421729696,0.0013516004540906847,0.29373490024214605,0.0013514908905104337,0.001351641884527518,0.0013516712361768522,0.001351580378193158,0.001351773387230829,0.0013517861142033647,0.13514111323995148
9006_s_at,0.9849990395778802,0.0016668494299072086,0.0016668753501377807,0.001666801452760281,0.0016668268554413462,0.0016667196820152252,0.0016667096951766317,0.0016667439304247705,0.0016667162293445403,0.0016667177969119501
9008_at,0.002128240963871158,0.2586105912528086,0.002128179069854012,0.002127916141766034,0.6313773367400788,0.002128102592311668,0.002128262648260596,0.0021280245228067264,0.0951155357991861,0.0021278102690563956
9009_at,0.002778179566905612,0.0027792480156677494,0.2129114804183952,0.0027780835770461554,0.6521974680453664,0.0027790558885946444,0.11544209732636251,0.0027783227423973387,0.002777935141966861,0.0027781292772974604
9017_at,0.0017548799054006923,0.0017552186734302218,0.0017545768745328072,0.49036652441156436,0.001755048535493913,0.4955944730919525,0.0017545821644009846,0.001754416335871028,0.0017554652377723542,0.0017548147695812084
9019_at,0.002040866778733054,0.002041115894057034,0.002041200819376475,0.0020410019599667994,0.5988147755384936,0.13775449145511448,0.002041041658504319,0.2117060906295413,0.0020409049526921717,0.03947851031352058
9020_at,0.0023261476622039355,0.00232658503596383,0.29836504407125947,0.0023258836812954362,0.10046183892376437,0.5848905712048381,0.002326014809376123,0.0023259973597737622,0.0023262000832892536,0.0023257171682357536
9022_at,0.0030303407157582273,0.00303033462008393,0.0030303541194065405,0.0030303262133948208,0.9727264648921293,0.003030343207299365,0.0030304668883921904,0.003030590814698708,0.003030414251390447,0.003030364277446298
9026_at,0.001515253965868777,0.0015156263551791818,0.001515228073664633,0.0015155496707756914,0.0015153896405201651,0.0015151969424337874,0.0015153017366712628,0.9863620272409005,0.0015152497165540153,0.0015151766574321558
9027_at,0.0013699999355100934,0.0013704876476352532,0.2450119322348352,0.001370165273243542,0.0013702056914179236,0.0013699486932437078,0.0013701407597688615,0.10962074253144406,0.635776411928432,0.0013699653044695168
9028_at,0.0014927327527864329,0.0014928378481249096,0.5690510847935533,0.0014927990058416663,0.0014933096796458944,0.18842095339880438,0.0014927306471428897,0.0014929415467646585,0.0014926234653220426,0.23207798686201397
9029_at,0.7237582083541886,0.0026316202762156323,0.002631665215399085,0.002631599000763273,0.0026316483012066507,0.06162265894300885,0.19619757078116135,0.0026316285475391802,0.002631654661442231,0.0026317459190752265
9030_at,0.009092327364708715,0.009091326266105985,0.009093420479580623,0.009091333753981579,0.8330369044489669,0.09422745088760194,0.009091841475500842,0.009091467911470268,0.009091548549478334,0.009092378862604712
9032_at,0.001250547288148008,0.0012502645390264269,0.3619801205435363,0.0012503923485635362,0.0012503357759295886,0.21830048198261762,0.0012502843844180817,0.001250167769167527,0.0012502046013131605,0.41096720076727977
9034_at,0.014286160030429082,0.014286012299204386,0.014286159513924842,0.014285848357577105,0.8714207236918668,0.014286185694189709,0.01428745420717041,0.014289294076312681,0.014285921394388229,0.014286240734936744
9036_at,0.7488609578807386,0.0024391008537790935,0.002439196105890004,0.0024390468173280055,0.0024395771122526335,0.06336531692999922,0.17069929455846222,0.0024391027754781082,0.0024390967551625423,0.002439310210909538
9038_at,0.0023259537736439635,0.0023259473244758907,0.49790762704216046,0.002326443061785728,0.0023258769696805413,0.002326095033910308,0.002325903613572849,0.002325847675145279,0.019002836924342407,0.4668074685812825
9039_at,0.014286160030429082,0.014286012299204386,0.014286159513924842,0.014285848357577105,0.8714207236918668,0.014286185694189709,0.01428745420717041,0.014289294076312681,0.014285921394388229,0.014286240734936744
9040_at,0.0021280009703295143,0.5993284726670243,0.0021279807683219614,0.002127879897395278,0.0021283746456164064,0.002127889298423621,0.0021279333039507776,0.38364782380763274,0.002127827467406838,0.0021278171738985303
9044_at,0.0015385640189108417,0.0015390458882503144,0.0015387299015076179,0.06617796681064347,0.30166538448671065,0.0015389934575666098,0.4721823696974445,0.001538892860174415,0.15074044188659935,0.001539610992192446
9046_at,0.0004507042953110085,0.012544305517785117,0.000450515786255829,0.9838515862534574,0.0004504789594223987,0.00045049852416490595,0.0004504818320821813,0.00045047555286697793,0.0004504833304541624,0.00045046994820001124
9047_at,0.0023811161444591772,0.9785693587589362,0.002381232033220888,0.0023810071179751926,0.0023816822822337507,0.0023812842952390034,0.0023811345294320278,0.0023810440859168315,0.00238103322541093,0.002381107527175976
9048_at,0.010000389784466433,0.01000027822655571,0.010000497129515134,0.010000281019513084,0.9099949691883413,0.010000351006271288,0.010000647166103936,0.010000642850150648,0.010001343689052854,0.010000599940029654
9049_at,0.0023269155139627054,0.04083636132531763,0.002325921556841566,0.0023257230044309283,0.0023259684619622543,0.9405553624489431,0.0023257270984893374,0.0023259360145589697,0.002326136441143321,0.0023259481343500944
9050_at,0.09258094778760927,0.002941410304227077,0.002941654714819508,0.002941475239563879,0.3909969411822449,0.002941320259258747,0.4958308186369903,0.002941887573107155,0.0029421739615353017,0.0029413703406439883
9051_at,0.0012049571018332738,0.3602530331004023,0.1433842282126042,0.0012048908931280014,0.0012050565977406054,0.0012049025216135274,0.0012050094960262604,0.028414799684506723,0.0012053401769503793,0.4607177822151947
9056_at,0.014286237586136018,0.014286028328559422,0.014286278360753541,0.014285978865339078,0.8714200058947256,0.014286215898097069,0.014287480773404304,0.014289352720426491,0.014285932946805,0.014286488625753541
9057_at,0.0017242911389186621,0.0017244817887324252,0.0017247135508266977,0.0017242659578013434,0.338593878009891,0.001724315270619753,0.6476110034714468,0.0017244820040213126,0.0017243949238938217,0.0017241738838482512
9058_at,0.0012050248117641798,0.6819871253831687,0.1362749417781887,0.0012050935044097706,0.0012050500633621597,0.173302730329622,0.0012050158653593925,0.0012049196089840126,0.0012051294451491598,0.0012049692099918884
9059_at,0.0023818937930552052,0.0023812768113713116,0.13713235050969436,0.0023812465157492394,0.0023813486083735635,0.002381212313050786,0.49968671455648384,0.0023811553090525763,0.34651159519216584,0.0023812063910031963
9062_at,0.12789280905097264,0.4383772461047173,0.0012350660176988306,0.0012349204092460939,0.001234853459046679,0.38321630107310045,0.001234725680635158,0.0012347400225466848,0.04310457528348171,0.0012347628985544669
9063_at,0.0017547991599610416,0.012854434051186551,0.001754815764941949,0.36458905129963404,0.0017551850374518023,0.4886472913618667,0.0017546992391473423,0.001754556940360884,0.001754791623173012,0.12338037552227667
9064_at,0.004000837174894865,0.004000633601995768,0.00400062428499793,0.0486814454181593,0.2853465921283072,0.004000389384052935,0.6379686248141153,0.004000370315538775,0.004000289875111743,0.004000193002826284
9065_at,0.0015386098440932164,0.0015387858584644985,0.0015386765116505027,0.0015385255675623214,0.7367991534449371,0.0015385615503730626,0.0015386991488143423,0.25089190568686176,0.0015385784572653713,0.0015385039299779925
9067_at,0.001639550435238895,0.31319310311356385,0.0016395845711607336,0.03370315078293431,0.641625227607808,0.0016407532720651148,0.001639613173349696,0.0016397705820709728,0.0016397153155711711,0.001639531146237185
9068_at,0.002083555297248288,0.002083724915709658,0.33429673063674487,0.028259691110469113,0.19140901687843684,0.002083903652048124,0.0020836064456368226,0.002083680848937968,0.4335324338023556,0.002083656412412842
9073_at,0.002084118771997919,0.0020836790428255627,0.6222025461752205,0.22437129053182592,0.13883941833967392,0.0020838180903079376,0.0020838412832864797,0.00208388609579182,0.00208369025467086,0.0020837114143988844
9075_at,0.39342895121356564,0.0012051408960783605,0.36998839373761633,0.0012052400204489561,0.0012049979037688826,0.0012050862202506627,0.0012053250492030188,0.07099837558772035,0.0012051033046139828,0.15835338606673383
9076_at,0.012500331036387523,0.012500206010416504,0.012500220395623764,0.012500099579751582,0.8874945073146624,0.012500279415173933,0.012501195756634975,0.012502744781143271,0.012500144971262825,0.012500270738943343
9080_at,0.0014926268773631296,0.07322186201488794,0.4583655360226721,0.0014926289815940224,0.00149265013549174,0.06951983371542163,0.0014930540912625643,0.3899362959643685,0.001492738420161295,0.0014927737767771194
9082_at,0.0009710004682466004,0.0009709203614361514,0.0009710922479363379,0.0009710014557803952,0.0009709077850872607,0.07902568783222863,0.0009709195164908159,0.000970909720668449,0.6116970396684883,0.30248052094363714
9083_at,0.0015874818221784045,0.0015875891627612055,0.1732701792150521,0.0015876826969059372,0.0015874931527532202,0.0015875960509627745,0.0015874426688091822,0.0015875036931694427,0.8140296057690235,0.0015874257683841147
9086_at,0.003333692205606423,0.0033336737920670566,0.17719438390220563,0.003333394676899675,0.657229225182788,0.0033334263231620444,0.003333842320488294,0.14224102072728853,0.00333390535169354,0.0033334355178007307
9088_at,0.0018871904868026136,0.2459544665858793,0.12634488354241366,0.5459683060918702,0.07040962041657291,0.0018873975977263709,0.0018870688477110656,0.0018869650147943296,0.001886936896257619,0.001887164519971904
9089_at,0.0023813551369850474,0.0023811429648489648,0.0023812993031557005,0.002381159878240743,0.0023812988228404572,0.002381438019121845,0.8873601384794731,0.09358842647947305,0.0023810309214436537,0.0023827099944174917
9090_at,0.002941608103598636,0.03793619317837537,0.002941843243080721,0.0029431310384866066,0.12319887070021858,0.002941627065799499,0.8182717664591307,0.002941395943420489,0.0029422218657252012,0.0029413424021642615
9091_at,0.004762536421006884,0.00476277822774689,0.24484318943233374,0.004762132234378822,0.6710331171640478,0.004762180500152937,0.004762290122265932,0.05078735365919944,0.004762315663142393,0.004762106575725215
9094_s_at,0.3063218868629138,0.0009011309689648215,0.5886700802047998,0.0009010392164420582,0.000901182939965277,0.0009010578295486635,0.0009010253059723828,0.05270412748129333,0.028615264353958694,0.01918320483614109
9097_at,0.6886934684458363,0.0024390605356591276,0.002439103712777834,0.0024390418609745073,0.0024390846026770053,0.08458956039340275,0.2096433284179474,0.002439067133533596,0.002439086480028842,0.002439198417162556
9099_at,0.0006024918367854045,0.5269169927555795,0.22962462763901823,0.0006025720458241445,0.0006024371123609154,0.18587600540563717,0.014157427715698775,0.0006024734810307558,0.04041246660376386,0.00060250540430122
9100_at,0.004166732143062878,0.004168841159180971,0.004166785911817776,0.004166731932262483,0.37094950530120063,0.004166734346271304,0.5957137169663245,0.004166778948832839,0.004167441056025381,0.0041667322350213195
9101_at,0.0010529151023762303,0.0010528542776486866,0.001052757555172946,0.4143916660681442,0.0010528480763314222,0.3428123430605195,0.0010527416435926558,0.0010527191944752665,0.0010528126581116303,0.23542634236362764
9102_at,0.1971013942817554,0.002325848163133934,0.0023261664444620624,0.0023258959139404382,0.13959855433438337,0.0023257640984270557,0.0023258667890426253,0.0023259202596476024,0.6470189044653843,0.002325685249823049
9106_at,0.15053253766450828,0.608647091976488,0.0011368096432816052,0.0011364183424214683,0.0011368128113963332,0.0011367348015877223,0.0011365969714683584,0.23286415795321508,0.0011364353330975193,0.0011364045025355344
9109_at,0.0016136248838265511,0.001613120800235732,0.2814968987239308,0.0016133158907775378,0.06496685237444694,0.001613354115065748,0.6422427458031844,0.0016133985796963255,0.0016132198278059687,0.001613469001029988
9110_at,0.0022223104789081093,0.17757323615040077,0.45828305693913624,0.0022224569301707484,0.0022227658184849515,0.002222325412365678,0.0022229071751052425,0.34858444383949083,0.002222907797577803,0.0022235894583596543
9111_at,0.0034485509513456033,0.003448376675622837,0.003448435641982526,0.003448340530304788,0.7154630340129683,0.003448345630922159,0.11644799821003357,0.1439501584643103,0.0034484060576042536,0.003448353824905634
9115_at,0.001818792945259187,0.8650334196190386,0.0018186635063451612,0.001818273140707521,0.0018186677756603584,0.12041771140456363,0.0018185773212746508,0.0018182647208174105,0.0018191477973818595,0.001818481768951594
9117_at,0.001041873500810256,0.06996446314909958,0.04097312985727279,0.0010419453125075004,0.5397028823279665,0.0010418386746634633,0.0010417777900772287,0.3431084523703068,0.0010418135237563258,0.0010418234935396047
9119_at,0.001176591785114187,0.001176548633435026,0.0011765385391073625,0.0011764941669017428,0.0011766265819048423,0.015489104555355003,0.0011765982124239077,0.975098488153795,0.0011764793872900078,0.0011765299846728413
9120_at,0.001265983727164958,0.0012660413113396744,0.2756040510027049,0.0012660620275856346,0.046640278118468194,0.001265946098587687,0.6688936396789094,0.0012658963460853623,0.0012661656549932503,0.0012659360341612954
9121_at,0.000980485157476342,0.5593819693797959,0.09061866423032994,0.0009807535824202323,0.0009804212693295617,0.2762779186636754,0.0009804363146130016,0.0009804471872152441,0.011756305989137291,0.057062598226007115
9123_at,0.0625273575909718,0.7991321361906986,0.000694523762692709,0.0006945013484424045,0.0006946179046756318,0.05501371033347037,0.0006945565951167067,0.07915963467784017,0.0006944685691957022,0.0006944930268961027
9124_at,0.0015157378517473565,0.0015152895500515605,0.001515252888634209,0.0015152645874355393,0.0015155308959077913,0.0015152392005558363,0.001515506812999055,0.986361504531471,0.0015154558351686339,0.0015152178460288782
9129_at,0.00238146522843113,0.002381697307889589,0.002381875393600396,0.0023812798389719093,0.0023815771730307227,0.26197865776398743,0.0023812060927418956,0.7189694226762559,0.002381584224135137,0.0023812343009557394
9131_at,0.0012195975488651428,0.001219595121071654,0.001219696088094217,0.0012195465654451889,0.22574785412577741,0.0012195919573540438,0.0012199414682633255,0.7644949406494891,0.001219678762213981,0.0012195577134258477
9132_at,0.0005682587497460754,0.3697185777956965,0.06278375975783498,0.4429629295682961,0.0005682669759781132,0.04037565606196756,0.0005682934550963698,0.0005682230373117731,0.000568361598175218,0.08131767299989717
9135_at,0.001613140922129122,0.0016132670459411153,0.0016135251025622085,0.0016132793519605965,0.0016131251729710769,0.0016130352413446247,0.10805525792887173,0.8790391236169163,0.0016132630044983992,0.0016129826128048004
9138_at,0.0009712918740669117,0.050467261940266184,0.0009709614545673993,0.0009709118969771895,0.0009710457224325496,0.0009709121124942428,0.13120783592125834,0.0009710367068155025,0.8115278557051562,0.0009708866659654269
9139_at,0.15156706632865277,0.0014088910456877708,0.30403857645614984,0.2695013911675678,0.0014089151565845033,0.21098872421648113,0.0014087235937176293,0.0014086758033917905,0.05686021333644457,0.0014088228953221386
9141_at,0.0008265202910487803,0.9623139749812735,0.0008265582697319058,0.0008265475257626926,0.0008267503531025432,0.0008265216281939278,0.0008265508055816228,0.031073529959847825,0.0008265424544245389,0.0008265037310327568
9142_at,0.0011907298421988516,0.0011907765953535388,0.0011906528365887925,0.0011909433635630057,0.0011907539855309172,0.001190637485972065,0.0011906029865543595,0.9892837888856831,0.0011905462002043494,0.001190567818351024
9144_at,0.01666713839358375,0.016667141396862817,0.016667282291487832,0.01666690517488762,0.8499946639434977,0.0166672552013057,0.01666733346310663,0.016667123040142274,0.016667835106454247,0.01666732198867144
9146_at,0.0007576943390091334,0.6475481046966838,0.0007576594177613452,0.0007576591926936509,0.000757657610764324,0.0007576448842527081,0.0007576177348682813,0.34639073949741367,0.00075762517976127,0.0007575974467919892
9147_at,0.03864136317889907,0.001818418805936448,0.0018185887624369414,0.001818642427242993,0.0018190245240089916,0.0018186229690786864,0.11888927060943744,0.0018185076472807826,0.7197578085625878,0.11179975251309088
9148_at,0.001666699154264144,0.0016670994476015576,0.0016667585412581017,0.0016667351850591483,0.20014594465463523,0.001666762701413601,0.0016668283717044814,0.7865196846507875,0.0016667674044129996,0.0016667198888632483
9149_at,0.0012661331470642818,0.06874175658396893,0.6159243570263996,0.09819778234166024,0.001265888725561947,0.16788442518515134,0.0012659226749011745,0.0012658986390156558,0.001265989420062056,0.04292184625621486
9150_at,0.001162875846138522,0.989533710650733,0.0011629570522005354,0.0011629428922624294,0.0011629096290982266,0.0011631035064278094,0.0011628662513352085,0.0011628786719465832,0.0011628664530345923,0.0011628890468229575
9154_at,0.033335917135242525,0.033335580299177194,0.0333366411278115,0.03333441365150809,0.6999769912434084,0.03333636142123526,0.033336719387563565,0.033335460879246215,0.03333496853814229,0.0333369463166649
9155_at,0.7337848298082632,0.0023810099370800038,0.002381057615028155,0.002380987091670911,0.0023811270858979747,0.0731980021593322,0.17634984417876579,0.002381003479975345,0.002381038080602745,0.002381100563383783
9156_at,0.0011766340959672532,0.6323836424813348,0.00117667318683403,0.0011765399391814196,0.23214229013214688,0.001176569247928639,0.0011766049899727222,0.1272379516114382,0.001176595708478768,0.0011764986067174575
9157_at,0.0010990229574685424,0.0010992371806172669,0.0010994384186903455,0.0010992604772997528,0.0010990889207367625,0.05029722572823376,0.0010989997843171167,0.0010990124435924082,0.5737513984542035,0.36825731563484054
9161_at,0.002703812689729659,0.2209060711281326,0.002703597327304309,0.6427154551693645,0.002703230212606343,0.11745601967829924,0.0027029288808379636,0.0027029964121237913,0.0027029510034224553,0.002702937498179094
9162_at,0.001960863774792346,0.001961049496991858,0.001960936435633351,0.0019608383970224122,0.001961084588221457,0.0019608564182621063,0.0019610166775046387,0.001960862800421149,0.982351662774002,0.001960828637148718
9163_at,0.0013158047060038783,0.0013159452595401802,0.0013158378091097918,0.0013158366192240086,0.12356600883052067,0.0013158185042688544,0.0013159169515784433,0.8659071995472875,0.0013158188644112694,0.0013158129080555387
9166_at,0.0014085230943603668,0.0014085569118361724,0.001408519873862611,0.001408529597506985,0.001408878124284648,0.0014084929987003023,0.1837333000940924,0.8049981580791625,0.0014085483599703286,0.0014084928662238295
9169_at,0.0018521370272995411,0.0018520558424279163,0.5639620506152407,0.001851918037111234,0.0018520555082724914,0.0018522271673731855,0.42122158437506196,0.0018519623674616945,0.0018519682316275204,0.0018520408281237546
9171_at,0.002778037838559846,0.0727307698663618,0.6053000767350585,0.002778348557270079,0.30252174555789,0.0027784793705590235,0.0027780171979749197,0.002778111635309968,0.002778106675384716,0.002778306565631115
9172_at,0.0007875537973892211,0.4426487689390344,0.15276000356212552,0.12111487919417911,0.0007874851327121578,0.2787511280533805,0.0007875610411490177,0.0007874766434031334,0.0007876501440617762,0.000787493492565072
9176_at,0.0020835322167467355,0.0020834704823084983,0.002083527025590954,0.0020834071570169027,0.0020835376915168736,0.002083511017977899,0.0020834460920819225,0.0020834219470817652,0.002083383827997695,0.9812487625416808
9178_at,0.7155669452591582,0.002222338306670075,0.002222384616220829,0.00222232127349097,0.0022225711205845853,0.0627292790117753,0.2061470395816205,0.002222386569052057,0.002222283430860256,0.002222450830567079
9179_at,0.0012820897287947623,0.0797627746510066,0.0012823214500628003,0.0012822344298526734,0.5712533247397126,0.0012821978034885976,0.20924003920724757,0.13205085288123963,0.0012820866362568673,0.0012820784723377148
9183_s_at,0.9844822534813624,0.001724200128980149,0.0017242153622126282,0.0017241689678873478,0.001724230979626226,0.0017241923747204416,0.0017241706403577342,0.0017241876315938784,0.0017241887204839355,0.0017241917127752363
9184_at,0.9844822534813624,0.001724200128980149,0.0017242153622126282,0.0017241689678873478,0.001724230979626226,0.0017241923747204416,0.0017241706403577342,0.0017241876315938784,0.0017241887204839355,0.0017241917127752363
9185_at,0.0032261795256709343,0.0032263447982239864,0.003226876500067908,0.003226501324470276,0.9709576195079523,0.0032260283497526376,0.0032288066565176288,0.0032270842865413556,0.003228540148473866,0.003226018902329039
9186_at,0.03333591443775885,0.0333351320329776,0.03333918371261637,0.03333441336691523,0.69995607732382,0.03334598028509558,0.033335640885258117,0.03333514572200025,0.0333348718912377,0.0333476403423203
9189_at,0.03333591443775885,0.0333351320329776,0.03333918371261637,0.03333441336691523,0.69995607732382,0.03334598028509558,0.033335640885258117,0.03333514572200025,0.0333348718912377,0.0333476403423203
9190_at,0.03333591443775885,0.0333351320329776,0.03333918371261637,0.03333441336691523,0.69995607732382,0.03334598028509558,0.033335640885258117,0.03333514572200025,0.0333348718912377,0.0333476403423203
9191_at,0.03333591443775885,0.0333351320329776,0.03333918371261637,0.03333441336691523,0.69995607732382,0.03334598028509558,0.033335640885258117,0.03333514572200025,0.0333348718912377,0.0333476403423203
9193_at,0.03333591443775885,0.0333351320329776,0.03333918371261637,0.03333441336691523,0.69995607732382,0.03334598028509558,0.033335640885258117,0.03333514572200025,0.0333348718912377,0.0333476403423203
9194_at,0.03333591443775885,0.0333351320329776,0.03333918371261637,0.03333441336691523,0.69995607732382,0.03334598028509558,0.033335640885258117,0.03333514572200025,0.0333348718912377,0.0333476403423203
9195_at,0.03333591443775885,0.0333351320329776,0.03333918371261637,0.03333441336691523,0.69995607732382,0.03334598028509558,0.033335640885258117,0.03333514572200025,0.0333348718912377,0.0333476403423203
9196_s_at,0.0018185185706737286,0.14498274388906907,0.0018185312363822098,0.2849690068119963,0.34884970612205096,0.0018183266988800043,0.0018185947392262561,0.001818426310215454,0.21028783428266584,0.0018183113388402126
9197_s_at,0.002041061336929945,0.0020409811376717528,0.0020409229032873734,0.0020435122735465105,0.9816283411263629,0.002041001633758495,0.0020409527560032443,0.0020409567123016725,0.0020413990403291204,0.0020408710798090384
9198_s_at,0.0018183214335262905,0.0018184359553987711,0.001818466470653782,0.045434379910573565,0.6790186857452812,0.0018185868866886258,0.0018183524798134052,0.0018183958632028525,0.26281805410123876,0.0018183211536228175
9199_at,0.0024392520060406257,0.0024394847624364976,0.0024394628397191283,0.0024392303725062083,0.2852110174454854,0.002439311903006937,0.33088961775359066,0.002439421865779244,0.3668238888608824,0.0024393121905529882
9200_at,0.00038317563689698364,0.0003832640907211255,0.012925947426728375,0.6507880592739835,0.0003832877618823708,0.13784700394484728,0.000383187027701605,0.0003832697330337337,0.0003832792221000648,0.19613952588210481
9201_at,0.0012659179592843794,0.001266066642466236,0.4573648961506951,0.0012658869600136414,0.0012659752587329974,0.0012661006728479165,0.5325072489888807,0.0012660669148362898,0.0012659587922936447,0.0012658816599492237
9202_at,0.0013334645150315082,0.001333654508256293,0.18768950883615662,0.0013337673209310764,0.0013339837433582389,0.0013335460754091638,0.6499112700322575,0.15306405049518268,0.0013333669609040919,0.001333387512512802
9203_at,0.001886843980864369,0.4103033026212472,0.0018869743296695731,0.0018869263405904555,0.4138779867776858,0.1346160601358063,0.029881055816753425,0.0018870045206529813,0.001886935092615894,0.001886910384114034
9204_at,0.00135143577954378,0.0013516899191755964,0.0013515957227576139,0.001351648181976565,0.22916415503964468,0.0013514901567707144,0.11017487268203238,0.6511999816881467,0.0013516429861221014,0.0013514878438298772
9207_at,0.0018184423974830653,0.0018191558703337537,0.001818647956227645,0.0018183821477274651,0.49350061723061217,0.0018184278979234397,0.001818493374640205,0.4919503178094796,0.0018192401854019407,0.0018182751301705955
9209_at,0.02500000000505427,0.025000000003610075,0.0250000000038821,0.7749981910293934,0.025000050383352162,0.025000650006825723,0.025000000003348257,0.025000000003395844,0.025000000003522448,0.025001108557615625
9210_at,0.025000000005038,0.025000000003610863,0.025000000003869954,0.7749969827153493,0.025000000003572338,0.02500260308665493,0.025000152354909436,0.025000261807833074,0.025000000012908075,0.02500000000625399
9215_at,0.025000000005038,0.025000000003610863,0.025000000003869954,0.7749969827153493,0.025000000003572338,0.02500260308665493,0.025000152354909436,0.025000261807833074,0.025000000012908075,0.02500000000625399
9219_i_at,0.025000000005038,0.025000000003610863,0.025000000003869954,0.7749969827153493,0.025000000003572338,0.02500260308665493,0.025000152354909436,0.025000261807833074,0.025000000012908075,0.02500000000625399
9220_r_at,0.025000000005038,0.025000000003610863,0.025000000003869954,0.7749969827153493,0.025000000003572338,0.02500260308665493,0.025000152354909436,0.025000261807833074,0.025000000012908075,0.02500000000625399
9221_f_at,0.025000000005038,0.025000000003610863,0.025000000003869954,0.7749969827153493,0.025000000003572338,0.02500260308665493,0.025000152354909436,0.025000261807833074,0.025000000012908075,0.02500000000625399
9222_at,0.02500000000505427,0.025000000003610075,0.0250000000038821,0.7749981910293934,0.025000050383352162,0.025000650006825723,0.025000000003348257,0.025000000003395844,0.025000000003522448,0.025001108557615625
9224_at,0.02500000000505427,0.025000000003610075,0.0250000000038821,0.7749981910293934,0.025000050383352162,0.025000650006825723,0.025000000003348257,0.025000000003395844,0.025000000003522448,0.025001108557615625
9225_at,0.025000000005038,0.025000000003610863,0.025000000003869954,0.7749969827153493,0.025000000003572338,0.02500260308665493,0.025000152354909436,0.025000261807833074,0.025000000012908075,0.02500000000625399
9226_at,0.025000000005038,0.025000000003610863,0.025000000003869954,0.7749969827153493,0.025000000003572338,0.02500260308665493,0.025000152354909436,0.025000261807833074,0.025000000012908075,0.02500000000625399
9227_i_at,0.02500000000505427,0.025000000003610075,0.0250000000038821,0.7749981910293934,0.025000050383352162,0.025000650006825723,0.025000000003348257,0.025000000003395844,0.025000000003522448,0.025001108557615625
9228_r_at,0.02500000000505427,0.025000000003610075,0.0250000000038821,0.7749981910293934,0.025000050383352162,0.025000650006825723,0.025000000003348257,0.025000000003395844,0.025000000003522448,0.025001108557615625
9235_at,0.025000000005038,0.025000000003610863,0.025000000003869954,0.7749969827153493,0.025000000003572338,0.02500260308665493,0.025000152354909436,0.025000261807833074,0.025000000012908075,0.02500000000625399
9237_at,0.025000000005038,0.025000000003610863,0.025000000003869954,0.7749969827153493,0.025000000003572338,0.02500260308665493,0.025000152354909436,0.025000261807833074,0.025000000012908075,0.02500000000625399
9238_at,0.02500000000505427,0.025000000003610075,0.0250000000038821,0.7749981910293934,0.025000050383352162,0.025000650006825723,0.025000000003348257,0.025000000003395844,0.025000000003522448,0.025001108557615625
9245_at,0.02500000000505427,0.025000000003610075,0.0250000000038821,0.7749981910293934,0.025000050383352162,0.025000650006825723,0.025000000003348257,0.025000000003395844,0.025000000003522448,0.025001108557615625
9260_at,0.02500000000505427,0.025000000003610075,0.0250000000038821,0.7749981910293934,0.025000050383352162,0.025000650006825723,0.025000000003348257,0.025000000003395844,0.025000000003522448,0.025001108557615625
9262_at,0.025000000005038,0.025000000003610863,0.025000000003869954,0.7749969827153493,0.025000000003572338,0.02500260308665493,0.025000152354909436,0.025000261807833074,0.025000000012908075,0.02500000000625399
9264_at,0.025000000005038,0.025000000003610863,0.025000000003869954,0.7749969827153493,0.025000000003572338,0.02500260308665493,0.025000152354909436,0.025000261807833074,0.025000000012908075,0.02500000000625399
9267_at,0.02500000000505427,0.025000000003610075,0.0250000000038821,0.7749981910293934,0.025000050383352162,0.025000650006825723,0.025000000003348257,0.025000000003395844,0.025000000003522448,0.025001108557615625
9268_at,0.025000000005038,0.025000000003610863,0.025000000003869954,0.7749969827153493,0.025000000003572338,0.02500260308665493,0.025000152354909436,0.025000261807833074,0.025000000012908075,0.02500000000625399
9279_at,0.02500000000505427,0.025000000003610075,0.0250000000038821,0.7749981910293934,0.025000050383352162,0.025000650006825723,0.025000000003348257,0.025000000003395844,0.025000000003522448,0.025001108557615625
9280_at,0.02500000000505427,0.025000000003610075,0.0250000000038821,0.7749981910293934,0.025000050383352162,0.025000650006825723,0.025000000003348257,0.025000000003395844,0.025000000003522448,0.025001108557615625
9281_at,0.0250012020338043,0.025000968115839836,0.025000967193211147,0.02500050302084949,0.7749916534386594,0.025001045378897028,0.025001074634931737,0.025000844054809065,0.02500071654430239,0.025001025584695573
9286_s_at,0.0018521040209643264,0.0018522017909377974,0.0018523254768576173,0.001852206137655976,0.3877874609718621,0.0018521029319506022,0.0018520909602694144,0.04814922673636914,0.5510979565148804,0.00185232445825281
9287_s_at,0.04530318129951397,0.0010102671082672648,0.4304820077904015,0.0010104002359266112,0.46701782983794066,0.0010104265094788545,0.0010101876774957694,0.051135227291874176,0.001010242574895838,0.0010102296742053834
9288_s_at,0.0019236783588860672,0.1292308178612271,0.0019234326098249866,0.0019236701662176856,0.2057816018338977,0.0019232536964614408,0.45699130725111214,0.0019234560202335729,0.19645560844969498,0.0019231737524442105
9289_at,0.014286160016285979,0.014285988859884533,0.014286128297180206,0.014285890099573473,0.8714206807277198,0.014286055767479109,0.014287429657843667,0.014289397139333285,0.014286168967684445,0.014286100467015464
9290_f_at,0.0038462332964415633,0.003846330875875277,0.0038465062974632432,0.003846290904508622,0.9653828100693835,0.003846205322882307,0.0038464035254428056,0.0038466396376074206,0.003846356110910695,0.003846223959484314
9291_at,0.0007093547723722927,0.0007092526815231983,0.7255381253623773,0.0007092895040835925,0.0007093222442755327,0.009369003204893814,0.14368877232077865,0.11714823826060804,0.0007093292080227903,0.0007093124410648741
9292_at,0.025001868584264366,0.025001152216216765,0.025001526477843698,0.02500050306156037,0.7749884122181209,0.025001403691170116,0.025001651095651063,0.025001083541220097,0.025000761352123622,0.025001637761829044
9294_at,0.0032259673637738628,0.0032259346686255856,0.003226053915508862,0.0032258363836877566,0.9709664654610026,0.003225889082152651,0.0032259590675857877,0.0032261051892104476,0.003225934116201374,0.0032258547522510885
9301_at,0.02500000000505427,0.025000000003610075,0.0250000000038821,0.7749981910293934,0.025000050383352162,0.025000650006825723,0.025000000003348257,0.025000000003395844,0.025000000003522448,0.025001108557615625
9304_at,0.0018197369099742118,0.001818380345140665,0.0018187504134736826,0.0018183297392566418,0.8757393270346907,0.05619965197596999,0.055329908693679465,0.0018184250531337405,0.001818539140913445,0.001818950693767405
9306_at,0.0018519094753472172,0.0018520542895459334,0.0018520258289744904,0.0018519486962487368,0.0018521748911145054,0.0018519789978970265,0.001851980760015013,0.0018519476404912968,0.9833320646827058,0.001851914737659945
9307_at,0.0010000346433167448,0.0010000799427644534,0.2573282596039882,0.0010000493748214666,0.0010001098437598503,0.00100002962044489,0.2646562433262387,0.471015045543249,0.001000104396940744,0.0010000437044760356
9308_at,0.00166690587028993,0.0016670866000703414,0.0016670305963475149,0.001667298124497214,0.22405163026905628,0.24144093757396012,0.5228376678839866,0.001667095961306648,0.0016672788933446065,0.0016670682271409745
9309_at,0.0019232287884756816,0.0019234009356955772,0.001923481540706884,0.07979402053279318,0.0019233012324272112,0.0019232438318878815,0.24524073519020934,0.0019232914958952746,0.6615020701521948,0.0019232262997141835
9310_at,0.0018868984839908226,0.0018869575455816919,0.9377837770903427,0.0018868956078205864,0.0018870887061342837,0.0018869864293428271,0.04712058529362105,0.0018869581485319669,0.001886959141172812,0.0018868935534612984
9311_at,0.024254803834104964,0.11748472950653355,0.0016953662818252361,0.0016951573701089353,0.7521267282915004,0.0016950909001639755,0.09596279096716628,0.0016952505497391974,0.001695133058770965,0.0016949492400865538
9312_at,0.023725132438404226,0.11493515879877284,0.001667112757928004,0.0016669081837916045,0.7564563043024976,0.0016668392719193527,0.0948819395979712,0.0016670089281799027,0.0016668903593116907,0.0016667053612235729
9315_at,0.0010204697408483076,0.10907464641457096,0.0010205744389926012,0.06535485402266823,0.5509851207710721,0.001020802982596708,0.04525121088165834,0.15529743351959768,0.0010205262300412442,0.06995436099795385
9316_at,0.0019609600361634354,0.11127288419446524,0.5208310728414606,0.0019613194211280855,0.001961089687799858,0.0019615166787947933,0.001961116571750832,0.3541680945638963,0.0019609053488611906,0.001961040655679768
9317_at,0.9918171525849399,0.0009093559025331729,0.0009092246689865174,0.0009092408108153717,0.0009091277058507755,0.0009093118842279165,0.0009091413202267361,0.000909132140280222,0.0009091494173493406,0.0009091635647901674
9318_at,0.10118131882766147,0.0030305900371039446,0.0030307726894711296,0.003030611070945792,0.4662403450699538,0.003030587533988668,0.003030459970901281,0.0030305585083005987,0.0030308714804592684,0.4113638848112141
9319_at,0.0014288410908192444,0.6367122649311053,0.14707136177836597,0.0014287773523595426,0.0014289641799383691,0.20621435294843768,0.001428811838902785,0.001428682054137796,0.0014292620521693445,0.001428681773764077
9320_at,0.0017243021772322712,0.0017243636106835164,0.24392985652439228,0.27475140064213915,0.001724337243768128,0.46924816676294945,0.001724257092263372,0.00172425965354841,0.001724698991429614,0.001724357301593641
9321_at,0.0015385245569389902,0.05366572167162217,0.0015391178533476128,0.0015385305144187868,0.5591049763885494,0.001538599619298062,0.3764586145556859,0.001538691260902769,0.0015386987375317226,0.0015385248417048175
9323_at,0.002326376460038772,0.12543071880106121,0.36484965341370196,0.1245583627974638,0.0023264771177930015,0.0023259600089757175,0.3712046365966319,0.0023258208393107447,0.0023261079295874105,0.0023258860354353457
9326_at,0.0014932633760622034,0.061334515223961675,0.4170602281854467,0.5111557109281536,0.0014927113837962854,0.0014927575382494482,0.001492630141940436,0.0014926470278679568,0.0014926034049650716,0.0014929327895566514
9328_at,0.001923245928110845,0.0019231487654688378,0.0019231598926731355,0.0019232410140513155,0.3863845114601459,0.0019231053804457802,0.001923259955103704,0.5982299436493577,0.0019232337802382326,0.0019231501744047088
9330_at,0.0017546974830175387,0.0017545052787745576,0.0017546553610463642,0.0017544050771834013,0.9842082316254761,0.0017547894079076793,0.0017546480587529746,0.0017546997393541057,0.0017546901682954784,0.0017546778001918725
9332_at,0.002174001925737004,0.09069703226253518,0.0021741292562585364,0.0021740088616517676,0.0021745240466200006,0.0021741559581456853,0.0021741352136826126,0.0021741642694386564,0.8919094859853138,0.002174362220616585
9333_at,0.0005715044125281324,0.4404997903820498,0.035260970458520585,0.10786060943528943,0.0005714572188416306,0.27520151387095093,0.0075073532191296515,0.0005714542356935088,0.07902695929912269,0.05292838746787381
9334_at,0.12462997627821454,0.0017861490270742824,0.001786232560772662,0.0017860286745411303,0.0017861262149688405,0.0017861280244524035,0.0017861624292587373,0.0017858784621680094,0.5149201629757444,0.347947155352805
9335_at,0.7217352620937204,0.0022727617217574297,0.0022728783547091304,0.0022727471063276987,0.0022727816007708504,0.052814967173172675,0.20954017902703254,0.0022727729909626697,0.0022727928383725576,0.0022728570931740376
9336_at,0.0017550717836738573,0.0017545020166216073,0.17012929799389145,0.1000014118089114,0.001754724046313467,0.001754649730082666,0.25837660485712977,0.0017545658912170939,0.36914438229405483,0.09357478957810378
9339_at,0.053842479556854256,0.0008547779519288682,0.1655192422253814,0.0008548000666769414,0.0008549658182660673,0.0008549574295331847,0.0008548715450555772,0.0008547345520998436,0.20003204292258944,0.5754771279316144
9341_at,0.0014494237747629127,0.6983206273205943,0.07530941841766145,0.0014494534823849697,0.21622350305894897,0.001449719207980983,0.0014493766826184306,0.0014494248122627368,0.0014496026212360966,0.0014494506215491907
9342_at,0.0012987358667954374,0.0012987568562254441,0.0012988527795124343,0.0012987206374955231,0.11387280248871186,0.0012987968896541952,0.0012988365653692079,0.8757369280603818,0.0012987511527199427,0.0012988187031340017
9343_at,0.11625682452426224,0.002128021782565968,0.0021281348877639703,0.0021281869768915687,0.12104872938539252,0.1599933039916904,0.1451150239101948,0.0021279548860981675,0.4469459797005639,0.0021278399545765513
9346_at,0.15415579816226535,0.3638867893075627,0.002778441753080044,0.0027781051207512045,0.46251111220789176,0.0027779070792855144,0.0027779062264104686,0.0027779576492458612,0.002778045421977153,0.0027779370715300105
9347_at,0.001298861141547088,0.0012989187840082373,0.0012990051327566596,0.001298815237915537,0.5558105819267941,0.0012991901840228369,0.12179762391178177,0.001298919417362121,0.31329906770952753,0.001299016554284054
9348_at,0.0021277745734676755,0.002128211974380182,0.28067424548778497,0.002127744237575699,0.13925239489661717,0.002127860092586278,0.15245174124800154,0.32179540163495896,0.09518687558769236,0.0021277502669352936
9350_at,0.0014287539881268825,0.0014285904054160456,0.0014286573332365927,0.0014285965580648611,0.001428801449030178,0.0014286697628841671,0.918338122046469,0.07023253718587784,0.0014286049133401773,0.0014286663575541344
9351_at,0.22239422751078544,0.0021743545140572762,0.0021741263617787933,0.092412855716989,0.0021740548963503,0.06475727449638144,0.6073904827246727,0.002174153203094273,0.002173939824864929,0.0021745307510257156
9352_at,0.002222705262772169,0.21205486404426233,0.26787657147523436,0.002222663450366592,0.002222703695470163,0.002222639775990093,0.0022224325661845037,0.5045103133348715,0.002222534630087397,0.0022225717647608527
9354_at,0.9890229773334486,0.001219674158137338,0.001219665676936351,0.0012197639606596,0.001219606320340151,0.0012198382435298066,0.0012196047520771146,0.0012195782093306522,0.0012196483771728893,0.0012196429683675961
9355_at,0.07886163129452192,0.0012052139716013728,0.8105416089574942,0.0012050989960193594,0.0012052259921083632,0.0012049622601876507,0.0012049921106021349,0.0012050077771137285,0.10216138320200975,0.0012048754383416098
9356_at,0.0031252906341806873,0.0031254090428045624,0.003126123945316444,0.0031254949831225434,0.3167638543277813,0.0031254446338907327,0.003125465099494946,0.0031254231246960226,0.658231770349763,0.0031257238589497013
9357_at,0.001204945495253406,0.0012049363754124533,0.0012049854217071056,0.7002571834676885,0.0012049099313599322,0.16495398409234308,0.0012048718749670053,0.0012048531128823986,0.001204859364669763,0.12635447086371623
9358_at,0.0013163323018772625,0.072617113133661,0.3348350027058692,0.0013159711886424155,0.5381398771686883,0.0013160815614731657,0.04651177411350987,0.0013160776426582612,0.0013159229132759362,0.0013158472703447594
9360_at,0.0023809961871583698,0.0023811204193837296,0.002381035809975704,0.002381035693197679,0.2672464971054827,0.002381066147773607,0.0023811781930083197,0.713705102265037,0.002380992910218078,0.0023809752687647527
9361_at,0.002222456441174268,0.002222435825016826,0.2166596233460395,0.002222437928808731,0.002223086670760098,0.002222649527904092,0.6515826795598457,0.0022227732877916043,0.11619955405489228,0.0022223033577668887
9363_at,0.11566214913600167,0.003448996913068963,0.003448774015981905,0.0034485683518172402,0.003448908137757123,0.0034488584837413577,0.003448679586643241,0.0034488121319640576,0.0034484439334253117,0.8567478093095992
9365_at,0.21922965853435017,0.001613247915135968,0.001613143233002753,0.001613004199274355,0.0016133795718705675,0.0016130694168504114,0.0016133263888919536,0.0016133139601683553,0.7678649026176958,0.0016129541627596768
9370_at,0.002222776092011404,0.11493212106591846,0.5916771838243241,0.002222623543241925,0.002222688031144141,0.277832938524138,0.0022223824593814935,0.002222467239786875,0.00222243032336682,0.002222388896686846
9371_at,0.09476956838789954,0.7690715428099416,0.0014087541644653278,0.0014088038225025148,0.0014086491981487963,0.126297806197238,0.00140906015180126,0.001408707833408453,0.0014085455806008035,0.0014085618539937859
9375_at,0.0010311820718607537,0.001031021982886482,0.0010310819653992715,0.6721954589936524,0.001030956700815936,0.2885776059148489,0.0010309856219438292,0.001030961362065348,0.0010309730284138055,0.03200977235811332
9376_at,0.08245593138850393,0.0014928903113742317,0.11012583946359734,0.001492948685196148,0.26347195467767104,0.001492828510888707,0.0014927218630657595,0.5349889625044592,0.0014932062736946136,0.0014927163215492866
9378_at,0.0007937294372308893,0.0007938964688958166,0.0007939596521883769,0.2238714154833142,0.06184849701013503,0.24377087283936263,0.0007936864361403934,0.0007937530331554083,0.17532534664205357,0.2912148429975237
9379_at,0.0029414862050125955,0.0029416220869759417,0.002941943549305767,0.002941454528971964,0.0029416410605516046,0.9735248105282187,0.0029422543867671795,0.0029414889411024095,0.0029414884533298592,0.002941810259764081
9380_at,0.001250204989816283,0.0012502411130095236,0.0012502837716841925,0.0835414026012648,0.0012502527635257963,0.023821756021883432,0.6073934825773639,0.27774200060311943,0.0012502243110101906,0.0012501512473224142
9382_at,0.0010207847472700423,0.0010205386578933469,0.0010207212847447938,0.0010206235591004257,0.0010208239651914718,0.0010206074417737293,0.05986144862221655,0.931973421676512,0.0010205548930397558,0.0010204751522577204
9383_at,0.009091079140239662,0.009091022488896015,0.009091029612768935,0.009090971524430669,0.9181774176452762,0.009091051080619111,0.009091864972558344,0.009093331927769803,0.009091199463677086,0.00909103214376415
9384_at,0.0012346815481922627,0.0012348276381323915,0.20172026726573808,0.02337300936475816,0.054625764690618535,0.0012349442435683003,0.5917892407864145,0.12231778574806698,0.0012347225786342585,0.0012347561358764469
9385_at,0.0200014758626016,0.02000349977859995,0.020007824860398458,0.020001008409845176,0.4349713922764944,0.020001900224106257,0.020003471755399592,0.40500578698217576,0.02000098956488177,0.020002650285497057
9386_at,0.001000144093144892,0.001000290635117824,0.001000315298570285,0.001000121123820296,0.04931881275138924,0.0010001044646266572,0.6319363924171874,0.0010001578003891022,0.311743598791103,0.0010000626246513223
9387_at,0.1797123653650889,0.0011766466522521476,0.6381042263971128,0.10549580355122505,0.0011767045007738256,0.0696273480665022,0.0011767352581531297,0.0011766540627213072,0.001176742352825235,0.001176773793345533
9388_at,0.002174376971658018,0.0416558965756719,0.2726410391415734,0.0021744063814521106,0.002174168203943504,0.0021744832442227905,0.0021746184992586584,0.0021742584478266227,0.6704827840655264,0.0021739684688665416
9389_at,0.047958049264563284,0.003572191817157658,0.003572049378792046,0.0035715196113329066,0.9234670568313322,0.003571937726766202,0.003571661792841781,0.003571765283848737,0.0035722044066837434,0.0035715638866813375
9391_at,0.00555575205630857,0.005555712242605353,0.005555770703286322,0.005555651169652853,0.769277822131726,0.00555572525641393,0.1862759178104587,0.005555812978562268,0.00555604425459646,0.0055557913963893155
9397_at,0.0018870014985714724,0.0018870407788884286,0.0018874329594414348,0.0018870481793989504,0.8689410064985349,0.001887734899652255,0.029405872808753918,0.0884426844116859,0.0018871989028826888,0.0018869790621899904
9399_at,0.02117894243951353,0.04004454185983065,0.001333881060646509,0.032765344560758095,0.001333684396996832,0.0013336712957315625,0.0013335235387066699,0.0013335147857414093,0.898009419157607,0.0013334769044678163
9407_at,0.636422577223784,0.0027785139685080466,0.06022190034937165,0.002778760532965144,0.002778047139075496,0.07552224556283835,0.2111636357747497,0.0027779286102665424,0.002778374950478802,0.0027780158879622215
9411_at,0.03183145130427586,0.0011906486255112139,0.001190617562395032,0.3751143085426139,0.0011906180305475721,0.05109824550104226,0.3267175920593042,0.0011905358851072155,0.0011907238097029554,0.20928525867949996
9412_at,0.0007877107864625677,0.0007876078750203311,0.0007876790118302936,0.02253911164712684,0.027650434921732133,0.000787711820612624,0.0007874744523234486,0.0007875337914342877,0.0007876536005654855,0.944297082092892
9414_f_at,0.9804316352158299,0.0021741832472991973,0.002174492322801992,0.0021742327006733972,0.0021741649673391455,0.002174284471284613,0.0021740127394893317,0.002174098643742084,0.0021740827277101087,0.00217481296383028
9416_at,0.003333825403744364,0.003334355769986424,0.4490957359630519,0.0033337904224559687,0.5242325720663108,0.0033343379768236855,0.0033340527655750865,0.003333720899970739,0.003333550182883855,0.0033340585491971574
9418_at,0.6921289751974841,0.0022729074460155646,0.0022729871623541646,0.0022730625254831953,0.002274144507068178,0.058014947319092194,0.23394290603697726,0.0022728874297203213,0.0022739707975132804,0.002273211578291917
9420_i_at,0.9826910274231417,0.001923168978862234,0.0019232083255196833,0.0019232533452939462,0.0019231688075141285,0.0019232130084237023,0.0019231240636421972,0.0019231378283217735,0.001923172822948699,0.0019235253963319104
9421_s_at,0.9876701652798361,0.0013699568724576145,0.0013699731050964626,0.001369979711307554,0.0013699341493952177,0.0013699783463991164,0.0013699052890729687,0.0013699185806925309,0.0013699268916826683,0.0013702617740597352
9423_at,0.004000258113557815,0.004000299237663837,0.00400065852081393,0.004000083936875945,0.9639967935704109,0.004000194577537746,0.004000367164385131,0.004000145797311725,0.004001071830336578,0.004000127251106226
9424_at,0.00140857232301971,0.001408689410675101,0.0014086620717107048,0.0014085730859253976,0.0014086772996320508,0.0014086573005209215,0.0014085796598318947,0.987322500617394,0.001408528610557168,0.0014085596207330596
9425_at,0.0009617713397470532,0.0009618683309609963,0.0009618539703671866,0.0009616378254538064,0.11591611717712583,0.8337624681991419,0.022432749339906674,0.0009617814233984629,0.0009617783647354306,0.022117974029162574
9426_at,0.0021743051150153315,0.925521367051053,0.0021741949158882697,0.057085432264506006,0.0021741758816369527,0.0021742711363655675,0.002174024177437417,0.002174130628624524,0.002174039529852896,0.002174059299619958
9430_at,0.001000048448907847,0.0010000660311755144,0.001000383395870503,0.0010002288206648101,0.0010001421829599485,0.0010001299052988203,0.796230416558044,0.18349251220485602,0.013276017061617271,0.0010000553906051653
9433_at,0.006668145050159437,0.006667104883050231,0.00666691993657475,0.00666696813521702,0.9399957490836102,0.006666842076400585,0.006667025709155439,0.006667166015659586,0.006667095657954,0.006666983452218841
9434_at,0.0013516193214006863,0.001351873210960908,0.0013518268999160783,0.0013517223663010894,0.0013517061924931371,0.0013514482086556061,0.4188934152905108,0.0013515758607582236,0.570293241230824,0.0013515714181795788
9437_at,0.003333595952719725,0.003334037830927889,0.003334027008486739,0.0033335069306680734,0.5965263146635648,0.0033335117070025216,0.3768020198791972,0.0033351771349366026,0.0033344144743494668,0.003333394418147234
9442_s_at,0.0021282213408347415,0.1944012372249098,0.673673100306779,0.0021281693037706957,0.0021279810737445783,0.002128084823239674,0.002127871139079431,0.0021287006457183628,0.11702880410906845,0.0021278300328553593
9444_at,0.002631667584024284,0.4509555668844211,0.5279884749082889,0.0026320718715064037,0.002631832117520652,0.0026317917728680756,0.0026318187346966774,0.002633208634093259,0.002631898798394622,0.0026316686941858704
9445_at,0.00476310911067654,0.004763820947619918,0.004763873422187265,0.004763699798640443,0.957131417291391,0.004762886213655989,0.00476265653871903,0.004762690503935479,0.004763276506623535,0.004762569666550965
9446_at,0.060574844875176316,0.08039223392259807,0.5580428932228543,0.20258011394731537,0.0908328269380577,0.0015154363657932577,0.001515432843890711,0.0015154107438839757,0.0015154006776377607,0.0015154064627926382
9447_at,0.0012821903297562942,0.0012822496861662962,0.0012821206456310932,0.0012821375750268395,0.0012823741638307007,0.0012820767041904681,0.2230069574010665,0.7667356286791192,0.001282191330083799,0.0012820734851289903
9448_at,0.0032260817321930098,0.003226283554599786,0.4130616474052105,0.0032267276451059413,0.5611277870621013,0.003226263057536944,0.0032264093746279103,0.0032259718318108617,0.0032265577289967854,0.003226270607817
9449_at,0.0020001503987041717,0.0020004985478552033,0.13077683206699692,0.5353191589510492,0.1190662170593817,0.0853246097325552,0.002000259643951494,0.0020002207815579174,0.002000785671700164,0.11951126714624805
9450_at,0.003226878033029892,0.0032266213921209896,0.7252723551430528,0.00322772206208563,0.2489129248288559,0.003227610993645724,0.003226026975446804,0.003226084170162893,0.0032267109507793114,0.003227065450820073
9451_at,0.004348680401234148,0.004348172952036558,0.1308753970958959,0.004349797324824982,0.6332128902198911,0.1448991446051097,0.004348265487185725,0.004348233184653527,0.004348204011328692,0.0649212147178396
9459_at,0.67543004517031,0.0019612373206252384,0.0019609737847776907,0.0019611033360901176,0.0794085435333106,0.09301460127359515,0.14038020475154533,0.0019608898030227784,0.0019609418950810144,0.0019614591316421473
9460_at,0.001408722784262466,0.0014086952449494884,0.0014087209802888829,0.001408540918393155,0.001408706042539028,0.0014087237330014882,0.2930388783270193,0.0014086345336587328,0.617569261797021,0.07953111563886651
9462_at,0.0015152589713772955,0.14607772295720042,0.17695546544115165,0.0015157066190828817,0.24651017691592914,0.0015152927255843481,0.42136433990417377,0.0015153308173122143,0.0015154585336034866,0.0015152471145851016
9467_at,0.0017859542660613797,0.6577479949650004,0.3279644596693004,0.0017860644204354603,0.0017860158065557998,0.0017859510786412632,0.001785822547727731,0.0017858757600431859,0.0017859176662136755,0.0017859438200207949
9468_at,0.002702891187003065,0.002702879369658761,0.002702758073116961,0.0027027543450421983,0.23590120210585183,0.002702779274879662,0.7424760926146271,0.0027030750840868617,0.0027027891422639764,0.002702778803469702
9469_at,0.7199705944527115,0.0025641658763660403,0.0025644025192092467,0.002564155493901119,0.00256436031423564,0.0621942984255992,0.1998852423426289,0.0025641929128660443,0.0025642369350025226,0.0025643507274795718
9471_at,0.0012051330279896737,0.19926874420735186,0.21637285786812122,0.0012049799202361814,0.0012050427274392982,0.0012050976911219017,0.0012051222831718595,0.5759229103498381,0.0012051359750207668,0.0012049759497090205
9472_at,0.0031251330833083862,0.0031257671315196084,0.1198000378067871,0.003125966157900695,0.6089190745404919,0.003125326896749614,0.0031252597940573425,0.2494022437829309,0.0031259338345433875,0.0031252569717109243
9475_at,0.0015155132358529242,0.06545964979972344,0.0015155295696311411,0.0015152803444048505,0.27807531286395554,0.0015156017714830481,0.6458569514080365,0.0015155967235206283,0.0015153071860954813,0.0015152570972965934
9476_at,0.0006897196454286816,0.0006899893306468765,0.0006898595271420999,0.9832224746787712,0.0006899026656304767,0.01125921092100352,0.0006896921169220057,0.0006897262294852761,0.000689749484648423,0.0006896754003213278
9477_at,0.0009617221437731081,0.1289374217739436,0.11839448656937984,0.10619163972070528,0.4381687737711402,0.0009618602839825559,0.07846700455500799,0.09113598546238799,0.03581950959553596,0.0009615961241433865
9478_at,0.0018870106645236854,0.0018868975185236665,0.001886997396662161,0.0018869224370888053,0.00188759432478408,0.0018869073362308313,0.4107316707317721,0.5741718125195295,0.001887200603535372,0.001886986467349837
9481_at,0.0017858606198130776,0.00178600464889697,0.33527125261373203,0.0017858006936770383,0.0017860731109605303,0.001785780909827569,0.6504412813529191,0.0017859802861401534,0.0017862088348829651,0.0017857569291505739
9482_g_at,0.0011906043638665361,0.00119068377331499,0.34809511312539765,0.0011905423500341461,0.0011907438361111878,0.0011905205274516748,0.642379827537484,0.001190647017152021,0.00119081029259809,0.0011905071765897209
9483_at,0.0013701483128498106,0.0013701037668052839,0.3067126076120223,0.0013699275244716585,0.0013701305289457078,0.0013699217498753485,0.6823269309573661,0.001370072240663503,0.0013702696888067078,0.001369887618193737
9484_at,0.003449143612934902,0.0034484892570617875,0.0034491835188546482,0.0034485008005347125,0.003448835760192023,0.04959735939678376,0.0034487457833846926,0.0034484531816538606,0.003448489642691453,0.9228127990459082
9485_at,0.006250875380692192,0.006251107537310067,0.4916378339212322,0.006250345065650517,0.4583562247838608,0.006250961178807248,0.006251254810086013,0.006250308569348045,0.006250518870607759,0.006250569882404934
9488_at,0.06498978097796072,0.10310744551696521,0.7423124647906061,0.002174499735774548,0.0021744175239379005,0.07654438655017251,0.0021742723729716107,0.0021743991020591953,0.002174202054733761,0.0021741313748184212
9489_at,0.0250012020338043,0.025000968115839836,0.025000967193211147,0.02500050302084949,0.7749916534386594,0.025001045378897028,0.025001074634931737,0.025000844054809065,0.02500071654430239,0.025001025584695573
9490_at,0.0014288491023720393,0.0014287878394749292,0.0014287874734842311,0.9871402904219614,0.001429342585629212,0.0014286776376541675,0.0014288237765874392,0.0014289656104378473,0.0014286936809830568,0.001428781871415621
9493_at,0.0010640068823013253,0.9229714800217073,0.06851694589274063,0.0010639096291515835,0.0010640130894928332,0.0010639607360836334,0.001063924227573719,0.0010639034321049665,0.00106398391217913,0.0010638721766649331
9494_at,0.0031256892304885537,0.44393687587334557,0.37503182532549073,0.0031253836834432623,0.1591529514314668,0.0031253419243122073,0.003125202159622638,0.0031253390496936415,0.0031261760901253473,0.0031252152320112923
9495_at,0.033335917135242525,0.033335580299177194,0.0333366411278115,0.03333441365150809,0.6999769912434084,0.03333636142123526,0.033336719387563565,0.033335460879246215,0.03333496853814229,0.0333369463166649
9496_at,0.9812490730386569,0.0020834012189373916,0.0020834634161475307,0.0020833771653854254,0.0020835619762123547,0.0020834193743152676,0.002083414166662124,0.002083448295749355,0.002083406994753513,0.0020834343531801252
9498_f_at,0.7929031266793274,0.0012825241352777913,0.0012821686303292892,0.0012823198875153354,0.0012822065765899769,0.001282217248498693,0.0012821117620941647,0.0012821635499049365,0.00128232303559577,0.1968388384948667
9499_at,0.006666957909659566,0.006667627924112953,0.21950951614041062,0.006668261141593467,0.7271485552548785,0.006668042049930186,0.006667284881487143,0.006667147357589086,0.006667860829478708,0.006668746510859636
9500_at,0.0016955577014606223,0.001695166005558012,0.0016951586857202566,0.016663097895794565,0.0016951754851124074,0.0016949926544272743,0.9697757069036063,0.0016950895631705884,0.0016951076446191302,0.0016949474605308693
9501_at,0.989410808213009,0.0011765589549293074,0.0011766321054584323,0.001176723652789414,0.001176534514628533,0.001176679548887211,0.0011765277368088684,0.0011765087825547757,0.0011764937471708968,0.001176532743763388
9502_at,0.01666713839358375,0.016667141396862817,0.016667282291487832,0.01666690517488762,0.8499946639434977,0.0166672552013057,0.01666733346310663,0.016667123040142274,0.016667835106454247,0.01666732198867144
9503_at,0.0024392361756960107,0.0024393606253846566,0.0024400380708298874,0.002439132871047834,0.8914134535622155,0.0024395902680129384,0.0024395887301324,0.08907117084720471,0.002439164453248971,0.002439264396227305
9505_at,0.0017859467054043324,0.0017858430440633806,0.3904659772099576,0.001785750740814009,0.0017861569692413169,0.0017859225541610826,0.5952459504761238,0.0017861588300288939,0.0017858588898813134,0.001786434580323976
9508_at,0.0012659678461895412,0.0012659213132382627,0.0012660274585473306,0.7803222591523227,0.0012660589746407553,0.20955006181832875,0.0012659424475542616,0.0012658754175981178,0.0012658576313508074,0.0012660279402293218
9510_at,0.08948406944413648,0.002631776109570307,0.2964000082753971,0.0026317669308994537,0.5956933004786422,0.0026318578229388595,0.0026317189062988675,0.002631680820512125,0.0026318874518850522,0.0026319337597194526
9511_at,0.002381153527836636,0.0023811830881138303,0.23071946426608655,0.002381112583109744,0.002381559186258266,0.0023813527626605382,0.7502302676158447,0.002381531115921564,0.0023811723085717168,0.002381203545596647
9512_at,0.2107716580664167,0.6871559207004226,0.07404152167070976,0.0012050915295596756,0.001205041620517479,0.0012049492694943215,0.0012051051729263784,0.00120518432421254,0.020800576425690692,0.0012049512200500098
9513_at,0.2107716580664167,0.6871559207004226,0.07404152167070976,0.0012050915295596756,0.001205041620517479,0.0012049492694943215,0.0012051051729263784,0.00120518432421254,0.020800576425690692,0.0012049512200500098
9515_at,0.00133365188079548,0.0013334433177679332,0.0013334824470900718,0.0013334488819382307,0.10235964823880532,0.0013334539932638987,0.7635173267432935,0.12478838100430033,0.001333519825936079,0.0013336436668093504
9516_at,0.0013516087280839096,0.0013515096349554665,0.3352330223876028,0.0013515528342341906,0.6080185516688421,0.0013515957261087206,0.04728740688048562,0.001351762015215911,0.001351566878087505,0.0013514232463839116
9517_g_at,0.0013516087280839096,0.0013515096349554665,0.3352330223876028,0.0013515528342341906,0.6080185516688421,0.0013515957261087206,0.04728740688048562,0.001351762015215911,0.001351566878087505,0.0013514232463839116
9518_at,0.0250012020338043,0.025000968115839836,0.025000967193211147,0.02500050302084949,0.7749916534386594,0.025001045378897028,0.025001074634931737,0.025000844054809065,0.02500071654430239,0.025001025584695573
9519_at,0.0014708876154138502,0.0014708137258367387,0.0014708798720493104,0.0014707139514541477,0.0014710653771403818,0.0014707173625734932,0.0014708188935629995,0.06338605339596276,0.9248473463228682,0.0014707034831379002
9520_at,0.7865629461678828,0.0015876867434956492,0.08425544321911027,0.0015877660729934665,0.0015874298984144349,0.0015875104688300007,0.0015873418084937677,0.0015873929733107308,0.0015877655041905388,0.1180687171432785
9521_at,0.033335917135242525,0.033335580299177194,0.0333366411278115,0.03333441365150809,0.6999769912434084,0.03333636142123526,0.033336719387563565,0.033335460879246215,0.03333496853814229,0.0333369463166649
9522_at,0.0016952720223081625,0.001695151650954909,0.42055255635467864,0.0016952989773458044,0.47162949064837256,0.001695356951055451,0.001695199759195075,0.09595159265000171,0.001694987495834957,0.0016950934902527437
9526_at,0.03715327606198783,0.0012051557914812485,0.0012051094812120307,0.3089482275693684,0.24412402044821965,0.1342773849216138,0.0012050140758021893,0.0012050584416577455,0.0012051642432531159,0.269471588965404
9527_at,0.0012049976584246635,0.0012049344225400851,0.133491820531948,0.001204967531929904,0.0012048571881033135,0.0012049565870194514,0.02108326517802343,0.001204874937814518,0.19753821646227906,0.6406571095019177
9530_at,0.0018518849513336655,0.0018518704084980822,0.0018518960477098777,0.0018519102109432126,0.0018520659971187389,0.001851871807177829,0.0018520430261793374,0.9833324874540491,0.001852096776332049,0.0018518733206581383
9531_at,0.0009174966127697015,0.000917513599379884,0.5912477319821238,0.0009175195367117022,0.0009176133297801929,0.0009175246797508473,0.4014118742457498,0.000917670139272537,0.000917534556832227,0.0009175213176293421
9532_at,0.0041672314547994286,0.0041675942150756025,0.2701448460991772,0.004167045373472738,0.6965172304731219,0.004167227166679156,0.00416702390094356,0.004167029330602476,0.004167815524296163,0.004166956461831665
9533_at,0.001351446886235914,0.0013518611077123193,0.17193009128275663,0.49618639638791406,0.0013514584805858754,0.2876337515370014,0.0013516585142811974,0.0013514980347137432,0.0361403705764314,0.0013514671923674072
9534_at,0.47853455685320595,0.45683271780868234,0.0011368373565829176,0.001136555118197959,0.05667641765531091,0.0011366506469024644,0.001136589627525232,0.0011366673159517893,0.001136518486137956,0.0011364891315025828
9535_at,0.0015386519788984506,0.0015385637491514379,0.0015385760409832156,0.1561902975177253,0.0015386032413840596,0.0015386980960581283,0.0015385521038558227,0.0015385802592655974,0.001538527788624537,0.8315009492240534
9538_at,0.002325784404298318,0.0023262335881634563,0.16241732821000418,0.0023257639991093094,0.6717011828743851,0.0023260636153576556,0.0023261686224446804,0.03378465037215749,0.11814092703392703,0.0023258972801529065
9540_at,0.0025001993638432457,0.0025008013093474057,0.24943277108210238,0.0025001202965408325,0.002501043294153203,0.0025009343594605965,0.7305628929347121,0.002500368085519433,0.002500474329562574,0.002500394944758391
9541_at,0.0028575112008276523,0.0028577500638738446,0.3109591863598171,0.0028575330580384475,0.40582337864691587,0.0028574608072565546,0.002857704816604785,0.11761813607616392,0.1484538510855687,0.0028574878849331386
9542_at,0.0027785731859698757,0.2362918243803127,0.6901368329995592,0.0027789236219020294,0.05412155261312642,0.0027782399253180805,0.002778550749135758,0.0027784734708318666,0.0027787034060973424,0.00277832564774668
9544_at,0.0038467573273932134,0.0038466078978205524,0.0038463467647859772,0.24692075726345775,0.7223059927241811,0.003846487928851353,0.0038464665503513103,0.0038473709661689566,0.003846762665055183,0.003846449911934859
9545_at,0.033335917135242525,0.033335580299177194,0.0333366411278115,0.03333441365150809,0.6999769912434084,0.03333636142123526,0.033336719387563565,0.033335460879246215,0.03333496853814229,0.0333369463166649
9546_at,0.0014709466592675497,0.9867630248211863,0.0014708507003560161,0.0014707132116704186,0.0014708268604629266,0.0014707480138943056,0.001470680701768931,0.0014707116142177712,0.0014707881449454855,0.0014707092722304614
9547_at,0.001149609241959737,0.23249941937155733,0.13944529677217338,0.0011496641261841789,0.0011497736630574431,0.0011495098029050976,0.0011496946718893833,0.27099559634753256,0.3501619802238852,0.0011494557788555816
9549_at,0.005882732683639445,0.005883737665305788,0.005882832956951994,0.005882846305054025,0.9470528366547436,0.00588322096770929,0.0058832410086929274,0.005882946070724338,0.0058824936320566405,0.005883112055121986
9551_at,0.2606344449804361,0.5493856982057413,0.0782458839281366,0.0009434779049254906,0.0009437089664579259,0.06930728350483728,0.0009435405598422784,0.03770888460653405,0.0009435997493149095,0.0009434775937740176
9552_at,0.0011113310288919274,0.0011112137722768612,0.04231641607352155,0.0011111542753281908,0.0011113233911589505,0.0011111690485409167,0.8238132567571037,0.10914162535335413,0.01806135957097111,0.0011111507288526325
9553_at,0.0021283379244918235,0.3367218113021765,0.0021282166323517565,0.05881192529960717,0.13620439954316774,0.14851947017904346,0.0021279828430050872,0.3091021455789492,0.0021278015626714723,0.0021279091345356572
9557_at,0.0018872521656593982,0.24070578150105837,0.0018871645593297986,0.2198421674051871,0.0018873158081195703,0.11194354829160008,0.416185688838824,0.001887060239970319,0.0018870803397133956,0.0018869408505380106
9562_at,0.0014494229722168044,0.08215565450580235,0.2640887635550125,0.0014494375378841635,0.0014496045172372588,0.6436094054523013,0.0014494009939330478,0.0014493723708504153,0.0014493813632271047,0.0014495567315350255
9564_at,0.0013700947083993963,0.2773300089169548,0.26006425790031124,0.001370152312408617,0.00136994501752906,0.45301482158707007,0.0013705780266459126,0.0013699373754544597,0.0013700986044213178,0.0013701055508051074
9565_at,0.0009904196319622048,0.09254926433983374,0.0009902299795997843,0.0009903467330239666,0.2313624636137029,0.0009902258217795287,0.0009902296042321426,0.6691564026934136,0.000990282874420532,0.0009901347080315665
9569_at,0.0016129832842353162,0.0016133258197577871,0.001613333360323512,0.0016132318189014466,0.0016131530134353624,0.0016134168272379768,0.6322251676840279,0.0016131021604281236,0.35486923215888727,0.0016130538727654336
9570_at,0.0040000884068587365,0.004000386400096579,0.004000298911951123,0.004000111370091797,0.5610303057141721,0.004000179156032994,0.004000300928039465,0.0040002910205566965,0.40696793983968876,0.00400009825251191
9571_at,0.004762178263076931,0.004762644015361357,0.004762621568653695,0.004762584914932929,0.7833514324526991,0.004762391832833563,0.004762408228468109,0.004762392420312367,0.17854914942261024,0.004762196881051634
9574_at,0.003704279016478665,0.0037042788900303473,0.49055170987470126,0.0037039300744512033,0.0037051750214986256,0.2012710964087415,0.003704205321994465,0.0037040769911476355,0.21475076926715272,0.07120047913380353
9579_at,0.0009175451234325861,0.49879501411936217,0.0009177472137466452,0.0009178147297493124,0.0009175337816119339,0.40509879017129835,0.0009174792074471018,0.0009175304217800041,0.0009177005599284055,0.08968284467164353
9580_at,0.16768076542785376,0.0011236445907787706,0.05534583744076743,0.0011236423321693081,0.0011236366591350676,0.0011238564622122215,0.0011236430069113314,0.0011236307222014974,0.001123887022790023,0.7691074563351806
9582_at,0.3447843107625165,0.005000570301746664,0.10482070556157755,0.005000317126537238,0.5153886405125496,0.0050018818507967045,0.005001201129169898,0.005001176053785942,0.005000085994421311,0.00500111070689871
9583_at,0.7127612571109105,0.005263884090491721,0.24512503850655223,0.005263538808430779,0.005264574028111926,0.005264941688732587,0.005264357648780893,0.005263901784977951,0.005264081605500685,0.005264424727510774
9584_at,0.0008772858877779722,0.0008772457942315683,0.3576339951730676,0.0008772316967444421,0.0008773086418955164,0.0008772348772219798,0.0008772843643121383,0.6353477877463906,0.0008773382977930672,0.000877287520565269
9585_at,0.001190794428619188,0.20937530760118578,0.0011906230740155609,0.001190691314123331,0.0011906877872555155,0.601503189876781,0.00119055034338849,0.1807871022698277,0.0011905317214767385,0.0011905215833266838
9586_at,0.0011629563678734968,0.0011630583587537461,0.08092879215811795,0.0011630287670021228,0.001162981324665903,0.0011628698366348488,0.538841938624685,0.37208839383820025,0.0011631282535664903,0.0011628524705001757
9587_at,0.033335917135242525,0.033335580299177194,0.0333366411278115,0.03333441365150809,0.6999769912434084,0.03333636142123526,0.033336719387563565,0.033335460879246215,0.03333496853814229,0.0333369463166649
9588_at,0.001031001609379114,0.0010312219338439333,0.0010312670317183796,0.0010313573593988636,0.001031062879082948,0.0010310492178498606,0.1261849509434536,0.8655658937497038,0.0010312041868321077,0.0010309910887374393
9590_at,0.001219722458818974,0.001219577394941833,0.0012197221318787825,0.0012195901167141217,0.0012197353648819853,0.0012197602735553724,0.7348215758331296,0.2367114789552875,0.0012203106337517259,0.019928526837040172
9592_at,0.0016394020777859408,0.0016396788755492103,0.0016394324434654867,0.0016393857182856904,0.08041855236873856,0.0016394461407883685,0.30710207300136644,0.0016395142291214537,0.6010026454448831,0.001639869700015634
9595_at,0.0013699327936938363,0.07262345598904411,0.0013700438994918272,0.0013699698626269922,0.6900350812475,0.19412108964062044,0.03500032685096003,0.0013701627310352268,0.0013699473433053165,0.0013699896417221653
9600_at,0.034606519558347607,0.0017247892843901904,0.0017246517008862078,0.0017243213880800527,0.0017242525388005987,0.0017246563660084284,0.23016773872393692,0.32440010557506577,0.4004779956403522,0.0017249692241320567
9601_at,0.32168154156537304,0.0012347122936710734,0.0012348115724343744,0.0012348655438607825,0.0012346203846637887,0.15415240411109263,0.2797668089202196,0.001234702169825294,0.1689155200275026,0.06931001341135673
9602_at,0.003572361796190647,0.6786312497920349,0.29279176559265363,0.003571761329976224,0.003572357287631022,0.0035723424237187737,0.0035719522269100665,0.0035718610748392966,0.0035720065802412864,0.003572341895804261
9604_at,0.0041670717208435555,0.004167331257401363,0.1617236788541335,0.004167433726941378,0.8049384048202392,0.004167409065823641,0.004166860603754684,0.004166837040870105,0.004167382078983294,0.004167590831009396
9606_at,0.00294138241994392,0.6523371420572203,0.0029419913123575774,0.0029413982871126275,0.3241298439906176,0.0029423826103365564,0.0029415919899089577,0.0029414148427029355,0.0029413604895832442,0.002941492000216351
9607_at,0.0017243662000679472,0.13961107685352936,0.001724904457949924,0.5117044399856892,0.001724708305202614,0.0017250133240946479,0.3366121547869138,0.0017245544412946325,0.0017243115966849936,0.0017244700485728422
9608_at,0.0018522654181383855,0.0018524657414349466,0.18733435400152637,0.0018522034401623787,0.0018523866389796003,0.0018521431999292035,0.3148712374940419,0.48482867116173595,0.0018522386257468627,0.001852034278304341
9610_at,0.04128282890724322,0.8708915218021026,0.0016400251477701833,0.0016394468213678619,0.0016396523913022821,0.07634876164278975,0.001639461636020872,0.001639457766313356,0.0016394054505290525,0.00163943843456079
9611_at,0.0014287336803854424,0.0014287497693344768,0.08374367174256779,0.6290892339723395,0.0014286567120571322,0.25769126553431704,0.0014286815173623207,0.0014286890962402642,0.020903618915533037,0.00142869905986322
9612_at,0.0027780259452734215,0.002777853812355635,0.00277793706106302,0.002778137313886646,0.5771727046916768,0.0027778529353549948,0.0027785379310406163,0.40060299454006637,0.002778064112742003,0.0027778916565403154
9614_at,0.0012823090435960102,0.8569540207826405,0.1327883119292362,0.0012821843962907919,0.001282206641027841,0.0012824306461566059,0.0012821022813498174,0.001282188779788502,0.0012821449389329748,0.0012821005609808165
9616_at,0.0009525290421560541,0.0009526069486216343,0.1609417299626347,0.1097376101456423,0.0009525855560777752,0.0009525928660466679,0.20850127825649437,0.5151039658899371,0.0009526136382730566,0.0009524876941163691
9617_at,0.0005618814507123497,0.07435908436921906,0.0005619090493741452,0.7400595685029273,0.0005618821163363541,0.18164817766705224,0.0005618330851932009,0.0005619650207213618,0.0005618600356341169,0.0005618387028297534
9619_at,0.005882525649322226,0.005882494088326743,0.005882657271425871,0.0058824827066471476,0.11410985766789293,0.00588253673115875,0.711354199504023,0.0058825177000089626,0.13335556923952618,0.00588515944166811
9621_at,0.0071429683996113566,0.39188832974699167,0.007143696926194077,0.007143082786882194,0.5509652928274802,0.007142999267264028,0.007143134225550657,0.007144234833614167,0.00714324307603764,0.0071430179103740155
9623_at,0.0009174757235320171,0.7580852980299905,0.0009175976508875314,0.0009175355929098243,0.0009174926619012996,0.23457457128692713,0.0009174803118235556,0.0009175414311470988,0.0009175331616598415,0.000917474149221253
9624_at,0.0023257737285103165,0.002325938987876091,0.3123984006266529,0.0023259700301506477,0.002325965532024328,0.002325818651906556,0.6689946785838864,0.0023257184980330957,0.0023258405992330525,0.002325894761726673
9625_at,0.0028574125088495768,0.002857295647694774,0.0028573249556098955,0.0028577417184509676,0.4362920423321424,0.00285764388677844,0.46815865277813007,0.0028575528532404503,0.07554682239960162,0.0028575109195019127
9628_at,0.0021740376039518596,0.002174080087999211,0.06387865392322936,0.0021740507360236802,0.9187285672419984,0.002174017733087628,0.0021742149121391323,0.0021742249274561316,0.0021742064071805364,0.0021739464269340584
9629_at,0.033335917135242525,0.033335580299177194,0.0333366411278115,0.03333441365150809,0.6999769912434084,0.03333636142123526,0.033336719387563565,0.033335460879246215,0.03333496853814229,0.0333369463166649
9634_at,0.5590881176371507,0.05417460165889388,0.0017551218805185599,0.001754596502101053,0.12816369802092825,0.0017551069993790368,0.24804476733401926,0.001754681425003814,0.0017546382210847124,0.001754670320920786
9636_at,0.0021282930771713,0.08922291440463145,0.0021279090449326673,0.0021277375988189573,0.0021282384915097523,0.0021279866158185265,0.002127828600713375,0.002127851092831146,0.002127987723201203,0.8937532533503716
9638_at,0.0015627806146061882,0.3395060517029181,0.0015629679302784343,0.647991311200439,0.0015630699428177749,0.0015627599450808993,0.001562880303366247,0.0015626542794004471,0.0015628626394191625,0.0015626614416738248
9639_at,0.043659289684478374,0.0019235720899564545,0.0019233845299729533,0.001923153020045734,0.5607679820699213,0.042200649720915,0.001923394845270012,0.34183203431845943,0.0019231642221301537,0.0019233754988504748
9640_at,0.002272949476560128,0.0022730196090561816,0.10242932632827106,0.05989819625753219,0.35882908129662106,0.0022729973784087238,0.4280361475681634,0.002273360351524506,0.002273423099137493,0.03944149863472531
9643_at,0.0015873646084677573,0.3931872348670374,0.4271956378187565,0.0015876051193268947,0.0406052433170701,0.001587448945922338,0.12948686029361964,0.0015875218499304383,0.0015876678498513062,0.0015874153300176085
9646_at,0.0017545447886600347,0.0017551790527908567,0.0017551623643057043,0.0017555757972777155,0.44278370549355694,0.0017546212366128125,0.0017545757274080589,0.5431769610396996,0.0017551627956234046,0.0017545117040649355
9650_at,0.06783396583395142,0.001587887599680772,0.23853716458145185,0.0015877505281498491,0.0015878986434525219,0.0015877545211336135,0.001587891554397078,0.0644533846566492,0.4831754302524558,0.1380608718286778
9654_at,0.0035715425042105895,0.7725344304267561,0.003572374296852728,0.0035721993275771653,0.19889050384172668,0.0035719577774767637,0.0035715387098119553,0.0035715167677102377,0.0035718116111334948,0.003572124736744281
9660_at,0.7365369720111802,0.0026316252400879203,0.002631662483267568,0.00263160523975423,0.0026316496529577775,0.061387932852962734,0.18365353420664018,0.0026316408262413576,0.002631654833329689,0.002631722653578367
9661_at,0.0017544071024260801,0.0017544825728958184,0.0017546426353508271,0.0017544045747767234,0.6620643608798185,0.001754421567041945,0.16941337572804457,0.0017545243874701052,0.10190588511636225,0.056089495435813166
9662_at,0.000840449685906081,0.0008405132520573287,0.19984487261889153,0.7272591780582941,0.000840495297794576,0.0008404454568978811,0.015099927810713372,0.05275326159803189,0.0008404594071112983,0.0008403968143020135
9665_at,0.0027779770868578166,0.002778316086166824,0.07359261072876926,0.002778383588846623,0.3581127764055995,0.09161200008883806,0.0027782548043091514,0.0027784002106740428,0.4600127760375503,0.00277850496238844
9668_at,0.0015625938817257637,0.0015628506273979346,0.001562601916732883,0.0015625459721528524,0.0015631753006765438,0.0015625731882550114,0.9859353016418901,0.0015628931461673585,0.0015628933594884669,0.0015625709655130286
9675_at,0.0016395383189738765,0.0016395965867804078,0.001639595271854418,0.06694827970332094,0.4267337151837985,0.43884545290734917,0.05763476970917215,0.0016398139789669639,0.001639653720093722,0.001639584619689739
9680_at,0.0014086273644499003,0.001408652839155459,0.0014087263699240793,0.0014087440344204604,0.0014090481398644317,0.001408767078253388,0.9362694782299749,0.0014087747803947683,0.0014086183678804654,0.0524605627956821
9682_at,0.05624166459780386,0.17965565826248894,0.3644820808177662,0.0009805583921637883,0.0009805754745989947,0.000980783568581121,0.16963677398196159,0.2250807382924781,0.0009806211358717415,0.0009805454762858439
9683_at,0.0008621776977239661,0.13293182159280426,0.0008622374902604162,0.8601706257816141,0.0008622219197269281,0.0008623091514665982,0.0008621354259058244,0.0008621281658562983,0.0008622145548664069,0.000862128219775211
9684_s_at,0.7579279618302691,0.0008698067316870603,0.0008698746790352829,0.0008699243873429432,0.0008697134428533245,0.0008696703729549286,0.0008697634848666108,0.0008696921269971263,0.0008698377796436798,0.23511375516434993
9685_at,0.6402657256264441,0.0022223270215902943,0.0022224952157050286,0.0022223064351649625,0.0022225536472697143,0.0655633738078342,0.27861408056203707,0.002222384862932,0.002222296675067424,0.0022224561459550556
9688_at,0.0018523167295346433,0.0018522923053331637,0.0018522012916437167,0.001852121997539076,0.0018527200410385172,0.0018521316673336193,0.0018520681353537802,0.0018520466055901115,0.9833300629652123,0.0018520382614210075
9691_i_at,0.7543211253271203,0.0014926086118268187,0.0014926073550398428,0.0014925690998959665,0.0014926073854777183,0.001492591600945436,0.0014925699307447675,0.001492593547939255,0.0014925884127873726,0.23373813872822258
9693_at,0.0005917778707387949,0.38241574157500774,0.0005918801543590989,0.0005918606385871412,0.0005918042206547465,0.15606255301336078,0.14374417164332254,0.0005918122894090412,0.29244937794164766,0.02236902065291239
9694_at,0.001204872315892167,0.43477614416894156,0.21074114853687886,0.00120511899544056,0.0012051695980313114,0.0012051541875349545,0.0789594326926013,0.001204996410215391,0.2682928616799323,0.0012051014145315437
9699_at,0.0015877894140020768,0.001587676405158531,0.10797073722214318,0.0015874926228894842,0.001587791957096459,0.001587748416197643,0.041858350256697374,0.0015876227007831734,0.8390573316199197,0.0015874593851124149
9700_at,0.0015877894140020768,0.001587676405158531,0.10797073722214318,0.0015874926228894842,0.001587791957096459,0.001587748416197643,0.041858350256697374,0.0015876227007831734,0.8390573316199197,0.0015874593851124149
9701_at,0.0011768125060233918,0.0011767132955522283,0.7249954194797344,0.0011765071694148734,0.2655905977378809,0.0011766980260093528,0.0011766124885446174,0.001176796676521206,0.0011766260535201127,0.0011772165667988613
9702_at,0.001388932957211481,0.0013890163617854584,0.0013891598444778627,0.0013890282606727573,0.0013890637837857757,0.0013889656824439599,0.9231734171625096,0.06571438740113826,0.001389088650288821,0.0013889398956863385
9704_at,0.07855901990934085,0.001370204802306699,0.0013699224388777943,0.0013699065243150607,0.4077517270063072,0.0013700314696544276,0.0013706977994114484,0.50409866794489,0.001369923798376278,0.0013698983065201288
9706_at,0.005882936307368609,0.00588255304746686,0.005883522020591664,0.005882482486043674,0.626173926971147,0.005882673160315708,0.2643535084866413,0.005882666819888956,0.0058828613747471965,0.06829286932578905
9708_at,0.0020001281207034493,0.002000565586918354,0.0020007150470346064,0.0020004368455785876,0.8874843628138324,0.00200056318507942,0.09651210693583456,0.0020008172638636967,0.002000216342123007,0.0020000878590317357
9710_at,0.001470805721032998,0.3564586078617421,0.0014707683711275303,0.0014708450543857543,0.12694569515306717,0.001470649559940902,0.0014707817461919372,0.506300520625961,0.0014706892358999513,0.0014706366706507164
9711_at,0.0015386373164279147,0.07679191789935519,0.9108989402973934,0.0015386018251796088,0.0015387275611159588,0.0015385842651541742,0.0015386315340141896,0.001538679987053954,0.0015387157085919828,0.0015385636057136526
9712_at,0.003031093847774073,0.003030536673457601,0.003030583312397358,0.003030414517308641,0.5950252118792336,0.003030477330629198,0.38072981983365956,0.0030309894989137593,0.003030476926143704,0.003030396180482356
9714_at,0.1379668149154541,0.0012197661796872186,0.13138412307503597,0.0012196646877367626,0.0012196803581231072,0.7221111062569522,0.001219578218513769,0.0012197092109565441,0.001219985412570185,0.0012195716849702012
9716_at,0.003448521178341024,0.0034492655240023046,0.00344869287337136,0.0034486637001693546,0.8887314207166421,0.0034489064862304472,0.003448752742719728,0.0034485403966235634,0.04690021149529403,0.04022702488660604
9717_at,0.0016668939270044248,0.0016670295156805545,0.0016670319391064784,0.0016669151078850467,0.3957213732435839,0.0016669101869581347,0.001666836099282564,0.0016668322268261963,0.5909433375555111,0.0016668401981616756
9719_at,0.002174024529172379,0.0021742093952534128,0.0021747583809148476,0.0021741360552780557,0.002174491387748776,0.002174503057202387,0.2011263078683207,0.002174201681879184,0.7814786565226487,0.0021747111215816525
9720_at,0.004762571719187203,0.004762625823081943,0.5388151802745025,0.004762615153857419,0.4230840955937577,0.004762929945550358,0.004762472967744877,0.004762261090002741,0.004762686589045863,0.004762560843269282
9721_at,0.002040855597489287,0.002040982365259825,0.10305937958966678,0.002040851829922228,0.002041008252643487,0.0020409121674350088,0.3571839388919422,0.002040868791596516,0.5254703520489584,0.0020408504650863816
9722_at,0.0010001821819630196,0.0010001915338879307,0.0010001890381966558,0.0010003821591566308,0.042201594592691544,0.018838761404534585,0.0010000863498588243,0.8453054153111447,0.0010000252543194423,0.08765317217424681
9724_at,0.0008547919118385327,0.000854856606709392,0.10923318270135621,0.0008548350675677659,0.5193527679615246,0.0008550054648042101,0.3196582862712429,0.0008547903020543703,0.04662668537871273,0.0008547983341892716
9725_at,0.0011365675784133125,0.033058995406718306,0.00113666390454707,0.06744279405758966,0.16127252790164778,0.18508724351773218,0.0011366654290178352,0.0011366997345132802,0.445670539105426,0.10292130336439456
9726_at,0.9557975483871801,0.0017857884015414572,0.0017858320121319894,0.001785863946584691,0.001785789874842065,0.001785853959591417,0.0017857676247834634,0.0017857664848885348,0.00178579757636902,0.029915991732087196
9727_at,0.0014927884837404204,0.19709110889554762,0.0014931087705947524,0.0014928633634807417,0.2682869379894082,0.0014934235526808028,0.18620754630108988,0.339456719514228,0.0014927372875475715,0.0014927658416819458
9728_at,0.0020009124001851117,0.002000214545605411,0.0020004533287216976,0.0020001139609125067,0.002000453503601087,0.0020007280718043943,0.0020003263166790343,0.9819963814041879,0.002000079118677985,0.002000337349624855
9729_at,0.002381274816453435,0.8077323202352444,0.1732172111017872,0.00238128247485789,0.002381608871211193,0.0023811160875945726,0.0023812864710108773,0.0023813738370691093,0.0023814586425585475,0.002381067462212818
9732_at,0.0015625779411832868,0.001562593060783618,0.001562639214071229,0.0015625633887354437,0.3180062488519521,0.0015626787768839685,0.001562649122877083,0.6694928460820009,0.0015626004965660796,0.0015626030649462629
9736_at,0.1830990259955961,0.0017245771778627713,0.0017244337666019773,0.0017242345050862188,0.0017244996898903469,0.001724330373497653,0.0017244714137561738,0.0017243842590584696,0.8031057958115264,0.0017242470071238544
9737_at,0.07001816128489109,0.0014927856062684568,0.7031863970708468,0.0014930898291180168,0.21634581377164913,0.0014928195909443983,0.00149264608750914,0.0014928169283318384,0.001492649423886939,0.001492820406554312
9740_at,0.0016395765196311955,0.2475130012687418,0.0016397162737142494,0.29345721684204906,0.0016394542152610998,0.4475528857627333,0.001639511819337581,0.001639459203181405,0.0016395332838239382,0.0016396448115265124
9742_at,0.0037047642696916346,0.0037041670088775675,0.1828766769258692,0.0037041786633927724,0.7874896951120854,0.003704441615848721,0.0037040354496866005,0.0037040747322481023,0.003704016723894936,0.00370394949840499
9743_at,0.08578127378089263,0.001234874774825564,0.7845367652089668,0.0012347887126152614,0.0012348601932445898,0.001234725709494668,0.001234709235827175,0.0012347249530245752,0.12103863480397682,0.0012346426271320212
9745_at,0.001176549290734447,0.0011766193538566552,0.001176647297667332,0.9198444768773584,0.001176632980247953,0.0011765414472783542,0.0011765957244314579,0.0314329021124933,0.04048648937010437,0.0011765455458278232
9750_at,0.0250012020338043,0.025000968115839836,0.025000967193211147,0.02500050302084949,0.7749916534386594,0.025001045378897028,0.025001074634931737,0.025000844054809065,0.02500071654430239,0.025001025584695573
9751_at,0.0449481080151662,0.0013515775412117933,0.1312256414390185,0.3042144743223108,0.04479318127233331,0.4680607382754673,0.001351663504209289,0.0013515297692935585,0.0013515723188199343,0.0013515135421692625
9752_at,0.0012346970827885443,0.0012348544100300078,0.04020536394854116,0.0012346043369571814,0.00123458823818841,0.0012346776500945212,0.0012346189435051029,0.001234607411971437,0.0012349084352156385,0.949917079542708
9753_at,0.0013515257624401448,0.0013514480159346237,0.9492443244693078,0.0013514441387455771,0.039943468631429814,0.0013515570528664384,0.0013516795741349787,0.0013516990329017398,0.0013514114962786775,0.001351441825960283
9754_at,0.052437757870939315,0.0009260071307915442,0.000926099507369723,0.18560165920376026,0.0009259896340021698,0.14416448158471454,0.14950208214348615,0.0009259718847816473,0.4055321385137177,0.05905781252643686
9755_at,0.014286160030429082,0.014286012299204386,0.014286159513924842,0.014285848357577105,0.8714207236918668,0.014286185694189709,0.01428745420717041,0.014289294076312681,0.014285921394388229,0.014286240734936744
9756_at,0.0250012020338043,0.025000968115839836,0.025000967193211147,0.02500050302084949,0.7749916534386594,0.025001045378897028,0.025001074634931737,0.025000844054809065,0.02500071654430239,0.025001025584695573
9757_at,0.002703565624418139,0.27493818574852225,0.002702984708781034,0.0027028465836986585,0.3309955565153064,0.0027039032577466544,0.37514342462974126,0.0027034336264195762,0.0027031309188594037,0.0027029683865068075
9759_at,0.002381039597128088,0.002381318233882614,0.002381460615326776,0.002381169724446202,0.5885931613598245,0.002381360873730627,0.0023814511783283353,0.0023810568311339545,0.3923567195935916,0.002381261992607328
9760_at,0.0016130673415385907,0.0016132464660786603,0.0016129965498606672,0.0016132585498862537,0.475870256864491,0.0016130148723833876,0.3947555115824852,0.11808211608619579,0.0016129826657871804,0.0016135490212933644
9761_at,0.2305969355087177,0.0012502216285112866,0.0012505503760047068,0.0012501395718673071,0.03276570776671974,0.7278854593946483,0.0012502332550163964,0.0012503577587035443,0.0012503393428365936,0.001250055396974234
9762_at,0.0010000473708591782,0.0010001143598815,0.0010000978202151733,0.0010000598150107756,0.0010001719574139352,0.0010000919988387078,0.0010001130740607044,0.9909987735811091,0.00100012650462221,0.0010004035179886155
9764_at,0.0008773455141074894,0.11447617667694442,0.0008775440689853057,0.2612951451210191,0.0008773813254431565,0.17258950370473242,0.0008772665272110983,0.4463748399962856,0.0008774450125055135,0.0008773520527659273
9765_at,0.0012992453866055768,0.001299354073055154,0.0012993911745366705,0.0012995485978739016,0.0012990123224321077,0.0355904396786963,0.9540147748473674,0.0012990251159645367,0.001299663472964387,0.0012995453305039203
9766_at,0.006250493717442557,0.006251497758745063,0.006250896380768659,0.006250184833282948,0.9437443776167004,0.0062504604155321185,0.006250495918382617,0.0062504213814523245,0.006250858815880288,0.006250313161812881
9771_at,0.0014287104029991502,0.059129781883951814,0.0014289966987308957,0.001428839934643953,0.08201625386056118,0.0014286804610299333,0.0014287620012781597,0.8488524853050631,0.0014288046120571065,0.001428684839684708
9772_at,0.0016668465526850933,0.001667029769299804,0.0016669511193829751,0.02830961501761477,0.7468312935116447,0.11212187977327352,0.001666917795810029,0.10273573886991667,0.001666850528040769,0.0016668770623317316
9774_at,0.002703081903409104,0.002703468051884274,0.15071898841529477,0.6577437243136479,0.002703874713602189,0.0027033431468141108,0.17261367058810906,0.002703282305803621,0.0027032465689602898,0.002703319992474842
9776_at,0.0020840031145312344,0.0020839749950207756,0.43474852844488754,0.0020835479880642626,0.324345466103389,0.0020837203595514926,0.002083602124766539,0.13393497076767502,0.09446865994857204,0.002083526153542109
9777_at,0.0023260005283014477,0.0023259193473752424,0.0023257358098466535,0.002325629887265277,0.0023264245649998777,0.0023257401279896664,0.7628602939585934,0.002325742019714498,0.0023268529941618344,0.218531660761752
9778_at,0.0013890310057188468,0.8980017741366335,0.0013890934798592473,0.09088530704903011,0.0013890885585858522,0.0013893884795837788,0.0013890008463566324,0.001389058724950535,0.001388974478273773,0.0013892832410074749
9788_at,0.025000003345086452,0.02500003644974464,0.025000000004103268,0.7749965225411559,0.02500000000380191,0.02500302365789611,0.0250001522873486,0.02500026169111624,0.02500000001311582,0.025000000006631176
9789_at,0.025000003345086452,0.02500003644974464,0.025000000004103268,0.7749965225411559,0.02500000000380191,0.02500302365789611,0.0250001522873486,0.02500026169111624,0.02500000001311582,0.025000000006631176
9792_s_at,0.002941234040433172,0.0029412353319025137,0.002941240123771515,0.0029412073768140244,0.24929969437384708,0.0029412358424882106,0.3799566104100416,0.35015493736719977,0.0029413709709365243,0.002941234162565835
9794_at,0.03333591443775885,0.0333351320329776,0.03333918371261637,0.03333441336691523,0.69995607732382,0.03334598028509558,0.033335640885258117,0.03333514572200025,0.0333348718912377,0.0333476403423203
9795_at,0.03333591443775885,0.0333351320329776,0.03333918371261637,0.03333441336691523,0.69995607732382,0.03334598028509558,0.033335640885258117,0.03333514572200025,0.0333348718912377,0.0333476403423203
9797_i_at,0.03333591443775885,0.0333351320329776,0.03333918371261637,0.03333441336691523,0.69995607732382,0.03334598028509558,0.033335640885258117,0.03333514572200025,0.0333348718912377,0.0333476403423203
9798_at,0.03333591443775885,0.0333351320329776,0.03333918371261637,0.03333441336691523,0.69995607732382,0.03334598028509558,0.033335640885258117,0.03333514572200025,0.0333348718912377,0.0333476403423203
9800_s_at,0.0007407778687622628,0.0007408004818620153,0.0007408430748053528,0.000740788449181025,0.0007408983085684416,0.0007408184144189276,0.0007408782414177942,0.0007407659921465183,0.9933326346535897,0.0007407945152480465
9801_at,0.0023257440210923733,0.002326090781428567,0.40774701168303745,0.0023264962991982876,0.39225421316490117,0.0023257849002597947,0.18371674486926126,0.002326094720331536,0.002326127093352033,0.002325692467137417
9802_at,0.0011629537999967522,0.0011633217978453867,0.051865134526044764,0.0011632338783638494,0.3151496809961916,0.001162970439258139,0.6248432159902092,0.0011631893194774352,0.001163464856676265,0.0011628343959366114
9803_at,0.052234786597920684,0.0014290153454166738,0.0014287209002567277,0.04269665878074263,0.0014288257754342852,0.0014288544543657401,0.846988208664272,0.04950764741334754,0.0014286197450501502,0.0014286623231934646
9804_at,0.025000003345086452,0.02500003644974464,0.025000000004103268,0.7749965225411559,0.02500000000380191,0.02500302365789611,0.0250001522873486,0.02500026169111624,0.02500000001311582,0.025000000006631176
9806_at,0.025000003345122982,0.02500003644994606,0.02500000000411717,0.774997440092257,0.025000050384152532,0.025001361033388465,0.025000000003557964,0.02500000000360351,0.025000000003735943,0.025001108680118473
9807_at,0.025000003345122982,0.02500003644994606,0.02500000000411717,0.774997440092257,0.025000050384152532,0.025001361033388465,0.025000000003557964,0.02500000000360351,0.025000000003735943,0.025001108680118473
9808_at,0.011111313498233855,0.011111425024742352,0.011111240119133274,0.3471062085447281,0.564001346518118,0.01111215929579206,0.011111221076063832,0.011111313055787572,0.011111663431538755,0.01111210943586248
9814_at,0.025000003345086452,0.02500003644974464,0.025000000004103268,0.7749965225411559,0.02500000000380191,0.02500302365789611,0.0250001522873486,0.02500026169111624,0.02500000001311582,0.025000000006631176
9818_at,0.025000003345086452,0.02500003644974464,0.025000000004103268,0.7749965225411559,0.02500000000380191,0.02500302365789611,0.0250001522873486,0.02500026169111624,0.02500000001311582,0.025000000006631176
9822_at,0.025000003345086452,0.02500003644974464,0.025000000004103268,0.7749965225411559,0.02500000000380191,0.02500302365789611,0.0250001522873486,0.02500026169111624,0.02500000001311582,0.025000000006631176
9823_at,0.025000003345122982,0.02500003644994606,0.02500000000411717,0.774997440092257,0.025000050384152532,0.025001361033388465,0.025000000003557964,0.02500000000360351,0.025000000003735943,0.025001108680118473
9824_at,0.025000003345122982,0.02500003644994606,0.02500000000411717,0.774997440092257,0.025000050384152532,0.025001361033388465,0.025000000003557964,0.02500000000360351,0.025000000003735943,0.025001108680118473
9825_s_at,0.0019232436119600031,0.18556805994007253,0.0019230913922906492,0.058067191395986935,0.7429016888108562,0.0019237680351318637,0.0019233059072829336,0.001923172881643881,0.0019232264418847602,0.0019232515828903716
9826_at,0.0016958306630282822,0.0016950470971620502,0.0016952152016871964,0.053650927000077654,0.001695298677096724,0.0016953622625037182,0.9327863130757249,0.0016957182523776179,0.0016949486424344725,0.0016953391279071691
9827_at,0.014285741737117117,0.014285853581536414,0.01428577222109513,0.4493267364848228,0.43638376617654734,0.01428750289495388,0.014285914029814759,0.014285983728912368,0.014286959379550058,0.014285769765650044
9828_at,0.025000003345086452,0.02500003644974464,0.025000000004103268,0.7749965225411559,0.02500000000380191,0.02500302365789611,0.0250001522873486,0.02500026169111624,0.02500000001311582,0.025000000006631176
9829_at,0.025000003345086452,0.02500003644974464,0.025000000004103268,0.7749965225411559,0.02500000000380191,0.02500302365789611,0.0250001522873486,0.02500026169111624,0.02500000001311582,0.025000000006631176
9830_at,0.025000003345086452,0.02500003644974464,0.025000000004103268,0.7749965225411559,0.02500000000380191,0.02500302365789611,0.0250001522873486,0.02500026169111624,0.02500000001311582,0.025000000006631176
9835_at,0.025000003345086452,0.02500003644974464,0.025000000004103268,0.7749965225411559,0.02500000000380191,0.02500302365789611,0.0250001522873486,0.02500026169111624,0.02500000001311582,0.025000000006631176
9836_at,0.025000003345086452,0.02500003644974464,0.025000000004103268,0.7749965225411559,0.02500000000380191,0.02500302365789611,0.0250001522873486,0.02500026169111624,0.02500000001311582,0.025000000006631176
9844_at,0.025000003345122982,0.02500003644994606,0.02500000000411717,0.774997440092257,0.025000050384152532,0.025001361033388465,0.025000000003557964,0.02500000000360351,0.025000000003735943,0.025001108680118473
9847_at,0.025000003345086452,0.02500003644974464,0.025000000004103268,0.7749965225411559,0.02500000000380191,0.02500302365789611,0.0250001522873486,0.02500026169111624,0.02500000001311582,0.025000000006631176
9849_at,0.025000003345086452,0.02500003644974464,0.025000000004103268,0.7749965225411559,0.02500000000380191,0.02500302365789611,0.0250001522873486,0.02500026169111624,0.02500000001311582,0.025000000006631176
9850_at,0.0023810506707311304,0.4474119608496782,0.002381488085364456,0.0023811494112135293,0.5056106292326751,0.002381119764622068,0.002381392293383242,0.0023810959006899113,0.0023815697418456093,0.030308544049796802
9852_at,0.9552449433745744,0.0017857886975830761,0.0017858315722082832,0.0017858639144979638,0.0017857899074844481,0.0017858549590288547,0.0017857679784208057,0.001785766534531946,0.0017857974710745632,0.030468595590595747
9853_at,0.0009435503054202607,0.0009435601205226045,0.0009436553865894805,0.1972541959699164,0.13428702596031025,0.12728704988613612,0.0009436019624488322,0.0009436539345810481,0.3482759333189494,0.18817777315512574
9854_at,0.0008850142960970794,0.0008851076370166842,0.10543013005282374,0.0008851100353135963,0.538118131980957,0.000885238677494512,0.33138413130567324,0.0008850760683061141,0.019756998933452327,0.0008850610128658193
9856_at,0.0014928542551476325,0.831601913268076,0.02698672720197274,0.0014929723661786958,0.0014927682872125103,0.0014926376012764293,0.0014926365653074609,0.1309617757751203,0.001492586653171696,0.0014931280265365343
9858_at,0.0055557046130117315,0.0055556955258525545,0.005555715555986033,0.005555642190974575,0.19787334687389568,0.005555699030752501,0.7576805023037169,0.005555736057149776,0.005556258354475655,0.00555569949418453
9867_s_at,0.02000091750607202,0.23867524902935486,0.020000738297655973,0.020000384004730466,0.6013190973297549,0.02000080588305698,0.02000082028802218,0.02000064431213583,0.020000546986673196,0.02000079636254354
9870_s_at,0.4929184434390814,0.0017241719623257196,0.0017242501748390266,0.0017244746280706718,0.0017241743002913608,0.12351159285275788,0.14022153324483783,0.0017241683141801893,0.23300218894829938,0.0017250021353165368
9871_at,0.025000003345086452,0.02500003644974464,0.025000000004103268,0.7749965225411559,0.02500000000380191,0.02500302365789611,0.0250001522873486,0.02500026169111624,0.02500000001311582,0.025000000006631176
9874_at,0.00322615617811279,0.07119010750374052,0.38725156880421285,0.30121947168613533,0.22098178774886246,0.0032261170646416893,0.003226174146329886,0.003226259097048527,0.0032263295113133944,0.0032260282596024395
9876_at,0.609735365731114,0.2962918143054791,0.0011906604089639817,0.0011907230560082123,0.0011906373556689227,0.08563848510787635,0.0011905893341217898,0.001190640710313949,0.0011905183618377796,0.0011905656286157775
9877_at,0.0007354550295096242,0.0007354649839906513,0.22036860279910808,0.19521787187617767,0.0007354031060682602,0.14794868823965437,0.0007353665251984395,0.0007353829262844162,0.24629242075577404,0.1864953437582344
9878_at,0.001960999933588571,0.2545481621347762,0.0019611435592326626,0.0019609803896855757,0.001961090423501713,0.0019613717243447334,0.0019610204987810234,0.7297632015691158,0.0019609871386715694,0.00196104262830229
9879_f_at,0.0014496661788195669,0.0014496354167127885,0.08375353669130878,0.0014494292695061614,0.001449718851637584,0.0014496831726363809,0.06273180240675612,0.09667255440380466,0.7481445554577204,0.001449418151097588
9882_at,0.0032263434849771505,0.003226928352997825,0.1489957433529795,0.003226112325543773,0.0032269229674190196,0.0032264545839651927,0.003226010212993818,0.0032261567500737657,0.0032262902121610077,0.825193037756889
9885_at,0.0017244204167424768,0.001724421673103692,0.20660461076222603,0.04094163571341784,0.0017244634364019576,0.0017242804375585045,0.0017242905638757756,0.0017243541883732937,0.7403832539135891,0.0017242688947113705
9887_at,0.668171844331378,0.002127820681432621,0.002127739045265939,0.00212767405634559,0.0021277184210665295,0.09623216605211699,0.2207018261162603,0.002127721613836976,0.002127711991498713,0.0021277776907983703
9889_i_at,0.7543211253271203,0.0014926086118268187,0.0014926073550398428,0.0014925690998959665,0.0014926073854777183,0.001492591600945436,0.0014925699307447675,0.001492593547939255,0.0014925884127873726,0.23373813872822258
9890_s_at,0.7878769963393002,0.0012195693688926174,0.0012195613234742583,0.001219537926067756,0.0012195741520050264,0.001219550182184998,0.0012195375298307983,0.0012195568273029073,0.001219548230538635,0.20236656812040282
9893_at,0.012500331036387523,0.012500206010416504,0.012500220395623764,0.012500099579751582,0.8874945073146624,0.012500279415173933,0.012501195756634975,0.012502744781143271,0.012500144971262825,0.012500270738943343
9895_i_at,0.9826915321569963,0.0019231841727522308,0.0019231794268402872,0.00192318565062049,0.001923184105311187,0.001923171566357672,0.0019231323588146188,0.001923143899017911,0.0019231359131383296,0.001923150750151125
9896_f_at,0.9826915321569963,0.0019231841727522308,0.0019231794268402872,0.00192318565062049,0.001923184105311187,0.001923171566357672,0.0019231323588146188,0.001923143899017911,0.0019231359131383296,0.001923150750151125
9897_f_at,0.9826915321569963,0.0019231841727522308,0.0019231794268402872,0.00192318565062049,0.001923184105311187,0.001923171566357672,0.0019231323588146188,0.001923143899017911,0.0019231359131383296,0.001923150750151125
9898_at,0.07756910496978037,0.005558005750594102,0.0055600784193819055,0.005557967874376438,0.8779680543367254,0.005557997119670149,0.005555955241747472,0.005556210339608772,0.005556917510436913,0.005559708437678542
9900_at,0.0013894032352892666,0.0013892138030205873,0.13122905104500385,0.0013892683196823291,0.001389558272188367,0.001389146879555729,0.001389245506766949,0.0013890955422146526,0.0013889863925156932,0.8576570310037627
9903_at,0.0033338035932723915,0.0033348618029432385,0.0033345358170354684,0.0033337036295409185,0.5527519255670259,0.2134589944323622,0.047907318690910194,0.16587735133899595,0.0033339485578881855,0.0033335565700256704
9904_at,0.003846487052061529,0.00384637260451316,0.0038462187423766955,0.0038462445208984944,0.9653821188179238,0.0038461979754193707,0.0038464572208296494,0.003847375381282904,0.003846304630571929,0.003846223054122299
9911_at,0.0021280224644645352,0.0021281453935508452,0.002128652947159249,0.0021278575022385298,0.0021280488079577376,0.0021277948949655554,0.002128296457192217,0.03286098595989751,0.9501143698989154,0.002127825673658358
9913_at,0.0020008733202753516,0.2164544499044553,0.0020005890599667587,0.0020006619052340456,0.27522104547494497,0.0020003203842491953,0.002000181762448693,0.49432117503426065,0.0020003523448826714,0.002000350809282574
9915_at,0.0011907705980579895,0.0011906287674506883,0.07156636372772947,0.001190824213339625,0.0011906285270585936,0.7881243457607315,0.0011910282130800896,0.001190610681104041,0.13197416854501828,0.001190630966429744
9916_at,0.05393463046756817,0.8452129970295674,0.0010527191899204387,0.0010529615684561908,0.001052856919879559,0.0010527150194141824,0.001052687388601908,0.09348304633732449,0.0010526958583959654,0.0010526902208716907
9918_at,0.0011497075601138106,0.8468914353269649,0.0011497572704171107,0.0011495882883566844,0.0011494878220390443,0.14391142199918197,0.0011498471048540092,0.0011494895239276487,0.0011497200560474457,0.0011495450480974302
9919_at,0.0015388240963541977,0.001538737971875291,0.0015389479140914394,0.27963117826333345,0.001538832831530224,0.6003649398110313,0.0015386077315985578,0.10923234157918231,0.001538952770486405,0.0015386370305167532
9923_f_at,0.9816300260455785,0.0020409190024959674,0.002041153718028435,0.0020413309022515257,0.0020410188507427665,0.0020409170677610274,0.0020411642454200418,0.0020413239060586403,0.0020412135151508712,0.002040932746512239
9924_at,0.0020002300154946815,0.0820326932211885,0.5237794851679219,0.0020002033827970665,0.0020006152722875773,0.0020001807651780653,0.3097007655604077,0.0020007192715254386,0.0020004304623003496,0.07248467688089867
9925_at,0.0030303573261110835,0.0030304611547699828,0.003030555837339384,0.0030303356344531175,0.33797738844414005,0.003030394669701496,0.6377789400929352,0.0030307680902025664,0.003030455163589698,0.0030303435867574664
9927_at,0.0035720542511220917,0.0035724744444836087,0.17532080095123348,0.0035719017781818576,0.6554182067270544,0.003572054960081177,0.0035720247612961932,0.14425690841753191,0.0035718671656868764,0.0035717065433283194
9928_at,0.001587529711783099,0.001587403024270498,0.40520909503191455,0.0015875029258880216,0.0015876140735544045,0.0015875175274766642,0.5820909304114565,0.0015875798922495837,0.0015874210105445933,0.0015874063908620582
9929_at,0.0013699915134106492,0.2720653464006188,0.19935172783582605,0.03867189139674735,0.001370007442906248,0.481690925045643,0.0013699791365810582,0.0013700353101574801,0.0013701315864204843,0.0013699643316890228
9932_at,0.10937831778449918,0.0007635527950823916,0.2393961628179519,0.0007634714557714561,0.0007635395716618998,0.000763511450650757,0.0007637187690479189,0.5436775172831657,0.027228303026591405,0.07650190504557744
9933_at,0.022572213772559625,0.052108765947740755,0.44791276740692526,0.3421279457304136,0.0005183252999111077,0.038104978083063415,0.0005182231997368867,0.0005182119254155203,0.09510034787307647,0.0005182207611572443
9934_at,0.02327515974741146,0.08791326922860715,0.37310630061238453,0.3877613145649248,0.0005320626844039361,0.08835191388227301,0.0005319699825123744,0.0005319643539563636,0.029267513539024567,0.008728531404501654
9935_at,0.014286160030429082,0.014286012299204386,0.014286159513924842,0.014285848357577105,0.8714207236918668,0.014286185694189709,0.01428745420717041,0.014289294076312681,0.014285921394388229,0.014286240734936744
9936_at,0.0012196131780281708,0.001219654017443405,0.18770428731408134,0.0795964539259121,0.0012197492900818537,0.0012198744349546427,0.08832692869734828,0.001219638413141681,0.6370540504930695,0.0012197502359390026
9941_at,0.0007936967966281014,0.9928565198821422,0.000793788586887478,0.000793718470163362,0.0007937267935662962,0.0007936967293373622,0.0007936769994249461,0.000793698525926291,0.0007937285827257723,0.0007937486331981406
9943_at,0.002439813137576852,0.002439325910586761,0.09129074078561489,0.00243916380712342,0.246473604987798,0.0024391983456644485,0.5011982206145291,0.14640137298149275,0.002439448462957832,0.002439110966655903
9946_at,0.9790686790123009,0.002325673870277609,0.002325704780588448,0.0023256160291497837,0.002325842201029506,0.0023256842798635284,0.002325681023295523,0.0023257433970983207,0.0023256628073041667,0.0023257125990921237
9947_i_at,0.9790686790123009,0.002325673870277609,0.002325704780588448,0.0023256160291497837,0.002325842201029506,0.0023256842798635284,0.002325681023295523,0.0023257433970983207,0.0023256628073041667,0.0023257125990921237
9948_f_at,0.9790686790123009,0.002325673870277609,0.002325704780588448,0.0023256160291497837,0.002325842201029506,0.0023256842798635284,0.002325681023295523,0.0023257433970983207,0.0023256628073041667,0.0023257125990921237
9951_at,0.44261415941973703,0.15670528062545322,0.00212800363049147,0.002127842398453645,0.0021278341140083656,0.2820079765621445,0.10590534110876784,0.0021278449171710473,0.002127871578844084,0.002127845644928878
9952_at,0.16889139234525857,0.7523807804177767,0.0009524587105180373,0.000952570282900753,0.0009526289089976991,0.0009524461856927226,0.0009524429746828426,0.07206024687410753,0.0009524305679687862,0.0009526027320964805
9953_at,0.0015878480336249006,0.0015875831855588747,0.0015873733232559498,0.0015879733150705694,0.3654223646635817,0.0015876170289004087,0.5234544927923039,0.10000971921825076,0.0015876886528416124,0.0015873397866111591
9954_at,0.001695147243515142,0.0016952304216264209,0.15605135805169626,0.1525350372315065,0.0016953911886255632,0.0016952319698128571,0.0016952774839478052,0.6795467645012541,0.0016953492182645313,0.001695212689750937
9958_at,0.0019608794325639456,0.001961609591001833,0.5615371704301748,0.001961285132787054,0.2881732318866807,0.0019608838339755168,0.1365614515642146,0.001961232114874017,0.001961238471670118,0.0019610175420573927
9962_at,0.0014287154209560924,0.001428984797467621,0.021046826509829926,0.0014286984859659191,0.0014286594018046244,0.967523524386494,0.0014286280449592383,0.0014286225505363715,0.0014286704041571617,0.00142866999782891
9963_at,0.14353921407986367,0.0015627777297099763,0.0015628501750675583,0.0015627088869917957,0.0015626061696850635,0.22098055146927503,0.23308266937233518,0.0015625913843791048,0.39302143655814364,0.0015625941745488043
9966_at,0.3144290051347155,0.2732612367699998,0.0009436287946716214,0.00094362209557059,0.3427607215439483,0.0009435472049244341,0.06388746049964916,0.000943637263868539,0.0009436840384582933,0.0009434566541938503
9968_s_at,0.9330434978906448,0.0012658903392324498,0.001265924886472071,0.0012659143009005934,0.001266229995001764,0.0012659020215918429,0.0012659781699203858,0.0012658982656953872,0.0012663681235342197,0.056828396007006836
9969_at,0.049358639449150796,0.19037118940065012,0.1678723847949823,0.0017252061152349541,0.41271945679857336,0.0017250778157194752,0.0017243684174410095,0.0017243175491736657,0.17105500917359684,0.001724350485477362
9970_at,0.003704272748776911,0.0037041369977436635,0.003703954507348665,0.055450279415021037,0.6816986832729627,0.003703791230566569,0.23692206422709253,0.003704858808843223,0.0037040864713582707,0.0037038723202865624
9972_at,0.0017545187621385255,0.0017544128022011442,0.0017544475131099587,0.001754414860213734,0.001754627952493273,0.0017544373823764837,0.4463829325890646,0.5395812169491504,0.001754589746868331,0.0017544014423835675
9973_at,0.0250012020338043,0.025000968115839836,0.025000967193211147,0.02500050302084949,0.7749916534386594,0.025001045378897028,0.025001074634931737,0.025000844054809065,0.02500071654430239,0.025001025584695573
9974_at,0.0013891257471499547,0.0013893396262237032,0.0013893532204587397,0.0946895933668034,0.8941966962450673,0.0013891848359693954,0.001389116754978894,0.001389254843465778,0.0013890707301009706,0.0013892646297820588
9975_at,0.002500287309460749,0.002500287046930239,0.7263556960333839,0.0025001965129208504,0.0025008629912174796,0.002500334176765781,0.07693075870280361,0.0025005498326810486,0.17921069973397047,0.002500327659865963
9976_at,0.005000353928062179,0.005000275096728128,0.4641094485854194,0.005000166591582596,0.49588693022062624,0.005000622692391325,0.005000474045745162,0.005000423595308263,0.005000817312329864,0.005000487931806853
9979_at,0.001449413852238706,0.001449990856343804,0.0014494296336852292,0.0014498342793408843,0.001449406376768557,0.001449534014258311,0.5501029305495594,0.0014494148860650041,0.4383007123481868,0.0014493332035531985
9980_at,0.002273028094758629,0.03996731893870374,0.0022732253576338195,0.002272831499098065,0.28840561900099293,0.002272866613117274,0.30544667087764604,0.3525427329747191,0.0022728176741262903,0.0022728889692040168
9983_at,0.0017544503730642994,0.0017545655334124982,0.0017545758792893806,0.0017544976693634193,0.001754707140823422,0.0017545774016798112,0.0017548664855485516,0.001754624154548631,0.9842086375903321,0.0017544977719379368
9984_at,0.001613062651902262,0.09779008123437055,0.16302764115409174,0.019531019173450785,0.0016132249097506267,0.0016131707745676317,0.0016130842140037154,0.6883884949381169,0.02319673096073998,0.0016134899890057812
9986_at,0.0250012020338043,0.025000968115839836,0.025000967193211147,0.02500050302084949,0.7749916534386594,0.025001045378897028,0.025001074634931737,0.025000844054809065,0.02500071654430239,0.025001025584695573
9992_at,0.0014926627584514861,0.0014926665172243555,0.0014928256408875671,0.1918953088075505,0.0014927614178652168,0.7961616259508268,0.0014928018191541562,0.0014928102924718768,0.0014929520806099266,0.0014935847149579156
9994_at,0.9780480837974646,0.002439087634382681,0.0024391669808630934,0.002439055224501655,0.0024391097174223013,0.002439124341380331,0.0024390669714453527,0.0024390771519172995,0.0024391081979223787,0.0024391199827001812
9996_at,0.35791900122047965,0.003847049223411666,0.318914148497143,0.003847139713514684,0.23795725621258168,0.0038465559884122377,0.062128986525907044,0.0038464354203743083,0.003846834333478561,0.0038465928646970564
9998_at,0.0020002393114954805,0.18649531060551433,0.03648359482728344,0.07070093792480583,0.0020006813513451295,0.6943181084928468,0.0020001910816206036,0.00200019171521708,0.002000493738911315,0.0020002509509599725
9999_at,0.0012823046932545388,0.27706423947034287,0.001282584461411182,0.05685843937325428,0.18910905635772152,0.04673120655916114,0.0012823016238062183,0.42382520841189486,0.0012824113883039678,0.0012822476608494063
