,Topic 1,Topic 2,Topic 3,Topic 4,Topic 5,Topic 6,Topic 7,Topic 8,Topic 9,Topic 10
binding,324.76219565983655,790.8560649300636,957.4089690241112,1164.6576171958513,72.16260970948389,482.18775618950025,474.4408801601286,358.16069465631693,809.0942961411653,314.2689163334935
membrane,0.10000472241801939,14.126522584941538,1.0899603999099152,0.10000531557842636,1529.006545236311,0.10001084102971314,1108.6686164796897,2114.608324660152,0.10000682808180124,0.10000293185489165
Database,314.33952686758727,306.8495527369493,329.38395531011764,157.10301584048457,1047.3050334402506,207.74619318228898,424.19643726258835,328.6721389915683,269.125585669264,169.27856069884785
complex,367.5991915135848,105.46262291295724,546.9982432153995,86.93910047356823,34.39680307474153,716.6462034105397,394.3866729317152,181.4605263009685,0.7088211649191234,248.40181500155873
DNA,16.693906972714114,611.6956309434224,314.75463056560943,1011.826952753891,3.9329894063225925,78.59913788527327,1.8406030135619211,17.508737544605385,507.5254519905698,23.62195892398295
transport,0.10000477910356965,0.10000486387215651,26.075940186777697,0.10000364677634163,0.1000073320901874,0.10000751807515212,163.02841571748664,2187.1956070887627,0.10000165375707469,0.10000721327598787
cytoplasm,275.77221872529157,302.7312949094507,664.5658965466336,62.754970594875175,331.2920175310811,102.21353633793561,25.0811961862133,64.61688574557074,367.6228302445438,29.34915317835288
nucleus,19.2127160051481,252.92033386778118,707.2717428350977,411.5297499084425,23.772375634951143,269.8472571388068,0.10000949940867,0.7156501157088837,174.29708368598932,338.3330813086239
regulation,122.18329823003343,649.0355957310054,68.56121725151222,983.709390320674,19.914307406627685,125.48842309386872,16.14672235254587,130.45068078184124,0.10001108134080272,0.41035375050390344
genetic,111.58390611980771,527.7159250685391,169.44726277551035,217.43372844239892,160.32419893827867,154.96407806809773,163.93620018499593,391.1330448176654,113.93754163349662,23.52411395115865
transcription,0.10000429360921292,8.096972479035546,0.10000846850191979,2018.5510373698216,0.10001026119276685,0.651930049027027,0.1000082432159797,0.1000102990677981,0.10000626716127321,0.10001226934503855
mitochondrial,1.9005517771270073,0.10000975274808654,0.10029269799355045,0.10000588056647444,0.10000635476196466,0.2617000212561811,1993.131492316517,0.10000735659783083,0.10593195754808729,0.1000018848632598
0005737,269.52058848344745,275.2960444438484,574.3586890792035,54.910200334932945,241.26552279115123,103.58365172749271,21.9436391070281,57.815702470781126,364.42490886436036,26.881052697703172
RNA,99.38921949714536,0.10000550335299405,35.61399461811187,1148.1620081301246,0.10000482599324285,265.1231397121312,0.1000067017138853,0.10000429198413614,187.71396254747015,219.59765417194163
0005634,5.475913417664505,213.12704118269633,477.7794495852205,377.4530565937682,18.595848070052533,218.66876789628702,0.10001051770810322,0.1093141245538509,175.26375574896292,296.42684286304365
structural,497.89448557647773,109.11984342730572,159.67763741130906,13.77975246572341,178.17088084559234,52.88677329796666,106.5875261152243,232.13665277679837,399.89553116677916,1.8509169167712523
component,71.93320570816216,10.52993880914891,29.162550647131134,0.10004014048257306,609.247656340333,48.745063348584964,294.07098519770295,627.7363400365128,0.10001230572829413,42.374207466164336
mitochondrion,50.680833724502094,38.494208130596434,14.477947253706205,1.6891916957750928,0.2873933594843551,16.693616675142064,1337.061515541131,36.9706127748109,39.54466458117206,0.10001626363175918
subunit,891.3533375061788,34.919707833738585,156.65466669162134,5.252263132388436,0.10001415662485007,79.32769670069604,59.76315459301587,4.4455994466821265,0.25939653902444715,277.9241633999823
0005739,44.52470352296682,22.37800227064285,13.55716181248421,0.10000993349860347,0.22138543303688893,12.119881965608652,1259.2858132181736,26.57973334059332,42.133291614644186,0.10001688830533986
is,25.690314506741224,55.64956620755359,98.58001209042463,32.987103949653765,272.69547730356027,50.4707673363657,186.12311912311336,120.54159333324569,476.0351930139025,74.22685313538689
integral,0.10000158515783844,0.10000595948700321,0.10001418523713457,0.10000361501857084,569.3082295841214,0.10000921923454795,213.68593512510887,605.6979106893142,3.7078636998150682,0.10002633747167246
polymerase,0.10000054378221808,0.10000472958985535,0.10000683372174292,1247.9456193077833,0.10000189357182385,4.469084046592116,0.1000007515904478,0.10000171072600786,81.88516497117271,0.10011521145229074
0016021,0.1000015858870485,0.10000536857225184,0.1000140169058998,0.10000411669246285,514.4792910823626,0.10000763034070177,147.92083697467925,550.8998320333232,0.10000390063500153,0.10000329057599247
biosynthetic,0.1000044076115577,31.473760119290684,8.672052204966539,6.445581274046429,277.3452274992397,0.1000053000543265,156.92764835408573,5.86637475082869,725.9693440240179,0.10000206581666547
metabolic,0.10002673227598155,62.24296027567865,93.4201497812568,19.191561935609144,317.1486166314328,0.4606425815407551,302.53981170880934,34.99483018524363,358.8013923766178,0.10000779148745452
response,29.96885031813518,304.3124936390295,308.12116777496857,220.15481479484916,183.0618593696156,3.7941621543507082,33.3602331780369,80.55107027975026,5.85781217383122,1.8175363173831618
rRNA,50.51423152606938,0.1000015863062012,0.1033553533579922,0.10000657349358096,0.10000037103799087,0.10032847322465559,0.10000116897413786,0.10000221726831474,0.10000285863974713,1087.6820698716149
cellular,0.24536796296843041,616.2447977594991,95.50536174434515,53.033765331559216,99.26841617360915,17.592688731911437,100.90279473149093,68.94662473731884,83.16016151730597,0.10002130994475299
ribosomal,967.8759011898762,0.10000584546808527,0.2275553444820387,0.1000033969142031,0.10000097793937951,0.10000561606542437,0.10000239539453037,0.10000214573345753,0.10000140861130977,160.1965216795014
ion,11.737234987644433,3.832723944532054,107.71846498401196,245.36222961764457,0.5621870562826788,0.10001765019276994,200.45682821865503,387.15324836019744,170.97705598807732,0.1000091927163415
factor,329.14999655058125,19.396897494837436,60.55294471194961,597.1984724011526,0.10001175970171715,10.5936041590092,11.611013814830722,68.1581102353065,0.10000786082031703,2.1389410117670575
ribosome,844.8431589334991,0.10000711046653714,0.10002973809676259,0.10001031598060127,0.10000798578309504,0.569930868089657,0.10000616182942741,0.10000358732335116,0.10000452002133926,199.88684077889238
not,60.19456271395712,11.047303455695873,88.8373107571077,40.455165786280084,347.31546167372744,0.7951026301214383,124.89421561221049,310.4227468153331,34.46843924278515,16.56969131273012
0016020,0.1000034942776846,0.10008043206894195,0.10001440014570176,0.10000694870918513,379.6304527148384,0.10001258718736687,212.10141899068802,419.5679961965632,0.10001125434686943,0.10000298114532777
acid,14.460377706546685,2.432000359836175,33.77567616792236,76.81257065722444,6.33030688069642,9.97037369472979,304.3153499096266,146.67407435318307,406.63228910262274,6.596981167558587
kinase,0.10000447319251725,1002.0903793887321,0.10000275108784704,0.10958606807891402,0.10000525384526265,0.10000433065387704,0.10000267858624944,0.10000351493680117,0.10000595514333681,0.10000558572907876
translation,990.0052278801764,0.10000730735968488,0.10000964819696831,0.10000457315113713,0.10000214733310726,0.5638026342624267,0.10001631526053756,0.10000169709000373,4.7309202115475495,0.10000758560456002
0005515,46.263459143192904,202.35894157498637,175.361852726624,16.230145814243965,47.758669220683196,184.91250720215527,85.87436178574245,109.95922691000771,29.18865788853319,75.09217773377941
stress,44.129554542104934,110.28569490362263,323.90689039682525,79.70184369704667,131.85651697157437,4.840714890048782,37.94487358045682,60.26000835372099,177.8848373776686,0.1890652868815452
required,24.351088338168825,132.51205683932628,88.03429497263441,12.876767006463343,99.28877880084181,161.48926317815844,160.48967622989116,101.3647209553783,19.841727120924862,151.7516265581609
II,5.05294369705303,0.17750755652747724,0.10000917528775462,928.4758728633799,0.10042773364785991,7.121343400646625,5.671852849478692,0.10000982972900646,0.1000097631634523,0.10002313105360469
catabolic,0.19558915158286028,20.65860999042603,640.3270508630495,18.98054415722188,34.330674517983084,8.221999893634331,39.14018270443664,29.615691160759855,117.42964472348775,0.10001283737025445
ATP,0.10000789494540818,141.52469491905418,555.7922061732273,0.10000617643537553,0.10001065703696177,0.10022300743136188,8.162388871471169,0.10035032137126874,193.92009736076008,0.10001461823211766
genome,243.2223003155287,136.70456230223866,6.726136351738162,61.093058654741114,218.43402278240717,0.10178384288852928,86.86798511252363,99.0580175649739,39.69212296598967,0.1000101069222007
duplication,234.3607842583874,117.32386977326138,10.970698464799229,55.84509119087528,235.54420126010558,15.442691754402079,38.02936816548717,108.43212368874423,43.95116271804304,0.10000872584464773
paralog,238.47108278807028,122.79208902339495,6.907920027280655,59.08644890008772,231.50814911510437,0.10001776010848193,38.45463602094845,107.0255865940364,44.55406096262051,0.10000880829970091
replication,19.268157359447333,157.84976829692746,267.7472909510067,64.43986321412781,16.40614753793835,26.69849164674916,1.3904209329992596,21.33860170629305,235.3565964721383,37.50466188232371
assembly,87.19547571376441,91.11009541738503,108.554501922345,0.10013332250761059,15.798301494927767,218.72943618868098,184.2686052557706,23.13884622382635,0.10000446261633976,89.0045999981292
whole,235.20947916257103,120.29141596700816,6.560036438785435,56.64915865869253,210.8484218070257,0.10001669214409188,40.53548035812162,101.1820453078381,40.523936441835886,0.10000916592863342
nuclear,0.10000525486314253,33.82837497811987,214.74673820044225,27.717108020595823,30.324227101816398,441.1968372574602,0.10001096600104639,0.10000833059089212,0.24041436963427637,43.64627552044035
transferase,0.10586749046831007,234.55445007031875,22.72740084965441,0.1703998503196367,228.59664742437647,7.811738546820969,42.84109401077381,0.10000847420324771,229.63701018543725,18.455383097582374
promoter,0.10000047702147581,0.10000410345923248,0.10000440579852281,779.0901631232502,0.10000425532537678,0.10981065601550785,0.10000207381175331,0.10000276384778194,0.1000018758130345,0.10000626564666738
recorded,54.610380153405295,13.045750882127527,68.51329478915622,32.35745261238178,165.92796149707812,0.10001515863376575,109.66699299889518,302.2227065289535,11.925615891264645,6.629829488053134
transmembrane,0.10000024162548019,0.10000191011122313,0.10000777224833257,0.1000002616253213,0.10000884580390859,0.10000046106988407,18.027078280073052,739.1729013625404,0.10000039789082002,0.10000046699617515
nucleotide,17.012017489769402,174.61984371274664,147.30280154192528,0.1000139512980654,0.5282985579448534,25.31557921708299,31.764702545657798,51.08495723240064,303.14043626010596,7.13134949102036
processing,0.5278308423800702,0.10005652554160127,95.06225521362099,1.9387969196428292,0.7267363610212738,103.94072177444926,0.10123127176959645,0.10001288284609972,36.2184328217521,475.2839253869377
reticulum,0.10000194493509242,0.10000553119914209,0.1084939341593332,0.10000195777751036,706.9265069393522,0.10000289786736351,0.1000064115795705,3.2649771442166746,0.1000012863808741,0.10000195251291588
endoplasmic,0.10000196688701629,0.10000547677897415,0.1000149163183858,0.10000189712079809,688.8030552090972,0.10000262025774989,0.10000649017569654,7.396908172515649,0.10000131499023042,0.10000193584032402
positive,34.40322736608718,127.5049925379407,24.389857346690807,384.4004984208863,0.10001029122050994,52.998386013662554,3.4238649317808982,53.1200102252201,0.10000315366210676,0.5591497128071675
function,6.9743562398532575,22.15421319318787,3.01202082003555,9.47636872723308,579.9256319723114,19.626667029084253,23.202733819240954,9.097140325187093,0.10000616331229459,0.43086171050637034
Protein,88.83093733778672,100.71245778391531,1.7198008317114843,4.552474809626442,305.13046224434277,16.401973060263135,65.08807226182519,38.03006007558779,0.10009275738934093,52.43366883750271
hypothetical,0.23124578185208927,27.4528763516969,67.68851102410787,0.10002255686635583,371.85996122675033,39.66306156006693,68.43901100196783,20.64219786333292,6.44087880345828,62.48223382985108
mRNA,37.12884624306851,5.895218237778006,207.77849525493698,0.9035700069099236,8.613530645918514,333.00126158183855,11.77762362800688,3.0982027688776976,13.723831432489401,38.07942020012436
Putative,0.10001423112151435,12.069646844759346,9.857266742404864,7.749819787584051,324.77987051493767,0.1000134482422238,11.937021127971772,21.70250453846468,255.8725604091003,6.83128235536547
transporter,0.10000204876919128,0.10000198003740234,0.10000868395879342,0.10000150604039426,0.10000719393475227,0.10000102213309785,0.23235239251541806,629.9676221159212,0.10000031651824358,0.10000274015888666
hydrolase,0.1000043786867891,0.2004382239019191,348.87939503221963,0.13683814048201023,98.84714478328317,0.1000093843964077,46.14762860777237,0.10002222195461699,107.16636876829546,0.3221504589729276
0000166,14.877700562994159,153.11146667914448,144.20360703574116,0.10001015178753964,0.6722750222670527,26.466816934585793,29.70091308080664,25.035635181726743,191.64269169691127,7.1888836539875145
synthase,0.10180092367097414,15.5494918605538,159.9429423064207,0.10000136762627936,53.290428680696124,0.10000824631536404,105.78735828516854,0.10000591751756713,255.927952943613,0.10000946838197429
large,413.8081698249429,0.10000325162697642,23.78372869919397,0.10001908272042774,0.10000300727574286,3.288978527287539,7.5892595322793905,0.10001145040709493,0.10000267300737471,131.0298239512298
plasma,0.10001178009892193,43.924488260228,0.10001036050418549,0.10000514049259707,109.32802060313878,0.10000299529984204,0.10001097613397827,412.0474419367959,0.10000728435314402,0.10000066292822737
TYB,0.10000000000233647,0.10000000000167927,0.10000030796585829,0.10000001068954066,0.10000000000165428,0.10000000000272191,0.10000000000155687,0.10000000000156847,557.0999956449783,0.1000040363482952
traceable,39.003259641498346,153.49303689745463,76.6776258718362,0.1001755154106637,0.2811247983421948,66.46438226633964,80.32307806086511,74.83844777450724,43.17149495583438,23.6473742178614
unknown,0.10000551479330294,0.11266706755478295,0.10000767507836557,0.10000601469296891,553.0773041352861,0.10000366799220523,1.1099116967669793,0.10009116706579826,0.10000228740539048,0.1000007733474204
cytoplasmic,207.82105818446774,0.32356382328374933,64.62634706847213,0.10000468842527666,0.10004572168887144,33.598206450620424,0.1000196432474114,65.28143821287951,177.94930980525132,0.1000064016257444
chromosome,0.10000333404403101,4.9220786189808186,0.8123082609795657,9.525083955150187,0.10000292756731645,489.5374925924585,1.5324317965586354,35.23881897027297,0.1000084115986398,0.13177113235675422
helicase,0.10000607177850357,0.1000170884792132,0.10001741171579381,0.10001117952727089,0.10000064123762717,0.10001961055474573,0.10000130902605367,0.10000019704641602,512.630204923813,10.569721566799743
inner,0.10000303990520994,0.10000095662494879,0.10001646222082383,0.1000011040957644,0.10001221877685942,5.670052992154887,514.5298952995632,0.10001434905814896,0.10000141918357995,0.10000215839629233
vacuole,0.10001031644076312,14.242056885689161,0.10001092886631284,0.10000116668367208,34.196958782643826,0.10000396521182374,0.13710852990882544,465.8238480777195,0.10000079255077102,0.10000055426073662
Golgi,0.10000052878760807,0.10000299753143041,0.1000020099478463,0.10000060962961663,12.181965007893085,0.10000187505736705,0.10000128954920054,483.01802509633023,0.10000016392734337,0.10000042133407182
constituent,437.2937757617029,0.10000172741602548,1.7414241155655135,0.10000091504106998,0.1000160819137486,25.57163402251847,0.10000387196163747,0.10000209071541585,26.793119230701528,0.10002218244053715
metal,12.641966394883777,3.2403540678709217,72.58826327851766,122.94500419857023,0.10814106316067562,0.10002078666417143,77.87237183680514,73.28634183213852,123.11752601796732,0.10001052337581055
DNAtemplated,0.10000102186502749,0.10000895992872715,0.10000545024272231,484.0997305200251,0.1000018713383068,0.10023594195333782,0.10000132732381412,0.1000020917903568,0.1000016876049932,0.10001112791550534
biogenesis,39.473868798293815,15.831148504266102,9.31185132374777,1.0135855210358387,17.036466687983204,14.911063742712377,9.172652073083968,2.141549183167167,0.10000410371510017,376.0078100619464
0006810,0.10000800229545889,0.1000034414913575,4.813344819492635,0.10000316031818975,0.1000081648953835,0.10001208121376509,50.53308887050345,426.95352291982704,0.10000299788842339,0.10000554205172807
tRNA,0.10001482454743738,0.10000764856373703,11.69545352931035,0.10001829764246259,0.10000191820682115,89.44151836089509,1.320813625332596,0.10000865993929065,377.9421232980026,0.10003983752208417
gene,0.10002427137707913,16.393150759521095,15.33386486417491,36.59018214329637,186.02663462900853,1.0273764277299526,11.36575502755028,7.385327414607849,176.2604362124895,29.517248250192104
cycle,0.10000669822525275,239.71649505539912,12.423240029996604,26.908802004064853,2.0221245247377198,104.6353670984806,83.39876334796897,0.1000034316715375,1.0170136032245283,8.678184206191284
bud,0.1000046299921106,470.0999505714417,0.10000184535687279,0.100001693481392,0.100013558074124,0.10000495762603484,0.10000293787180584,0.10001690140870184,0.10000042686534136,0.10000247786829483
negative,4.681571949716998,218.6707778240962,10.972048719757085,214.8917292740163,0.14398966464009244,19.20248585084207,0.1000144315874591,1.1373662197951693,0.10000733524921442,0.10000873026120034
wall,0.10292774391453283,66.58524029610288,0.10000890758978007,5.900459524638327,390.80768740703405,0.1000131431845787,0.10364045539219208,0.10001114570899136,0.1000071810137955,0.10000419539416407
proteins,15.002622214274576,24.356350571470436,75.9653597494504,5.065171284219902,108.6039971202257,7.2688087541870825,83.60395035947491,104.31856446014078,13.145535640434806,23.669639846068396
curator,216.51451588222,11.851952389156754,98.06717682106088,41.04013949963488,5.937356131427812,37.919502054701645,2.539420888292352,0.10001976974065072,39.113554123258034,3.916362440454947
0046872,12.741579509214764,3.6278234006922947,76.50297097090879,120.49479561457949,0.1313915542052555,0.10002187238365853,79.48140015427238,30.447134312950013,121.37287207325984,0.1000105374876837
repair,0.10000203416476836,401.87607453487385,29.10302551651241,7.653885378472154,0.10000151667700943,0.1000331686678671,0.10000255645033405,0.10000112012888708,0.10001057188928351,3.7669636021383113
GTPase,49.978375888071525,125.65392516113619,0.962314764119614,0.10000240200761572,0.10000282888713166,14.014285630095884,0.10000349832433965,246.2515858281058,0.10000229539287087,1.739501703830705
organization,12.06801447597859,146.0023659385855,0.17246940041358005,18.515150082715905,75.88577278381969,69.26613484451362,61.069562920515104,55.39521115731253,0.10000812075427866,0.5253102753471761
small,259.0303076768534,29.933302455220254,3.65665629906231,0.10003342811907402,0.10000482593027549,3.007459843129589,1.2465358372735444,22.34720203664426,0.10000327047925107,116.47849432724188
0005524,0.10001092481643103,143.87829639129453,132.80032604173405,0.10000515337737996,0.10002073741946017,0.5800904265591935,0.22183136166567002,1.0645785117745565,155.0192170831321,0.13562336818929702
0016740,0.10001471280687022,122.52033259013733,0.10000764258306087,0.376535059253979,88.02575671584795,4.438112653737306,24.000329386998228,0.10000985559555374,168.73830530308177,21.60059607991616
catalytic,1.7435963229655445,59.54075128385032,79.22350496390932,0.10001456910004301,45.00831465171139,21.908425849407884,44.59755862359864,0.10001061925025229,175.63298406489824,0.1448390512643487
nucleolus,0.10000889891713406,0.10000393766516474,0.2281711307739816,0.10000939589115301,0.10000141246201281,0.6088686453941015,0.10000039590824164,0.10000023106125268,0.10000299672502509,426.4629329551906
phosphorylation,0.10000812750893026,413.2899745133653,0.1000032391251808,4.922215532526253,0.10000507565958286,0.10000605536003858,7.087762325876672,0.10000591288802332,0.10000933889474099,0.1000098787684119
ligase,0.10000740565124383,8.191906225387948,141.6559985483016,0.10000770909801734,0.6335207146877797,0.1000146415689546,0.6861006088937015,0.10001043533924853,270.3324298619578,0.10000384908396001
dehydrogenase,0.10000148498089591,0.10000264605975691,1.07436684871768,0.10000077847389334,0.10000923887212745,0.10000096233314275,335.0857381444768,0.10000178246451423,83.13987621860544,0.1000018949990184
mitotic,0.10000219189892662,141.62244640061417,0.17611095880127955,14.46117193500034,0.10000726155604908,261.07595532908704,0.10000060246438013,0.10000123093900676,0.10000267298600193,0.16430141663269138
expression,2.0072248396925283,51.72683248385621,21.961584926282786,41.007154334191995,153.61266949241215,0.1000199975393399,46.21164063507937,51.78180673284782,45.49104449883133,0.10002205921609054
SSUrRNA,0.1000115437296571,0.10000051642697852,0.10000187924209719,0.10000033089786002,0.10000007674694956,0.10000083054804587,0.10000011813860571,0.1000001036447549,0.10000080841340533,412.0999837922059
Gag,0.10000000000362025,0.100000000002601,0.10000126797763528,0.10000002933596397,0.1000000000025622,0.1000000000042162,0.10000000000241142,0.10000000000242935,406.09998761197966,0.10001109068148567
family,0.14941694400008826,13.896469904594815,69.05646112691224,20.404060158412243,137.20352120071124,8.861670928318976,19.149680626801192,90.20462870175396,35.31858536690726,8.755505041536114
0016787,0.10000525726120364,0.3146588696557342,236.72218772407513,0.2649931621738557,53.40281013692561,0.10001135147981463,11.008580601714938,0.10009536285565092,97.68292942736596,0.30372810645509424
sequencespecific,0.10000059640749619,0.10000184159590339,0.1000012982322305,398.09999179525585,0.10000035244315342,0.1000024428683864,0.10000042676878478,0.1000003564751123,0.10000025241159663,0.10000063753538416
0003735,397.09999193057996,0.10000009448278004,0.10000033439942614,0.10000001015426359,0.10000017325836415,0.10000116282071661,0.1000021526750621,0.10000002146800814,0.1000000855534697,0.10000403460238462
growth,24.40807870327682,199.71073680743226,5.7658757901981,39.918489892457565,57.71680446855997,0.1000101380907436,49.04496573044314,17.234232940415698,0.10004011568056699,3.000765413395588
oxidoreductase,0.10000062526318697,0.10000171478339925,0.6088802653993975,0.10000274526673078,0.480321286142227,0.1000021402247344,371.2814078471958,0.586133294575888,22.54324631974472,0.10000376138527227
initiation,309.57737641498454,13.661204231646845,5.836658221088824,33.03917993117613,0.10000126056261119,33.38555017267465,0.10000362545262552,0.1000033110734202,0.10000787684021828,0.10001495447146841
genes,0.10000949039285208,13.125641087309685,5.983162592453758,124.18718890663129,2.0676153815080394,1.5682201687446475,2.7261014034891864,3.1902330563302916,219.01084643594763,21.04098147713927
0005730,0.10000851702392277,0.10000339294185477,0.1001952361743529,0.10000702011551775,0.10000110239307602,0.2692834046411714,0.100000435677383,0.1000002409973654,0.10000306514269144,389.9304975848828
chromatin,0.10000163727264778,0.16033042005673848,2.363277896392656,264.1532549832096,0.10000425413295626,89.6703523446269,0.10000161101147845,0.10000272343722869,0.10001310914823001,26.15276102068904
ATPdependent,0.10000354901163774,0.10000634725946651,0.47736944503020917,0.1000188639075992,0.10000231742788838,0.10001322927094691,3.6921280180151053,0.10001719813559858,375.13042259418387,0.100018437724693
ATPase,0.10000581358812129,0.10001006073022715,331.90136957082063,0.10000934380095745,0.10000598212363379,0.1000107682313879,0.12671129726238312,44.57368542838754,0.1000056596481946,1.7981860753817296
human,12.531211354440421,17.825595425298122,109.91976660341838,9.048011279126753,37.40160304070243,41.91495089207693,47.390007765783146,49.65088869788328,14.780616814140448,33.5373481270783
0005886,0.10001056869684864,38.694447899999815,0.10001284471945353,0.10000734722140679,79.9590551726056,0.10000156104847661,0.1000113636296736,253.64644246816846,0.10001037597267576,0.10000039790973497
interacts,25.9406071930327,69.16474523267979,63.361055812365855,15.183510559859764,40.916918029285284,55.450208029325346,36.04930494264123,31.13347619850053,0.4529197187826255,27.34725428347632
intracellular,179.29788206700985,26.722043504703517,15.681584034117497,25.053350907750673,15.212460524239544,0.100013392974105,7.583396913946686,90.77654939291317,0.4698240577758117,3.1028952045179454
0008152,0.10000898117361542,0.10001833314053298,61.4646794229221,0.10000388392021187,76.30435749879156,5.17714667048089,74.58365023063638,8.769050989368726,133.30107351160856,0.10001047791652548
fungaltype,0.1038171468579191,25.120544020099256,0.10001522107806547,2.329055362815315,193.10436314472756,0.1000146493100274,0.24507858424709766,134.6970944520053,0.10001322273212192,0.10000419609165537
58S,1.4008037184250504,0.1000004081050934,0.10000323870991405,0.1000003613166673,0.10000005784114799,0.10000079149932045,0.100000033675056,0.10000018889276892,0.10000111036337275,345.7991900911644
actin,175.66117612289125,158.91246351370694,0.1000056914949495,0.10002003620738166,0.1000042872189733,0.10002279037505947,0.1000062604068057,10.72629865934273,0.1000013073740233,0.10000133095651162
via,4.7824141297794585,84.65971554878577,14.480802176966256,11.353727216452018,14.36263224125895,95.63373901256989,6.517974635840957,22.156480055025025,89.98852858662809,1.0639863966414569
during,16.52266753528346,102.18958871537578,29.34930239589172,32.3979371556071,52.83849653635099,53.328737532365984,33.303073457039,6.854338092087629,9.755449864193386,6.460408715752589
pathway,0.10000482428775892,131.3637259477886,12.047480087575998,11.277005097465219,35.51149724209218,0.10004066493374694,11.930631381149572,59.93887434405216,80.6307356971639,0.10000471344213487
TYA,0.10000000000312906,0.1000000000022482,0.10000101255727961,0.10000001757117184,0.10000000000221469,0.10000000000364428,0.10000000000208432,0.10000000000209984,339.0999923329981,0.10000663685108077
region,0.10000786328412349,3.2866657689049408,7.2153510809853225,157.17584418866218,97.39234268947595,71.62441785357255,0.10005790937817251,0.10012551326906692,1.5495511865275233,0.4556359458971365
0005783,0.1000010033362582,0.10000319464031728,0.10000656263799172,0.10000081621810371,335.1888364013529,0.10000231974963478,0.10000788310796933,2.011136550998583,0.1000015198642597,0.10000374807718636
LSUrRNA,0.10001801334653197,0.10000040232954148,0.10000225576239312,0.10000035077503869,0.10000006107100795,0.10000067433381071,0.1000000345389159,0.1000001015579647,0.10000095488607644,336.0999771513926
forms,8.89019477748283,15.61294505536739,46.46055729803781,7.109838934162169,8.076414198427877,26.922147034327665,12.37932304816971,27.050509552387073,170.35102558502444,7.147044516559844
spindle,0.1000013427696956,6.799386652314638,0.10000308785933489,0.1000024397817721,0.1000010145181059,318.4005990443332,0.10000020347747714,0.10000420339699809,0.1000002091029645,0.10000180243467094
0003723,93.00611712824849,0.10000251928888175,12.451657033550374,0.10001038914000282,0.1000056917491027,58.42862570785618,0.10000932451771291,0.10000158694344391,78.27136800604157,82.34220261263647
into,0.39751618099595587,27.513560098247293,69.86266124951665,0.10001748890852416,5.9502763775063805,3.3928614309064384,165.71820976082736,33.5588744486453,9.264126500994767,9.241896463402902
localizes,4.71823342093351,39.212268854464064,20.850647533366622,0.10001075116479882,209.7780336128956,12.498143833195074,18.623978367854402,18.01837536623499,0.10024496097225494,0.10006329886545569
Pol,0.1000009530273911,0.10000275758329476,0.10000205880350996,0.1717636024754544,0.10000077690255915,0.10001438527760474,0.100000000014735,0.10000000001484381,317.8507271223478,4.277488343535975
amino,0.10001225356697895,1.781249775904991,0.10001225578889297,8.461310438600531,1.2851714989918868,0.10000136713719686,0.10000915483231987,105.41803688932492,205.55419334869927,0.10000301711615596
an,11.1697860447385,17.933949542061107,25.22469524323326,4.713872851788217,164.2804299834812,18.2494683075871,32.31176819409065,12.099277861093055,18.297612387925668,16.719139583948092
homologous,208.02823523203324,22.919021333792568,22.09755867370394,9.847123045193362,8.400915665568455,23.90680990392623,10.036489498984745,5.751407179606949,0.10002124994887383,8.912418217190362
lipid,0.1000083055980888,0.10001466402472865,0.10001438541934624,0.10000334754988523,210.11505896867862,0.1000019379466739,80.23456389978152,22.95032680759085,0.10000673504720539,0.10000094833565613
signal,0.10000344363144108,197.8013138860433,75.01677470030522,0.10001846632007727,0.10002695145756926,0.11270710043740415,1.772967649213216,37.796183172303564,0.10000297851845727,0.10000165173839497
Retrotransposon,0.10000000000274285,0.10000000000197112,0.10000055012129262,0.10000001909315466,0.10000000000194177,0.10000000000319505,0.10000000000182746,0.10000000000184106,312.099992218404,0.10000721236121027
homolog,127.66784014829652,40.109254700736614,45.912066085433985,10.773896490197822,16.416015337635276,16.198461993863734,11.682175917784102,33.805337346440744,8.334925591692611,0.10002638786652275
ribonucleoprotein,219.40293409121847,0.10000101445456147,0.10001042678359714,0.10000452740902833,0.10000247616737752,11.224653720188792,0.10000296632085513,0.10000037316615237,0.10000154166938041,78.67238886260603
upon,0.15405653846391892,45.579817503253636,62.09143144944998,6.086421274037938,15.01467261279888,3.767240432721136,1.4447103579911624,11.555614093770068,159.3534037416751,1.952631995786569
increases,26.57977054627478,22.22503238003592,164.86531138624312,25.863998367456322,32.129968396131964,6.378537313169566,2.143518053885371,20.66786120830774,5.045992855752646,0.1000094926973831
weak,9.030857764029555,11.501355374845092,38.79759059553145,17.61738167641241,118.07932189586957,15.780344210993906,26.42028354659748,22.48597319384462,4.197594201623608,42.08929754019968
mammalian,202.36081533251973,30.39757839627337,27.285147356352866,1.1487795352007362,5.791532819604456,6.135266613935138,10.46870642216701,20.682625865872748,0.10001471636692225,0.6295329416570641
role,4.958353415738497,33.882818387226564,51.2700076262391,22.531447990885855,53.997817823370774,21.589043979348606,46.503949277133245,36.4688903442883,10.103381922946774,13.69428923277008
formation,21.539880761135095,57.039977176510085,19.35642607711332,5.293810822201762,72.76745739392503,63.32799721731843,33.729267122326874,9.667527814540492,11.177579537978803,0.10007607689903794
0030529,218.90557194614388,0.10000024126373092,0.10000899246247848,0.10000185637377011,0.1000024757724218,9.370983238897288,0.10000300410267977,0.1000002765238679,0.10000047845624703,61.02342748998902
division,0.10000128701021288,83.76591716492325,0.10061418211687691,0.10042642485900197,0.10000909961788687,204.43301628626912,0.10000687618733385,0.10000422769160805,0.10000074876596285,0.10000370254134416
member,0.1000130916830915,14.668799449079714,38.90218989696583,7.402056611878405,109.4456024583711,8.570185408106122,27.624953304834722,62.96809767223196,4.331341510198076,13.986760596600666
orf,0.10000120094503756,0.10000212056760124,0.10000492673835615,285.09996536596117,0.10001220361627408,0.10000541703273884,0.10000649814438026,0.10000059090442966,0.10000000029500006,0.10000167578164994
synthesis,0.10017990441733496,9.810284195574532,94.41962713748876,0.10009318218536889,48.01892798122043,0.10001511601449088,17.019589343115964,0.10007559546670894,71.80831466512355,42.5228928793442
cytosol,0.9654118456075308,28.21439594263176,67.80356243660376,44.59126626729504,1.0154490334371347,4.4020149807407,54.51247490796442,35.35943742550963,43.03697531868534,4.099011841474488
0005840,281.09995250227814,0.10000119029112323,0.10000827284925776,0.10000175236073483,0.10001163989631122,0.10000165864871681,0.10000530632840594,0.10000480662364156,0.1000018326730284,0.10001103803783545
0055114,0.10000134656612213,0.10000127466255056,0.1629055352845502,0.10000218781919006,0.5401087310051901,0.10000273819963848,253.37407142887034,0.6569686328898797,24.765933969307284,0.10000415537542148
oxidationreduction,0.10000134657499796,0.10000127466916096,0.1625616982408642,0.1000021878238783,0.5411176120299969,0.10000273825117552,253.3731857305576,0.6569873154167958,24.766135940898767,0.10000415551688471
0003677,0.10000416079880503,21.002375200664353,0.2888682329040055,209.14970332930412,0.1000015032716671,18.757525981238103,0.10000633736614294,0.10000160812171663,26.977150925248374,0.42436272105293993
zinc,0.10000684485030263,0.10002242088395202,29.91695489447856,145.8595302787372,0.3823888681632216,0.10001399610597494,13.024933425685262,56.6589076461359,29.757237538061318,0.10000408685411108
Mitochondrial,23.284750217631125,0.10000188725270875,0.10000274954556264,0.10000120807640243,0.1000015618971645,0.5157816728651462,250.4930308317194,0.10000517129564894,0.10642364570253551,0.10000105399546023
matrix,0.10000329556033505,0.1000019269703962,0.100006957261604,0.10000147115294729,0.10000135310254253,0.10000479417160396,274.0997098469358,0.10000268869147874,0.10026677361659508,0.10000089252419614
phosphatase,0.10000303041085566,144.92343035518218,108.8523104068505,0.10001056778813247,19.524202809982185,0.10000854996619056,0.10000523144121279,0.10002177483787594,0.10000624777849305,0.10000102573470039
0003824,0.1000021151635445,4.8841666559435195,26.217786148471834,0.1000103828061043,29.600279060306523,0.10000704726322641,41.469547770078734,0.10000496428812904,167.31094173212315,0.11725412351868852
reductase,0.10000107909655662,0.100002252560726,3.9107928681424093,0.10000822128570595,0.1799759309116293,0.10000220742534421,260.54118211300374,0.10015679394703199,4.7678772770426034,0.1000012565658004
ER,0.10000248264037803,0.10000687382171593,0.10001823056636615,0.10000684724621832,132.5902892776435,0.10000713564041983,0.10000858916448156,134.6096571873673,0.10000214915570421,0.10000122673225272
essential,20.965095343077344,1.568266635615911,17.837606701390087,6.281941693392618,129.34712492927932,13.053909639570389,30.18803789629406,16.82545672806992,0.792446885895353,31.140113547362372
element,0.1000004399590266,0.1000054691818988,0.10002524782181038,13.843033483932206,0.10001257328644941,4.065304456854165,0.10938069483167862,0.10000856534127553,248.38222157941686,0.10000748934512774
histone,0.10000123623588825,5.539789057037472,8.850619145893104,138.97824628320757,0.10000600504085377,0.10001734512596888,0.10000553179318919,0.10000285371021411,0.1000084767968913,112.03130406513093
nonfunctional,0.10000918856982463,0.1000024035642746,9.367312664221283,1.2464158068223532,0.10000010765777172,0.10000092490679854,0.10000041079105967,0.10000000002203745,253.68624468172007,0.10001381170281
fatty,0.10000020587324482,0.10000129016175657,0.1000021851142294,0.10001095528299964,0.10001543476180343,0.10000086025723287,263.099955018809,0.10000787587487567,0.10000451647298576,0.10000165737702181
I,3.176590835256193,7.8293708801346575,0.10002035914993533,0.10003061705614334,0.43268979310472744,227.85173733682427,0.13656007647879975,0.2693419606275448,0.10043392835078004,24.00322421297497
translational,262.7851265273365,0.10000344731208818,0.10000876358967545,0.10000844456557258,0.10000175833609881,0.41465850801362003,0.10001221644038048,0.10000053041288229,0.1001769053360503,0.10000289864225421
meiotic,0.10000062874635025,73.54528354670228,0.12793179516265551,4.618916339269284,0.37145596185143837,183.83640051031844,0.10000238360718165,0.100002253782387,0.10000341885787664,0.10000316168184507
may,17.273217349065288,28.46316732008678,39.19523599317049,7.594584191815941,71.63895309444852,40.31521770099989,41.59482617343542,10.873656782816687,4.911028813305254,0.1401125808039511
maintenance,2.10555907979782,61.63787293892826,5.126871475415875,15.217834650318698,2.4565136564570498,87.35292081381252,43.4359694288229,10.84953205460852,24.218135007024618,5.598790894761235
core,4.637194857529296,0.10001372818112399,73.92987107941465,168.49354110340755,0.10000288557302757,3.879280965405843,5.560074367780452,0.10000820398677465,0.10000225351757952,0.10001055517148459
transcript,0.10000952265169587,0.10000202874672764,0.10000284153912242,0.10001048790229282,0.10000871392957741,0.20452667026892876,0.100000092215546,0.10000054216163554,0.10000129440179499,255.99543780617157
0005743,0.10000230940929464,0.10000097997106082,0.10001128596004806,0.10000038360975119,0.10000145930659707,0.10000210894016057,255.09996915932908,0.10001034192157233,0.10000161966953969,0.10000035187070873
abundance,27.44341626159885,17.745335106759146,129.19175494499862,11.64911446795676,36.26027319082629,4.388412017811467,8.372861534177146,15.250774474963276,4.598051124932069,0.10000687593033984
0006412,252.9598479079918,0.1000007160151244,0.10000142328764601,0.10000026322086958,0.10000059578620403,0.10000204669203683,0.10000700765469865,0.1000001710316057,1.2401315982218375,0.100008270087162
which,14.953859503368054,39.28111176706309,32.758525358216495,16.06152036274923,18.16821318361517,20.12463513806103,27.120883783996284,31.51022210961075,33.230014626926014,21.79101416634089
Ribosomal,252.09997031639764,0.10000021537505371,0.10000942151804225,0.10000517795467079,0.10000000912533032,0.10000350981516154,0.10000003124372152,0.100000001447668,0.10000056480110597,0.10001075231296318
probably,0.10000000003989933,0.10000072572523959,0.10000446527678104,0.10000100966593846,0.1000132847128823,0.10000141896302406,2.3592195568940433,0.10000000002681511,248.84075950811516,0.10000003056276566
groups,0.10000256458893736,86.92940438093414,0.10000435473929514,0.1000081368905218,88.99100334424887,0.10000826665916435,21.6051508212848,0.10000393779827882,52.8744015702185,0.10001262260755239
serinethreonine,0.10000027840499083,244.928178725118,0.1000102462135082,0.10000502067080067,4.271798620833987,0.10000352912009834,0.10000157810906488,0.1000013476942477,0.10000007959143298,0.10000057422758211
binds,59.79485144277473,9.369001744733247,51.03175722079105,48.04459944682099,2.1123920828393428,35.01443579989195,10.493776322443894,25.64278690916218,0.13256460017222746,8.363834430322152
Y,0.10000015330517677,0.10000429718195679,0.10000792639394072,0.1000013942127575,0.1000022240122886,0.1000000000488058,0.10000614129851623,0.10002040565555946,247.09995699127526,0.10000046660095185
forward,0.10000610737423699,0.1002618673608823,0.10001561138215354,152.49305820240068,0.1000136152196303,65.05872148933794,10.818273495699275,17.986728479824077,0.1429017029896904,0.10001942837123413
YARCTY11,0.10000000000182238,0.10000000000131007,0.1000000000014288,0.10000000000153328,0.10000000000129061,0.10000000000212339,0.10000000000121456,0.10000000000122365,246.09999999997984,0.10000000000226247
0005622,168.54656250687862,21.073893408359435,7.472955470840806,23.198708699551545,0.10001224626456878,0.10000752258413449,0.10000913923297106,23.115092513307317,0.10003503361478516,3.1927234593247733
maturation,5.103841917181606,0.10000274751579957,7.1217782234698,0.10000249155111411,0.1000997208451029,0.10002085382886924,13.311642805108516,3.2978736191507725,18.079846875799582,194.6848907455111
elongation,108.88499548020451,0.28840430526883004,0.11448649662352885,79.70104664193535,7.425898718227529,44.18451419153101,0.10002007224299438,0.1000074158998642,0.1000124773925458,0.10061420063551896
0006364,0.10001042156919965,0.10000078443120058,0.11128043277246041,0.10000378162059462,0.10000029591986623,0.10000521680927824,0.10000009749871559,0.10000036592464778,0.10000430269638824,239.0886943007485
catalyzes,0.10000592250921896,0.10000941865203433,3.494996500524197,0.10000272499090508,25.81303475714947,0.10000741539884905,47.48368968579378,2.3773023682641377,158.33094020357566,0.10001100310490867
vacuolar,0.10000061869921076,0.10002291618540896,6.238930395929033,0.10000523408773751,0.7013002140275753,0.10001285711088752,0.10000853926337079,228.35971757531448,0.100000450298764,0.10000119905956378
0016491,0.1000006580875678,0.10000143171119479,0.45125120163552535,0.10000213249332914,0.7517633052994254,0.10000305175606122,208.05865534701016,0.5909409801557478,24.647377834666628,0.1000040571639943
import,0.1000017747436764,12.536309616416458,45.95292877320421,7.118919488911,0.1000103549031596,0.3150126924871872,157.22689117564798,6.886964992404751,0.10000303656309872,4.662958094678922
glucose,0.10000318717431202,81.24935603081596,21.40479049515476,29.261554214892676,11.898039290241098,0.10000466352237808,18.8726069191465,62.58677263191819,8.426871761998958,0.10000080509258
nucleic,4.5120759525108225,0.1000108889269598,3.3488103089326127,48.52348640476587,0.1000090397524109,30.781549897796378,0.10000786171205367,0.10000281929492687,127.33828796129187,19.0957588649823
0006351,0.10000049512850301,0.10000530432849336,0.10000313147499273,232.09985785258186,0.10000132535450659,0.10011483905187744,0.100000597762551,0.10000068042003885,0.10000099826200863,0.10001477562493502
strong,0.10002977097406794,5.560304642996104,17.800326475359984,6.131684429026438,121.6024612828385,0.12532971164362627,18.450198298221395,12.618037187270613,42.70950047174129,7.90212772987572
III,0.10000339718391511,0.10001096375905794,0.10000661016930676,0.10002872757410983,0.10000642587610718,191.19247991474606,37.007429504367614,0.10001619801917816,0.10001344910945076,0.10000480916824399
cytosolic,193.15664624528117,0.10001259172518807,5.60221303245256,1.1526707034399373,3.03953238248664,0.10000363765853099,20.012096094544674,5.636719186931066,0.10009864449354137,0.10000748093971347
transferring,0.10000277940911508,87.93909205085666,0.10000474173911969,0.10000543771943451,78.77650895150039,0.10000908815790428,15.965729891361962,0.10000460762127442,44.718631051260694,0.10001140034363688
methyltransferase,0.10000649779909336,0.10000725474235962,0.10000190216758424,0.10000735392206922,0.10001365315729506,0.10001206133999153,0.10000819393215984,0.1000036854939722,87.55655720570714,137.6433821917187
contains,22.611613840119166,4.818212729323344,65.76711494764193,22.75050350585707,38.314085304479555,9.136294489147602,23.085631155825443,15.889609013680436,3.952731862913824,17.674203150957457
neck,0.10000208201828478,223.0999709996374,0.10000118150610122,0.10000124899521028,0.10000714782592987,0.10000570634576368,0.10000092613623499,0.10000900099417132,0.10000007278868338,0.1000016337412685
chain,0.34422232390245733,0.10000899500956277,8.68387446726792,0.10002319038367746,2.9752306740877414,5.7330206878085015,194.9103321715295,7.107321946462581,0.10000386788195062,2.945961675621074
0042254,18.034310872028716,0.10001820142182784,0.10001256416905586,0.1000123794708321,0.10000144456344624,0.7844545232566061,0.10000108838178248,0.10000436442587701,0.10000216631748286,202.48118239594638
preribosome,37.71909921492501,0.10000177737344047,0.271328445358083,0.10000104877202297,0.10000075404209492,0.10000094253135355,0.10000006846175731,0.10000241597934002,0.10000172960195033,181.30956360294365
biosynthesis,2.982819056504948,0.8175120134484463,0.10001353148925095,0.10001522200587717,48.693818715797505,0.10000194832783657,31.278714674997687,0.10014881361015994,134.72695033399282,0.10000568977979697
0006355,0.10000102996190406,0.10001460373210803,0.10000513089045567,217.09995724870404,0.10000197735690278,0.10000748491207705,0.10000120139859482,0.10000164021455127,0.10000169744677954,0.10000798537058872
outer,0.10000153656639445,0.1000044583638806,7.239437090766096,0.10000194597380935,14.469516370688547,13.096336145711575,182.59467006653637,0.10002682045753236,0.10000426192251913,0.10000130298311893
endosome,0.10000083155292876,0.10000681923371436,0.10000558803035188,0.10000066551399626,0.10000233633317843,0.10000326221921249,0.10000411981048986,216.09997587990517,0.10000027704348083,0.10000022034678692
bacterial,211.94394326175996,0.10001705564906224,0.10001645907836398,0.10000598123558403,0.10001587585006146,0.10002344610160396,0.10001207186741387,0.1000021441835453,3.255940155412654,0.10002354883233557
damage,0.10000439101499313,181.4310739964512,8.992082904365276,21.11070677350544,0.10000664502337663,0.10002007067214735,0.10000827958858718,0.10001109339215043,0.10000746611090693,1.866078379848619
0005829,2.205292396377436,22.388881225754872,51.51725479718955,22.886318367431294,2.1753350668305584,1.1637625815657324,44.05993347366673,26.895074447123175,39.104253532317415,1.6038941116910579
NAD,0.10000052173369876,0.10000463791927543,7.537496366534579,0.10000421480864716,0.1000058426350012,0.10000117327324792,119.76059667716717,0.1000087965790106,85.0018758719726,0.1000058973554976
induced,0.10000348905484985,19.48101050874838,18.5285478739266,4.490712391124037,112.24537530139648,0.1000157843387241,20.325891255972586,23.75146931437636,12.876961180544985,0.10001290047082435
domain,7.5761802601790285,16.773556857932853,67.7888493133394,50.33747926179454,20.123668798184212,0.43223199307644966,14.172949860839998,15.9804589968263,6.727673265426978,11.086951392347764
0005789,0.10000011790169933,0.1000070040512866,0.1000226507789892,0.10000058508843215,209.75227372131957,0.10000270387395191,0.1000050837889937,0.4476868026175328,0.10000101235437457,0.10000031820702325
localization,1.038535241842842,82.00048558182304,22.94149156560908,4.904319499866347,14.766905013765106,53.213969120834534,1.04639012334437,26.81581002327985,0.10000823583947227,2.172085593749408
tricistronic,0.1000115607450072,0.10000055145039942,0.10000300775267346,0.10000042319109972,0.10000007265391636,0.10000091523771125,0.10000003284575211,0.1000001619810718,0.10000103605098683,207.09998223808532
cytoskeleton,15.831239317585968,69.47007358484244,0.10000603591423643,0.10000297899112519,0.1000056944507576,106.99564381043785,0.10000763546508548,14.103018565918765,0.10000076388626637,0.10000161248348065
recombination,2.394292625266048,118.234013364698,0.10302079221753646,6.317876895468917,0.10001064349749786,28.294726036039744,0.10000552283985246,0.10000017608719036,49.05579486346414,1.3002590803855751
export,23.38326156337695,0.10001268901546927,76.58385727123863,0.10001019518995294,0.10001291851553765,28.605176264966495,0.10000585859198206,24.654760909804864,0.10000624137389041,50.2728960878934
peroxisome,0.10000162620347769,9.027282041900575,0.1000165397954008,0.10002838924404732,0.10001016165498901,0.10001018071184278,193.17261676143517,0.10003047968753179,0.10000315599535184,0.10000066334091268
microtubule,0.10000291125279423,0.1000034826902033,0.10000139339666074,0.10000173529910636,0.10000130901084654,200.05174628601787,0.10000074549583467,0.10000082485377704,0.10000162400752581,1.148239687964172
0015031,0.10000588140163501,0.10000483986767184,0.20038550760975116,0.10000570146840293,0.10000899439050466,0.1000091657480905,16.152694727992213,182.94687508897655,0.10000451039522157,0.1000055821276669
methylation,0.1000257090002389,0.10004637014143246,0.10000282432463677,4.513994534954755,0.10001370009679217,1.009099497352114,0.10000436693940029,0.10000313079071142,64.27874667032756,128.59806319604104
cleavage,0.10001430939231837,0.10000273825668468,5.005169952720854,0.27076684019762665,0.1000058928460618,6.631961195935001,2.5017228118971317,0.1000017928876674,5.098973124450297,179.09138134138396
proteasome,0.10000112723365633,2.20779190582146,194.9921708074325,0.1000093853844767,0.10000169009307605,0.10001894875260114,0.10000031860584964,0.10000054207335242,0.10000082976431576,0.10000444482111172
fusion,0.8845462927206635,72.55128005972959,0.10001856963581254,1.6307054018394496,20.171688047895973,18.304275133354253,0.10000825326094155,84.05746755355676,0.10000415973541327,0.10000652823272346
vesiclemediated,0.10000172311964908,0.1000051765252559,0.1000015844189546,0.10000034107161279,0.10005022442903887,0.10000193818649053,0.10000159110096406,194.0999359150765,0.10000005437384217,0.10000145168681736
transduction,0.10000144903482504,167.52516284194698,0.10000263963033601,0.10000248728983357,0.1000055651979591,0.10000179716862118,0.10000226325508665,26.67481843263783,0.10000161122641536,0.10000091259671617
regulated,7.374574736711874,38.939150801857174,11.357720115862591,28.354781962297146,49.242353233353036,0.10002332058138012,8.070408944363244,22.828931643598278,26.9014292641313,1.8306259771905145
oxidative,1.2905530826394935,0.13618363033839329,46.698595276230286,14.943350938229564,2.164328561979626,0.10000149526774949,101.10784561394945,28.359126881093104,0.100010047202002,0.10000447302619567
peptidase,0.10000076358553626,0.10000355082275486,157.2660623105765,0.10000287157545848,0.10000620395548027,0.10000148664433688,0.10019234678254108,0.10000391887216986,33.93371671819938,0.10000982896776063
reverse,0.10000086530141618,0.10000074745955892,0.1000035229033314,148.27949388783756,3.5890108794281734,0.10001042212226452,0.10000390988688143,0.10000936962979835,0.10001862585316151,39.43144776955228
endonucleolytic,0.10000800873616321,0.10001033387702049,0.1000101499230559,0.10000507200960962,0.1000008273630354,0.10001468313463523,0.10000277505815057,0.10000075769192597,36.761236830659136,153.43871056152923
site,0.10001515160223386,133.22620439394566,0.7535110596796621,4.022456554056463,6.708491055835969,26.577694612540846,4.316781282189049,1.8382435840741556,2.6985501590329477,10.758052146992549
foci,0.10000818364450487,6.943956019946422,23.225367608525342,2.193742150071455,4.789634837632856,0.10004464930926214,0.10001029963976504,0.1820553172847889,153.26516295902425,0.10001797487666257
vesicle,0.10000087256798378,0.10000696137903019,0.10000627837108732,0.1000010506243499,0.10000973223834568,0.10001017723314853,0.10000018245412237,189.09996390611894,0.10000026818841953,0.10000057081206336
GTP,34.01728777102987,23.94462561793527,14.735702400874949,0.10000430578924958,0.10000652087379437,16.44808620637591,0.10001375794445262,79.54716087870891,17.405802082203746,2.601310458224096
body,0.10000560535275975,0.111643239340759,6.734585108849911,0.10000411123276172,0.10000739281169788,159.63406015020138,0.10000090036482194,20.919692114581274,0.10000103828599526,0.1000003389566681
signaling,0.10000406919299216,177.49615901920953,0.10001261296680598,0.10002416039953788,5.703768775832931,0.10000354863001788,0.100004972024492,0.10001887705980975,0.10000278841822814,0.10000117624055929
activator,9.964247987211861,60.992088238014624,18.923334104292138,31.107659334366026,0.10006845796712623,10.922823053672824,13.46443332725544,36.70662066714279,0.10000255322411979,0.7187222768085281
regulator,27.301287054665842,92.24375590020968,12.955893096296002,30.659239067084293,3.5631123392408384,12.616082621643022,0.10002906508657845,2.3605842693469143,0.10001126217262495,0.10000532420922117
telomere,0.10000381828603526,14.233028226564905,1.6427930568490638,1.0737786906168065,0.10000384374038242,131.64435955041273,0.10000645784211142,0.10000499477174665,22.0863213188565,10.919700042028344
homeostasis,0.10000258814586097,11.615595298900606,2.3675410830766004,0.1000259312665552,16.268920884459636,0.10001563648343599,52.00348314367239,99.24440605004592,0.10000392494747919,0.10000545896175533
targeting,0.1000045660708909,6.28724708421747,80.58439784037202,3.4198993177419688,1.0532090151313995,0.1770222241191612,10.869652519429593,77.30854956662037,0.10001232312713543,0.10000554312907464
acting,0.10000184051300733,0.10001465516811986,45.22764409497763,1.5822077563011425,20.653270985971275,0.10000706240426578,97.51952757806576,0.10001593141161791,14.517274167909761,0.10003592724024872
degradation,7.547184532771109,30.474397693289205,110.87712729730565,7.130248168739218,1.8367825742873685,0.10002493991565638,0.8630078293224264,19.695913611992314,0.3752956970421143,0.10001765529091194
Subunit,0.10000855612529122,0.10035159344250476,49.10737233782666,4.367027325346243,0.6401331810182194,62.267745593475595,32.78868186450955,4.614003128538965,1.0718927887271144,23.94278363094528
0003676,4.415529611245155,0.10000809623027201,4.656531087975006,45.04438643312257,0.10001067471604631,24.453700569637167,0.10000923794545989,0.10000285847252766,81.90891924740801,18.120902183213612
enzyme,8.641350685438095,12.237909524603005,78.45135784547381,0.10002169727116782,19.19848268052615,0.10002668896598517,25.727398040510923,0.10001225049976224,33.34341692159297,0.10002366507267794
0008270,0.10000375671204109,0.10002186649277856,24.67964726560801,101.02524151843981,0.1000157864293818,0.10001419257782097,9.037565900451147,10.481468938683383,31.27601630909425,0.10000446547068449
space,0.100000075837167,0.11912801672679954,0.10001892624140798,0.10000233022554432,0.10000592580560477,0.10000286357514265,173.0808342154965,0.10000403816293181,0.10000322363496839,0.10000038427686814
0002181,172.0999752528822,0.1000001577736707,0.10000821868891546,0.1000007529132173,0.10000118904635706,0.10000160832239594,0.1000025763505096,0.10000079790528098,0.10000511628917594,0.10000432981974199
GFPfusion,0.1000038701287407,0.10001033330670667,0.10005676694061859,0.10000199563296959,171.09867535756348,0.10000304634585434,0.10000480286515404,0.1012340387260834,0.10000263909111524,0.10000714938201162
60S,160.68497038383555,0.10000152198832467,0.10001911268051776,0.10000007296141643,0.10000020596652338,0.10000201319836129,0.10000004049324625,0.10000039188840394,0.100001319906844,10.515004937071007
iron,0.10000568589482488,0.10000844592399218,0.10002047633506488,9.838697245741688,0.10001640129146104,0.10000960823500861,106.69591455900681,53.76531483009859,0.10000851900052168,0.10000422844147264
splicing,0.10000193185355691,0.10000063017622919,0.10000485002523707,3.3475919846245263,0.1000037193829065,166.85236299934743,0.10001065053537453,0.1000026464097481,0.10000798696832539,0.10001260065939856
0006200,0.10000722707689884,0.1002512646675414,136.86740110329046,0.1000170894979266,0.10000219142323032,0.10002902171370119,0.10000895767226792,0.10001028787817327,33.33224972701645,0.10002312973384338
phosphate,0.10000345342204027,12.573791319545263,0.24288263929350454,3.0830386119749966,17.350476745352697,0.10000395815449484,0.48419145218915316,54.809479699264664,82.15612029540938,0.10001182535570707
0007049,0.10000717857258722,87.17219530750289,0.5438008064173383,0.11360286921162444,0.10001007125613809,78.29306190580016,0.10000128163341845,0.10000246759776518,0.10000141844324986,3.377316693542125
ubiquitin,0.10001111102432465,0.31137593348223835,161.18433602101308,0.10001505492329948,2.1422652979796513,0.10001200007137327,0.10000540420675773,3.7619724898657614,0.10000460420438013,0.1000020832041537
0055085,0.1000000312514191,0.10000003171971729,0.100002509181017,0.10000007666455712,0.10000315785124705,0.10000001975469401,0.10000681742453935,167.09998706190396,0.10000029420542492,0.10000000003472499
regulates,0.1000176805616996,71.23373276840996,16.162626219666592,34.1204698938101,8.215878383510848,15.033688964725743,0.39300426931802046,21.540560625175974,0.10001655346229091,0.10000464131307706
ORF,0.10000518779545776,3.5800593827097025,0.10001298252084966,0.10001912747494289,154.7457430792059,3.240571432260297,0.10001100224472627,0.100017036552073,0.10001021505774528,3.8335505541427204
intermembrane,0.1000000798918729,0.10000227274716131,0.10000851675963984,0.10000188087015886,0.1000016733856166,0.1000001651897106,164.09997856089953,0.10000353044505463,0.10000291488307872,0.10000040491777883
0006468,0.10000023048234521,163.0999915675747,0.10000038616167191,0.10000112790103385,0.10000113414796243,0.10000290244833657,0.10000061556716955,0.10000125826597495,0.10000003779403935,0.10000073964956234
respiratory,0.10000433447750186,0.10000332721931285,0.10005010041413721,0.10005212862083594,0.10031473767242,1.5653215944216836,160.63424434874494,0.10000626144479895,0.10000193291871318,0.1000012340322015
silencing,0.10000808774955758,0.1419645031100576,2.679736879017883,76.37552937459213,0.10001005535298878,19.176794724736062,0.1000010366829195,0.10000372862391713,0.10000397419348606,64.12594763591163
null,25.00483107363807,0.1000159482025202,0.10003141543184275,0.7922278343074588,80.66922105090188,1.6039954121556461,33.83393762134479,7.306851022331329,6.488835022137469,0.10005359949685294
proteolysis,0.10001422247160523,3.3323739790412152,126.45501073213957,1.004331447383957,0.10000710496575761,0.10000553696128374,8.382636750061009,0.1000057370893075,16.325604557295737,0.10000993255280978
mitochondria,0.10000382843430894,1.5903070161506534,0.10001325600433884,0.1000115026406128,6.473170827855856,0.10001025052860654,144.80449400066874,0.5319815423457159,0.10000613419096191,0.10000164114682097
carbohydrate,0.1000034494850087,22.562209725418036,12.007089779558287,8.210301546905036,73.52197875142686,0.10000444347399932,17.86820018809717,19.427488047034107,0.10272302607542884,0.10000104248623408
oxidase,0.10000070874859038,0.10000007647980658,0.10000086039429021,0.1000002605163944,0.10000357849170667,0.1000029117358694,152.0089081221723,0.19108109463243356,0.1000022947449546,0.10000009207344376
ubiquitindependent,0.10000096294765834,0.10000652404118497,147.0573364494109,0.10000572839809978,0.24101406180619714,0.10000898188221295,0.1000006964428975,5.001625453224126,0.10000036192517343,0.10000077990421126
step,0.10002832946363363,0.1000118757964428,3.2435782477964246,0.10000196464280696,17.10257044777108,26.048093510687195,8.270366523895627,0.10003433722108691,90.6525289885627,6.282785774117196
endocytosis,6.161921601579941,40.57488558610172,0.10001312448244513,0.10000033434278831,0.10001265258595846,0.10000645838148838,0.1000096515750044,102.56314675101866,0.10000192390548018,0.10000191600218167
cerevisiae,0.1000054683129814,10.261496901849377,16.19751822050703,4.743646489463901,3.811702858697819,65.92818406376024,13.623169784814666,28.15641727851713,7.077832736329098,0.10002619769687511
product,0.10000141044073982,0.10000222550372534,1.2356809735242433,0.10000027980687647,0.10000340375342898,0.10000000006506873,0.10002302492093286,0.10001111688195287,145.9642761467889,0.10000141829169927
0004672,0.10000013747955022,146.09999223092623,0.10000031629198222,0.1000006746245557,0.10000124293927207,0.10000243810702011,0.10000065809812674,0.10000122572953804,0.10000004220627785,0.10000103359035423
modification,0.11285438533389949,0.21582523536594334,5.1616759258558575,28.526110496608457,0.10000635119650295,34.440911569537306,0.10001841445044765,0.19037470981059557,60.20290534891645,16.949317562880942
be,7.016358197208149,8.167133782374796,10.86134621839072,5.204674845620434,68.17270728174525,9.974527806715379,15.308723549364275,9.506671700693401,6.759657581949956,5.028199035882526
are,7.400934379330835,29.58905322787394,15.373064250248543,2.7605901633385,31.448985205970843,9.677446049768545,11.223749457993113,27.4621352967323,9.632639571269541,1.4314023974194174
precursor,36.38356517220898,0.10000571575706449,11.248531981774418,0.10000113824422563,11.013124537007167,0.10000372859208326,11.911353120743813,0.10002281933437003,3.2457446880674983,70.79764709823235
hydrolysis,0.10003776506633905,0.1000118089210753,10.223141136997581,0.10000390921618393,0.18859605096400744,0.10001026550980398,0.1000113340054904,0.10001784586561399,133.88815302205458,0.10001686136278615
checkpoint,0.1000019103766913,93.3961135558588,1.782727466681106,0.10001549809150846,0.10000084511190085,47.80234309020832,0.10000378671463177,0.10002032385158774,0.10000521709434132,0.4187683059863401
transcriptional,0.10000195257796464,0.2762119528842814,0.10001176028823368,128.9479610334101,12.92073237625781,1.2550673272805823,0.10000146152024567,0.10000107203633954,0.10000546422324526,0.10000559949878254
questionable,0.10000452877058574,3.8910616536849756,0.10001350784756863,0.10002867235989824,134.07660779124532,1.851594987772368,0.10001034475683583,0.10001836266528068,0.10001023413428423,3.580649916725066
exchange,45.63297635163618,22.08722870428654,7.129283004732769,0.10005975495920472,0.10136077955569603,0.10001274735661345,0.10001448728272332,67.39955276392263,0.10000463860921291,0.24950676761384424
DNAdirected,0.1000003083935513,0.10000585303513355,0.10000494972959642,73.55493984424768,0.10000001239934203,23.10137641161932,0.10000128694487878,0.10000014507593802,43.49303472149136,1.2506364670443797
conserved,11.116891029678778,1.488428053318685,37.85942154207211,0.10004829659326851,37.0466298027573,12.049366684047866,16.21567725916163,6.626007533048084,5.926474294688754,13.571055504578258
pole,0.10000055080742763,0.3763953815882224,0.10000325035115715,0.10000375747305305,0.10000176520151914,139.82359303077513,0.10000015212871062,0.10000194738330236,0.1000000000164638,0.10000016426578603
kinetochore,0.10000017464871763,0.10000165751761408,0.10000179382032422,0.10000112565369204,0.10000002934401714,140.09999483600757,0.10000009517069156,0.100000106160417,0.10000001687539405,0.10000016479704785
protontransporting,0.10000075803738956,0.10000017935407954,140.0999811795622,0.10000005546182195,0.10000055437685627,0.10000051771590648,0.10001142180001797,0.1000053336449149,0.10000000001340231,0.10000000002415345
bond,0.10001033949980079,0.1000030695729206,2.0150092917776203,0.10000411130764854,3.4358766170052406,0.10001039877075793,0.10003131263481387,0.10000149364461632,132.84903669388262,0.10001667187178172
0005759,0.10000520946866412,0.10000386019693507,0.10000694386049709,0.10000284060496077,0.10000111556973248,0.10000645826531605,135.67825681768107,0.10000163949803029,1.521714172859192,0.1000009419805761
synthetase,0.1000052658718228,0.10001951861856069,0.10000408428765822,0.1000002849309484,2.7524688690099697,0.10002459156524963,10.478569794640487,0.10000203833929043,124.0689032133912,0.10000233931623617
green,0.10000291967162252,0.10000952857634839,0.10001239794777976,0.10000228762440683,136.09995015952614,0.10000136736633967,0.10000277003805065,0.1000076099221255,0.10000243629075876,0.10000852302139307
cotranscribed,0.10000000000282294,0.10000000000202777,0.10000126423354432,0.10000000000237527,0.10000000000199785,0.10000000000328728,0.10000000000188015,0.1000000000018941,136.09999873574043,0.10000000000350612
fluorescent,0.10000291967162099,0.10000952857633548,0.10001239794458543,0.10000228762440563,136.09995015957952,0.10000136736633897,0.1000027700380492,0.1000076098720122,0.10000243629075749,0.10000852302138817
resistance,2.679763535242627,0.10001019621399429,13.146819016210825,15.184443062184378,35.744977875794795,0.10000324895210548,0.8930584120783788,65.38330549453106,3.6675782362254394,0.10004092252021037
0016310,0.10000098725360206,135.0999534923322,0.10000228003624267,0.10000152755980313,0.10000636051127909,0.10000236774189455,0.10000473339297317,0.10000394849874687,0.10002137817944069,0.10000292447901409
peroxisomal,0.10000000003584854,0.10000075658887982,0.10000552463048422,0.10000555127297937,0.10000496321605248,0.10000017783298659,135.09997596567547,0.10000609509763243,0.1000009286186254,0.10000003702011746
particle,0.10000269265837859,0.10000359483632701,69.53691757082672,0.10001401120668316,51.946419173900885,0.10000383909440208,9.581265944011623,0.10004139446925103,0.10000249623963953,4.335329282722682
mating,0.10004511002976892,132.28263998648404,0.10001029843054637,2.9145586485395167,0.10269127317681764,0.10002767409291483,0.10000179723492575,0.10001313039292416,0.10000461383973175,0.10000746775179177
S,19.404207232546042,38.38832566726939,25.127305272793865,0.10000640650141804,18.06362935981608,12.268069352755933,6.489483116940878,9.266376984072446,0.8492520915268509,5.043344515726862
cytochrome,0.10000187812309666,0.10000027817523267,0.10000095438218427,0.10000017412984522,0.10000494668733838,0.10000713320125615,134.0999800091771,0.10000298227500196,0.10000062292704354,0.10000102091222818
0016301,0.10000100214277474,133.09995666809849,0.100002138606409,0.10000148305828241,0.100005387774778,0.10000240345922198,0.10000480481737353,0.10000144207910373,0.1000217013516582,0.100002968597749
sporulation,0.10001217307759959,15.831481205862111,0.1000213373171692,13.175772640646613,93.32315438568627,10.651884270651918,0.1000277637371162,0.10001580661845032,0.10000564954670181,0.517624766817739
0006281,0.100005348879251,126.78978804259195,4.612604978819607,0.1000267376879488,0.10000150268348247,0.10002306234281619,0.10000178648201645,0.10000042124332773,0.10000643140172936,1.8975416878457594
apparatus,0.10000048841305384,0.10000295775761711,0.10000324923587882,0.10000065079267556,14.237200229228641,0.10000155585303604,0.1000134086039334,117.96277667221132,0.10000040218256016,0.10000038570507269
0005935,0.1000032509734242,132.09996410915647,0.10000082816258807,0.10000201838935092,0.10000671158081804,0.1000062479060319,0.10000105956237096,0.10001386790904844,0.10000012310764556,0.10000178323994427
but,6.4216961965721655,0.10001870980134615,8.803925488747971,4.14264176342927,45.59217179662362,3.9125963955604783,11.9528387204871,14.393345942696403,28.55116454513256,9.129600440897141
phosphodiester,0.10000439664808608,0.10000314538304296,0.10000644718805911,0.10000424519351607,0.10000504827371255,0.10001010320104628,0.10000436448454277,0.10000032088416143,130.09994473230452,0.10001719642488317
highly,4.150149684633319,0.10002441024932142,6.526192965439959,4.901884620993287,18.196323357151723,0.10002131032204518,77.4989956581798,6.584623562922372,12.841754572998042,0.10002985705706462
copper,0.10000531667791528,2.1509236296938288,0.10001209835230072,0.10002882496784476,0.10002760539741427,0.10000125757467755,4.9192413037692235,123.2297492362333,0.10001072711814742,0.10000000017924823
both,18.73654536595778,4.7515164797180764,28.33988239084215,7.878564289101917,11.449695985687637,8.195700014598602,17.32187292144966,7.161604695597739,10.756498937206926,16.40811891978574
heat,0.10000242548781497,22.865849929644543,73.37642275810846,9.079230383098665,23.078458072079147,0.10000765716020857,0.10001246982856625,0.10000836600020147,0.10000202656607225,0.10000591199778713
tip,0.10287589908120749,127.09707366433626,0.10000395500570845,0.10001017621903936,0.10001369777346542,0.10000493264270305,0.10000100160406646,0.1000122838377147,0.10000298081926048,0.1000014086641464
pattern,0.10000213358032041,44.49907136298743,9.542875467152129,0.10002321984680061,42.1033557939784,0.10001743391503143,11.751556601156347,15.673553492262831,0.5895285602447442,2.540015934829642
cluster,0.10000392077024615,0.10002232057540908,0.10001103375617248,35.89494012744977,0.10000356792388147,1.1714620711863486,88.13507647345432,1.1984600174141267,0.1000155602890731,0.10000490714485012
NADP,0.10000126055949747,0.100005598073623,10.986615742562234,0.10000021741593802,0.10002574201496632,0.10000060130967389,96.47225450694519,0.10000045417464194,17.84109448074683,0.10000139617883949
0003729,16.587471935995502,1.46680091469077,25.220699350134932,0.10001535726063639,0.10000954342601985,26.717132641157463,4.231177945740628,0.10000848011938299,17.987219182182432,32.48946464924814
levels,0.10002442481979638,3.861122846115096,0.10013877870201023,12.363857706243103,44.45502523309882,4.466294995613356,11.256259855473255,33.60770924530973,8.22997410273715,6.559592811835667
electron,0.10000017249584273,0.1000011518621036,0.10000041949531649,0.10000072267987604,0.1000101589801236,0.10000231572403727,124.09997984772026,0.10000476153174652,0.1000002919155579,0.10000015758486608
isomerase,0.10000080539550132,0.1000064200465495,0.10000804690818382,0.10000435945243805,0.10002188096611815,0.10000561908321248,35.04764100831334,0.10000093172481093,88.15230591921303,0.10000500887522289
receptor,0.10001152335762167,32.61538540509962,8.936382999070375,0.10000221376121401,0.6953780287705444,0.10000532783334977,26.53589965409282,54.7169273288624,0.10000026933764304,0.10000724978215507
aminoacylation,0.10000953460005417,0.10000110344783891,0.1000005397784941,0.10000038366748125,0.10000077961625109,0.10000122382927713,0.1000085383875573,0.10000000002741612,123.09997788299547,0.10000001364005699
regulatory,0.10001048530652475,17.102557999067812,54.976871073519746,41.02855844475344,9.291722010535377,0.10000912911787871,0.10022126411476998,0.10001478891101973,0.10000325929223652,0.10003154534425109
Component,0.10001730593268951,9.336382656620858,8.333992325146141,1.5594847530841984,2.2899195729151858,44.35393208472315,17.002980343461957,13.49810982928274,0.10001195646363016,26.42516917232049
other,0.1586615338606636,11.710707528262734,11.348853209690905,15.580696983222373,37.878171494369674,12.973572072662227,14.207895636956941,12.273340727280928,0.5526985569562396,6.315402256684839
group,0.10000426365943413,23.795332164145655,0.35660135691459416,0.10003196070114423,3.3452437019813264,3.5716806039101723,78.04587012684517,0.10000367181364747,13.48506896673597,0.10016318323811764
0008233,0.1000010839588078,0.10000182480838392,84.02058702553232,0.10000303691392069,0.10000748894829482,0.10000144059098397,0.10000647451151613,0.10000430919625078,37.17937831576628,0.10000899975564542
0006508,0.10000101152679951,0.10996158899339911,101.38053230658582,0.10000544351689797,0.10000825313978992,0.10000482655969439,2.8020540876529894,0.10000585001904805,17.1074170412309,0.10000959074781579
folding,0.10000528147162849,0.1000096210573763,60.283096213789165,0.10000850269595656,13.1794552622874,14.88260865629188,32.05465071757363,0.10000734181457309,0.10015489428571436,0.10000350870307986
processome,0.10000463922777458,0.10000005461868368,0.10000025665151004,0.10000047027161488,0.10000000540537898,0.1000016350628071,0.1000000572703705,0.10000000515935749,0.10000007928480431,120.09999279704333
0005794,0.1000004060040888,0.10000270676758286,0.10000341878946697,0.10000063258751375,12.039447924667908,0.10000139546228903,0.10000197862351015,106.16054065660694,0.10000044993855048,0.10000043053854156
functions,0.10001407508043507,22.461068406624175,24.01294973862145,0.10002258930063378,12.915741649349195,20.336882776003115,18.2156649067723,19.250793512665723,1.506843408746244,0.10001893678779869
type,0.10001705870394324,42.44112876644436,1.2411888063383811,37.28468823397178,5.552172513890638,13.792164981426206,6.869413415979908,10.519214827724806,0.10000866809825038,0.1000027273790708
stimulus,0.1000061667677509,96.26620514018875,3.716515457125848,17.28877181493911,0.10000284518022536,0.10001921536091023,0.10000180724527717,0.10000092062023443,0.10000503467542972,0.12847159787433154
protease,0.10000050808102094,0.10001577074589259,73.88783494752096,0.10000123169844265,0.10001159676858337,0.10000203795404855,0.10780507657589947,0.10001054028296744,0.10002162672572783,42.30429666362299
0045944,0.10000022457393822,0.10000425525088624,0.10000227424625231,116.09997445403883,0.10000726970136943,0.10000456013344498,0.10000182802854664,0.10000097392577786,0.10000190664843002,0.10000225344302253
90S,0.10001669325921624,0.10000009738105547,0.10000176926496193,0.10000024719609484,0.10000010802521721,0.10000102375157638,0.10000002796552147,0.10000021739247714,0.10000056093229333,116.0999792548251
proximal,0.10000002133763916,0.10000711025585556,0.10000048581589976,113.09625861282521,1.1037277086896597,0.10000212877216365,0.10000023747572649,0.10000344265076774,0.10000016571307709,0.10000008644742088
coupled,0.10000236094892571,11.886332635950192,99.8206601011751,0.10000005306455402,0.10000066187057591,0.10000020055788815,0.10000684093426235,2.5929962599795466,0.1000008632599277,0.10000002223958837
ribonuclease,0.10000648581345756,0.10000010146095312,0.10000993226195563,0.10000300340939464,0.10000037489010215,0.10000872723429897,0.10000121675463366,0.1000005104175488,114.09995175266077,0.10001789508398101
0006974,0.10000614571558189,97.88934276319927,4.052739619682404,11.285564396625734,0.10000307701499457,0.10002124998761211,0.10000177933142379,0.10000074768616239,0.10000520750814709,0.1723150132261137
0004674,0.10000034878346242,113.0999915965725,0.10000035887105523,0.10000093622197583,0.10000079313724024,0.10000244263095101,0.10000057678551061,0.10000181862168542,0.10000004248405246,0.10000108588438118
sterol,0.10000013396092865,5.074388941168172,0.10000264263702356,6.270655920994763,101.954565216546,0.10000000006308102,0.10000557326699246,0.10037957817075792,0.10000185850104158,0.1000001346692554
phosphorylated,6.192342992579568,23.082243172125853,13.207490433876494,2.1323927263032445,0.10003641486192873,8.671628117838189,56.72227917152343,2.6915580881636427,0.10002299445367209,0.10000588822468685
putative,3.086808505152782,10.38880601419948,15.778752655363336,9.663027486260335,31.42749245905501,6.795561657197153,8.07504166504035,15.787383755671089,3.8720580877825173,8.125067714223327
no,111.96708201643878,0.10000049492757701,0.10000484719845766,0.1000000097152599,0.10000285419110648,0.10000621041523812,0.10000330657667973,0.10000033620220673,0.10001416150652825,0.23288576281593593
0043565,0.10000207625129814,0.10000284183213928,0.10000329695145072,111.0999850942003,0.10000043502556494,0.10000361973307026,0.10000083753226058,0.10000037185916,0.10000031592594763,0.10000111068137599
dephosphorylation,0.10000144757110095,29.014452880886616,66.55503336831414,0.10001438854544731,14.730461492072275,0.10000610887608624,0.10000430739889953,0.10000960122891459,0.10001469119227767,0.10000171388716593
segregation,0.10000039316461451,0.10349941992664012,0.10000310259673352,0.1000049102864877,0.10000098462077844,109.09647024977306,0.10001628533848952,0.10000280987014622,0.10000061606486836,0.10000122834565706
c,0.10000083660760452,0.10000007737135638,0.10000083040250186,0.10000020792418907,0.10000028828091373,0.10000226650698289,107.09999227708963,0.1000020446714665,0.10000025782707711,0.10000091331069647
0051301,0.10000122233461596,47.296028713338586,0.10001462898666148,0.10000369375963471,0.10000385849388894,59.90393890042807,0.10000137095864739,0.10000292517873632,0.10000076183826971,0.10000392466834722
localized,2.3402114702720582,15.293800422067916,5.647726534004256,7.691868098552513,22.695033339687157,0.10002756778033436,33.95678005524724,16.317654474009426,0.10001494674303185,3.856883091584038
one,0.10000800217574786,11.581948642983061,9.781486599655398,0.1893191702394727,11.545506322880554,0.10003027934676689,10.65122554533072,0.1000168895678146,17.665433063921657,44.28502548385159
form,0.1000199898735036,15.961349758613219,8.964723379539743,13.976194648128596,9.499828959236897,10.433171546218217,16.067185814451914,13.735844549636631,17.07131510639497,0.1903662478549088
late,0.10001991085296509,16.70443922173438,2.46109737915887,0.10000564671412096,0.10004159539864625,0.10001962913191896,5.7959896733264085,80.43825568308505,0.1000310206551006,0.10010023988503622
unfolded,0.10000793559383336,0.10000863279362601,44.69373140116848,0.10007467127266813,46.164315815495314,2.0505409275209026,11.491289623984702,0.10000968273519635,0.10000094272111484,0.10002036667445043
specific,0.10003043195340747,11.914917182223707,5.181757013312757,43.469684637659135,4.94570130987648,9.688881369982242,6.432052407481629,8.00438180310676,5.792563276269916,9.470030568078956
transition,0.10001209714582628,71.22060830922679,7.5157798981929735,21.78180614348492,0.10000215750048984,2.881765543852567,0.10000978182392509,0.10000137599096362,0.1000005167248852,0.10001417602883933
spore,0.1000094430947311,0.10002284813102855,0.10001649110420717,6.964628436346233,79.90299970862537,16.427838472178802,0.10000675852089766,0.10000359257802682,0.10000439360982932,0.10446985578198188
identical,0.22247409341770202,24.150677157709126,5.247868450789836,0.10003310297897307,16.519157342509978,29.97157085753875,0.10001598660349079,12.321074727085435,12.087795854534017,3.2793324267842574
its,4.766356749059983,29.21851387397067,13.408393416281092,13.395593888463274,1.017175813152379,10.113051797193263,10.471452435141844,13.05090538036934,2.3554368216331287,6.20311982467975
complete,0.10000439708994446,0.10028109723373747,0.10001305375685346,4.4708320288539145,0.10000565866164532,75.97664573484128,4.529214607945322,18.395739361936474,0.12724370474116292,0.1000203549040272
mutation,22.437324736801497,7.488718456361864,0.10002114172368079,5.000768063137712,16.600040819107676,4.05561855602684,15.615032024740728,18.728576154220118,6.750257142353877,6.223642905473089
40S,75.60044518897756,0.10000210163463905,0.10000373436008081,0.10000003787381367,0.10000008414848743,0.10000028655373508,0.10000006377297557,0.10000022443875366,0.10000102202142004,26.599547256209497
inhibitor,0.10001774790456908,90.32772413649262,10.872201146318474,0.10000719413760555,0.10000646181770727,0.10001120208107442,0.10000729660848126,0.10001450597753064,0.10000467667786432,0.10000563195964553
under,0.10084571528822033,8.940172888921788,7.688683511701411,17.33075026328702,28.942593443630006,0.10001087675792547,16.65237308913287,22.04452969446413,0.10002019193454319,0.10002032483397584
0016887,0.10000755625047586,0.1000066007601152,101.0999450616429,0.10000248155775422,0.10000106351276196,0.10000938336772354,0.10000739086130633,0.10001488071403937,0.10000086607769568,0.10000471524027184
0005758,0.10000007537058318,0.10000361555847076,0.10000980574011134,0.10000269237362357,0.10000187398537622,0.10000018036660882,101.09997203507793,0.10000449667293619,0.1000045663571999,0.10000065848549543
substrate,0.1000071632459162,37.566091182332954,12.727434600222917,3.2918976788344083,22.78492483082452,5.185108356600699,3.6112592663247707,10.005517669390107,6.627749806770599,0.10000944540372364
2,11.451256505174719,7.572767277868941,7.5667281575671765,0.10003144664912836,15.055581269618473,21.73256833746279,29.743458778324808,7.450573061270625,0.22702543425797256,0.10000973175482984
subunits,10.327364079499151,2.018856371618142,41.576607680881736,0.32569726818136935,0.10002073731868337,12.8455753862455,10.06444927334959,0.1000116392616532,0.10000653824077065,23.54141102536147
mutants,0.10005984573239954,18.100861223244312,1.1006016393833318,0.10002155271332674,37.464825384813096,10.847313359600568,14.833615977281102,6.276180592937074,10.28065517182366,0.895865252417463
0005773,0.10000044738983574,0.10000583461458833,0.10000955917191964,0.10000170930124025,0.10002098242012696,0.10000078215404663,0.1000033333340215,99.0999551415573,0.10000192714533138,0.1000002828965352
endopeptidase,0.10000005254908556,0.10000918262584392,82.81388193246512,0.1000008492675718,0.10000791319307312,0.10000131983570762,0.1000030590503319,0.10000488293423182,16.386081708019486,0.10000910004153873
0000329,0.10000525657931884,0.100006669608649,0.10001029517778358,0.10000047332570448,2.035810211398214,0.10000274086448939,0.10001921985352151,96.16414475077639,0.10000013482961156,0.10000024756703088
relocalizes,0.10035632695386398,32.708200254947926,21.71329308762725,20.16303831638165,2.9434210954002253,1.1902152533807553,0.10002882715193674,8.652318213253748,1.621897089613004,9.807231535236758
nucleartranscribed,0.10001197986617028,2.227978501143019,94.97182078971053,0.10007259600427706,0.10000046470190528,0.10009922753635078,0.10000052369295495,0.10000458397350111,0.10000242067177513,0.10000891267791355
0005525,7.0599918074797285,0.10008431961185876,16.228732025115175,0.10000340278567205,0.10000691512320074,20.739158689779146,0.10002643632992436,43.22433845704513,3.9400502016769416,6.407607744994421
1,10.358461297168107,41.017912928094134,13.770962271601256,0.10002907245947971,4.847588015362284,17.798795313929112,4.4855997128063985,5.420612181840302,0.10002000869581378,0.10001919799220266
glycosyl,0.10000446054992072,0.10001507387260587,0.10008752355900707,0.10000019088950717,78.39700623706682,0.1000008735578192,0.14590887448300577,0.10000163342254534,17.7569727810406,0.1000023515362602
sister,0.10000023978431682,0.37638037790832224,0.10000736192627371,0.10000770493414114,0.10000070087949169,95.81762276274023,0.10000019120195884,0.10000023608828554,0.10000096611673893,0.10597945840962505
two,7.482190837224397,12.082473685119561,16.810059963871865,8.296962532602455,17.75676210797842,8.500627310768243,3.692804450168016,5.906078674309942,13.45219017915373,3.0198502587478595
prerRNA,22.04958257201347,0.10000141364895791,0.10000315076498369,0.10000240262252323,0.10000024739582648,0.10000162077180672,0.10000003197199102,0.10000008241858245,0.10000376594799192,74.15040471243405
A,0.10002193478692327,17.794661139217578,7.29250338591375,0.10002569569379983,12.697026349745546,9.030598840954541,46.58646873603017,3.025573617449102,0.2730921873131761,0.10002811284445835
conditions,0.10033506459269251,5.196107471756528,8.884557710162888,15.771563265792834,41.01552287119775,0.10000539320908416,11.88330811604966,12.617557078137418,0.33102347899249696,0.10001955005873188
meiosis,0.10000029113676824,18.260014819697492,0.10001784034682051,34.15746690343739,0.10000597145075868,42.856722023400316,0.10001256418788983,0.12573816587249703,0.10001721833612584,0.10000420210302069
doublestrand,0.10000048502598405,83.38526098259125,10.470651289464133,0.3877305316275267,0.10000007244677775,0.10003691580398048,0.10000046860240112,0.10000180169744652,0.10000489473769729,1.156312557979947
filament,35.77973862410226,58.42021300922411,0.10000171818924704,0.1000006936732763,0.10000082245203268,0.10003529270042376,0.10000092821094225,0.10000532143943076,0.10000160173235792,0.10000198825888584
detected,0.10000210098496316,1.842885433131992,0.10000755990729662,0.1000306257020071,1.910442455058464,0.10000127693365528,88.33518669549419,0.10000929581269666,1.4959887755107864,0.9154457814223471
purine,0.1000272541572529,0.10002435932813517,2.874276022465235,3.6927804099494925,0.1000825298943109,0.10000446082115855,0.10000570824055473,4.151323648660207,83.6814755337281,0.10000007271944414
0032543,0.10026271642929674,0.10000000022235615,0.10000182748382334,0.10000005972068704,0.1000029172032374,89.19547132577445,0.10008180233942161,0.10000094318675518,5.00417549655125,0.10000291102239464
pyruvate,0.1000001025431598,0.1004077783809606,0.10000429687512953,0.100001145859441,0.10000659067620567,0.1000000000856489,67.21198517054601,0.8838613428018907,25.203733572118438,0.10000000009123641
preinitiation,33.752465868035685,0.10000617982091023,0.10034233642508164,0.10005587412953264,0.10000063514402315,59.447120080127526,0.10000220860215467,0.10000006778203334,0.10000068154190886,0.10000606836964138
0030686,0.1000202232601862,0.10000005574046851,0.10000089536082127,0.10000026378158418,0.10000007687754991,0.10000125354714202,0.10000002630919648,0.10000017412660454,0.10000062816034622,93.09997640282933
3,36.81286460813057,16.89273497849053,8.630519881071274,1.9896395024057767,9.325334139542868,17.11425551969918,0.10004422128122886,2.846754755464331,0.18783220104922493,0.10002019281463233
phase,0.10000327247661613,53.59031686807452,7.672816493945083,4.250380086679504,23.392875011209025,0.10002002646520487,0.10002150860298399,0.10235089329723002,4.591202936134386,0.10001290307323535
metabolism,0.1000013274592518,11.187909525132563,4.822689811690111,6.536739707837752,42.912555605964194,0.10001504798612613,15.177145032405079,4.596036524625368,8.466883328184942,0.10002408866690245
nontraceable,66.56800893251345,0.979027127137841,0.10001732530707992,0.10000844052677375,0.10001957706010917,1.2782155821564436,0.10001105216380206,4.173354032223421,10.425397069093787,10.175940861772165
septin,0.10000022390144349,93.09997422184058,0.10000288439769671,0.10000024571273154,0.10000296218503585,0.10001448138214544,0.10000020030047538,0.10000208969178308,0.10000026752219295,0.10000242305632069
0022625,92.0999938213424,0.10000040263639126,0.10000237958808919,0.10000022455952254,0.10000000835232911,0.10000014118169326,0.10000000001158206,0.10000014671448611,0.10000000001196652,0.10000287559639165
mature,0.10001967562031491,0.10000443660508991,4.495238265469751,0.10000533494853205,0.10000690956253652,0.10000801326278273,0.24746942818284964,0.10000562844129052,0.1000087973119735,87.5572335105725
chromatid,0.10000024849764097,0.10001257266742597,0.10000707396161317,0.10000800999660633,0.100000729098272,92.08888218492115,0.10000019804329292,0.10000024455565773,0.10000067835684073,0.111088059891877
acceptor,0.1000020709508467,17.315854851273112,1.9487356475346103,0.10000862504838008,1.275815954698353,0.10000405804703692,64.41650039429354,0.10000379359388878,7.543063311807098,0.10001129272445948
conjugation,0.10002745455998581,65.59653147465225,0.10003021870761226,0.10001901819346966,12.29796628887204,14.405396746199433,0.10000251279284585,0.10001592396415158,0.1000032459927861,0.10000711603405579
phospholipid,0.10000211825257596,0.1000345692503787,0.10000642289965603,0.10014431214007743,56.36509073825444,0.1000057904666273,7.524758890792083,27.255551728009465,0.2544052618115013,0.10000016807085597
mediated,0.10000457243537535,63.20646821683709,0.10002132444734549,0.10001107515912595,0.10001695556795248,0.10001423555656822,0.1488063613395914,27.944528046246898,0.10012256261207002,0.10000664976526782
0006629,0.10000004408818593,0.10000613897542894,0.1000038056537693,0.10000073765624855,55.24416830427144,0.10000097722655613,35.95580846249203,0.10000394773655143,0.10000747916690729,0.10000010271597302
glycogen,0.10000147547961012,89.84923906716051,1.3021097870405791,0.10000331600911984,0.10002928442901707,0.10000256939529156,0.1000117015533724,0.10000212584665491,0.1486004442637115,0.1000002288005883
encoded,0.10008684712956253,0.10002000358998821,2.662197946018081,0.10000378121227242,37.53240839245228,0.10002009695687494,14.566923384354258,5.448120976479678,31.2902176950524,0.10000087671300492
0007126,0.10000281102396551,10.673926630932742,0.10001317620133846,0.27689389647678675,0.2242803736511783,80.22487342016842,0.10000186064059935,0.10000480305366806,0.10000107165785349,0.10000195617546033
0006950,0.10000442167696152,9.672598102381505,38.849720786113984,0.10001088982723863,42.33711481495668,0.10000354528718473,0.10004456903646296,0.10001320692397354,0.540486022097791,0.1000036416684718
0016192,0.10000274333895834,0.10000788040979829,0.10000213344037677,0.10000010207394282,0.10019964075033218,0.10000132358690099,0.10000111677232584,90.0997830973278,0.10000006900303013,0.10000189328467068
lyase,0.10000017477997993,0.10000951980741701,0.10000470620917846,0.10000414307623068,0.10001054420248154,0.10000194289067145,26.706884706760263,0.10000083948498717,63.4930826268794,0.10000079589059593
0016874,0.10000551104410248,0.10001368717342632,14.87880112825158,0.10000162036262188,0.10000677422025521,0.10000458458853406,0.10001269388753199,0.10000360742771569,75.32114914251687,0.10000125050710769
phosphoruscontaining,0.10000543190389855,85.91541148172644,4.284490664244458,0.10001134516469977,0.10000454182741692,0.10000617615151816,0.1000076214630428,0.10000167064575764,0.10001237734592154,0.10004868950101228
0005741,0.1000006197465022,0.10000343886039033,0.1000062302702074,0.10000048832808271,2.722728978181179,0.1000066450573262,86.47723813590827,0.10000644013204806,0.10000766300766555,0.10000136049021152
deletion,13.922287047156644,10.713952899036554,13.511015684681563,0.1000172130524995,23.475263052077477,0.10002687064356267,0.3347538189844804,9.59855948249397,0.10000696820102083,18.14411696362555
budding,0.10000577196001288,75.54714902235636,0.10001595943102613,0.10003054960077344,5.101283091620966,4.1682264583609285,0.10001418579185613,3.2567596291529965,0.10000042622031058,1.4265149054648592
compound,0.1000016758429154,15.309326751012833,0.11541523747735853,0.9188312660414186,0.10002165775884132,0.10001265327121388,0.30329515166583154,9.480757326602298,63.47232486344431,0.1000134168440273
mitosis,0.10000046995553001,55.890379539372795,0.1000135452494257,0.10071445266289566,0.10000916151692567,32.308871029812224,0.10000091560459866,0.10000564975205795,0.10000234460839466,0.10000289144506297
cortical,63.37565572573298,14.0992166288725,0.10000179013756416,0.10000069701308703,6.199189392235596,0.10003629341813693,0.10000634362957768,4.725887102572802,0.10000362262326518,0.10000240373292842
extracellular,0.10000079685493264,0.10000981202156126,0.10001015589104095,1.1221435973547076,87.06125336043128,0.10000051761206609,0.11654784926565054,0.10002619056026235,0.1000043060422569,0.10000341394054157
proton,0.10000000004843448,0.10000000003478153,77.15604703976504,0.1000001014260241,0.10000021506463999,0.10000002345541247,0.4225149940162073,9.72143762607839,0.10000000003331815,0.10000000006003987
eukaryotic,83.63042798220933,0.1000121565195031,0.10000833701524776,0.1000104302727533,0.10001758615290107,0.10002410672732853,3.152576377184107,0.10002454945952668,0.10000047222555401,0.5168980022029063
glycosylation,0.1000000093107391,0.10000054845536749,0.10000179931218421,0.10000004923995823,87.09998269766764,0.10000166982716864,0.10000034820048233,0.10001176109767432,0.10000102322051795,0.10000009365884925
ubiquitination,0.10000880026816877,0.10146469700357306,78.4560448940989,0.9713043991510557,0.10000574377252812,4.184000881498663,0.1000002241784633,3.7871501326587085,0.10000038878207569,0.10001983855609567
activation,0.1000113212607344,38.51906101238817,11.98841515004994,29.51012142712767,0.10016242556878596,3.999084730265145,0.10001800306588153,0.10011492492495859,3.482998627199178,0.10001237810733966
0030687,68.05887167936258,0.10000108950757301,19.140955658136033,0.10000074626040194,0.1000007953266055,0.10000324843219767,0.10000005675604716,0.10000253278191043,0.10000833155353815,0.10015586185344823
termination,22.655779612924135,5.234238566579862,1.5478842854924186,55.994396131220526,0.1000095285559613,2.067645376344279,0.10000926548047412,0.1000063534200655,0.10000959943536672,0.10002128051357762
suppressor,1.513608317433261,16.698674346859857,16.942646822540866,10.745031271278757,7.007957607345347,6.502172427484013,2.978047617661905,22.26479210460729,0.1000136387280478,2.2470558460085317
RNase,0.10000218056518059,0.1000001179627866,29.092827075624488,0.10000193780479127,0.10000038947254485,0.10000825223114712,0.10000077071255976,0.1000002387517323,57.10711468965873,0.10004434719754182
donors,0.10000099972442429,0.10000187261616018,0.13379299240221687,0.1000020900154762,0.10000575181331979,0.10000062838047498,84.3904023593679,0.10000039296186054,1.7757924845281894,0.10000042817761064
break,0.10000044861209874,73.16440502220831,10.829543819917628,0.10003189406019967,0.10000008337840204,0.10003731389327929,0.10000051770880698,0.10000174073221975,0.10000516515764524,1.3059739943079267
0005576,0.1000008129745546,0.10000997426508816,0.10001008141016081,0.10000100380194431,85.09989687865493,0.10000052805793265,0.10007503329139951,0.10000327660678239,0.10000186569727919,0.10000054522758013
0003924,25.634166563540273,0.10003420663938245,2.211574976278572,0.10000107934771339,0.10000319502853446,10.15241876983365,0.10000949445351755,46.77854008254645,0.10000384928116332,0.7232477830178687
Cdc28p,0.10000226176627422,53.309102923862916,0.10001096616182753,0.10003463644253666,9.99305402473149,3.3604163857799425,16.442439608715496,2.3949017928724072,0.10003597219182876,0.10000142743102175
cells,0.30755706094371577,16.12801820986293,10.375056637133229,8.09817080971168,21.019707309573757,4.775121664657294,9.37063857523815,10.654737633238284,5.170953106837194,0.10003899275241071
associated,0.1000217345848221,4.069802768749296,4.5814942163425885,1.172655411283062,3.6956381586497287,20.633890506009664,24.162385494471426,14.098296045446052,1.2270523319582742,12.258763332449568
associates,34.056274027099406,10.460866471343207,13.151594113618033,7.92936991148004,0.10002423602465754,7.5581328136016985,6.426151724849341,0.10005020785342753,0.10000447870924832,5.11753201536914
nitrogen,0.1000039466852604,3.3384742697575063,6.4708624540979915,23.440944786983255,0.10002396391608018,0.10000321138612395,7.864103930387478,20.444639355047,23.04094384427329,0.10000023742301273
snRNA,0.10000046441665293,0.10000048651119545,12.702592609761837,0.10000872419874669,21.917654418024252,23.46779175636558,0.10000059124112275,0.1000004341169566,0.1000115477492026,25.311938967588976
complexes,0.10028190537526648,16.34146200002585,19.517342668835894,0.10004288957305,0.100003367220202,20.796936016257376,0.10742297795165535,16.060926725898664,0.10001838549390012,10.775563063325118
decay,0.10001340877003263,0.10000438801737702,82.70452446865067,0.10001334373497266,0.10000364426272657,0.49542146256613073,0.1000006917842553,0.1000072977932221,0.10000376975533805,0.1000075246486782
heme,0.10001501427770007,0.10000065901236209,0.10000498243868246,1.1073320868541203,0.10000950010623728,0.10000743152229755,82.09261321726221,0.10000529736392798,0.10001181104221894,0.10000000009670444
IV,0.10000285193685834,0.10002109305451311,0.10000745717885602,5.1789899907809716,0.10000030631598307,5.640006085568795,69.26617906381568,3.314770119656308,0.1000189035752792,0.1000041280834664
selection,1.1783601410768056,74.92938141588095,0.10000354214434258,3.8762569758766947,0.10000292112574115,1.338577181117969,0.1000000000491131,0.10001234982436093,0.1000021183908136,1.1774033544813896
smallsubunit,0.10000670302848359,0.10000006870512146,0.10000018433679923,0.10000033902641635,0.1000000072348499,0.1000022506857392,0.10000005633370297,0.1000000037835693,0.10000008833977915,82.09999029852077
endonuclease,0.10000313914383684,1.4712304522331956,7.418938515586473,0.10000650726176871,0.10000266582424625,0.10001762026765044,0.10001649812952591,0.10000112031038315,73.40975980346681,0.100023677745723
guanylnucleotide,24.387993481573737,12.97828306396888,0.10000125466832525,0.10000317384319253,0.100001392943832,0.10000260495287594,0.10000000002924157,44.93371223806974,0.10000094813098478,0.1000018418007384
identified,10.681136691900605,2.831200864606863,0.10001125960718299,0.10000868815666264,63.77247660129142,0.10002862520499642,2.5463588998557576,2.668736202262504,0.10002105843735616,0.10002110863166924
methionine,0.10000163880869618,0.10000612768720815,0.1000100973426604,0.10001380917121849,0.10000267104537991,0.10000175931937323,0.10001634467795754,0.9325488757458277,81.26739700754055,0.1000016686413728
establishment,0.10000384515285618,46.050079106654394,0.10001298886877003,1.2699891121243656,0.10000763335654107,26.828281354284904,0.1000010131971497,7.251613972821049,0.10000024855647821,0.10001072495455
mediates,0.1000037378326282,5.694053753000742,17.0960643809699,5.141045377468008,8.486822856415108,1.946884182462013,8.174958826145765,30.746294566039435,0.10001245802611307,4.5138598615929
0016772,0.10000028278966167,81.09997659567189,0.10000032655935681,0.10000219140197894,0.1000048015816971,0.1000029229954531,0.10000685080548305,0.10000176857354166,0.10000078330371091,0.10000347630713628
0005856,8.953668884067525,14.98563424479997,0.10000458165582869,0.10000177768576522,0.10000283858649053,57.360675832727296,0.10000108065527799,0.10000657568623307,0.10000211382874412,0.10000207028902751
NADPH,0.10000078423597182,0.10000072346375617,0.10000629020151827,0.10000144121876406,0.10000687782004372,0.10000028893391982,81.09997348326901,0.100003235894006,0.10000687490385309,0.10000000004760455
0006457,0.10000479866988363,0.1000118609532546,43.54979620952428,0.10000987480760276,9.838569557042995,6.599303519414541,21.22330054630644,0.1000087497853067,0.2889894484648734,0.10000543499867096
ironsulfur,0.10000443714858334,0.10001223223322402,0.11445031801141661,6.286143568856659,0.10000073621945657,0.1000071196607961,73.89933434347665,0.10001956641863445,0.10001422146227354,0.1000134564882506
chaperone,0.10000398709247568,0.10004285133931834,43.246333331285385,0.10000609212176334,1.5837723620734805,2.9823858909080063,18.34707741221829,14.340366815263542,0.10000240566189168,0.10000885200002094
drug,0.10000892327794422,0.1000034606540475,3.5533366844191736,0.10009221563887113,6.260912664059043,0.10000312336589177,0.10786795866056446,66.89643955495646,3.6813294331958337,0.10000598172438492
0005777,0.10000041415621184,0.1000014214850879,0.10001864060962412,0.1000104809937976,0.10000429367084442,0.10000950487973398,80.09994201479947,0.10000448088283884,0.10000733274799978,0.10000141575794082
Rho,0.10000294746822305,80.09999224134219,0.1000000629214647,0.10000011343061928,0.1000005678397791,0.10000041399384275,0.1000000000120927,0.10000365294955436,0.10000000001249258,0.10000000002251254
ribosomes,72.16780259367798,0.10000998700965462,0.13975601495498988,0.10000421839923107,4.85061515436307,0.10229346367102775,2.2394876289574848,0.1000107824533212,0.10000311274072841,0.10001704374164634
cyclindependent,0.10000000002840452,78.02094500279142,0.10000104917880806,0.10000622170716901,0.1000003381724872,1.1790471548396022,0.10000000001892395,0.1000002159043441,0.1000000173110956,0.1000000000352476
ring,0.10000889659224939,70.77954279626766,7.077949960582509,0.10000486469748421,0.10000901699340158,0.10002005258213173,1.4424296566484927,0.10002214076404607,0.10000231299679799,0.10001030184256345
0005774,0.10000122360240278,0.10000517755439207,0.10000331191477238,0.10000079936330089,0.10001604680438439,0.1000042097946705,0.10000529391946276,79.09996377954309,0.10000001878318342,0.10000013870718065
disulfide,0.10976935460527122,0.10001781998026965,0.26471952559938494,0.10004000043860539,1.4654477457684651,0.10000000013462593,77.34213840424624,0.31786606166275155,0.100001087388016,0.1000000001432105
0004386,0.10000524658678772,0.1000146151589693,0.10002505172240207,0.10002913731976855,0.10000114413425201,0.10001431133839714,0.10000235656774815,0.10000021410018561,79.09987729297265,0.10003063007379899
glutathione,0.10000125230984035,0.10000122738391218,0.10002070053691642,0.10000107055432006,61.372255830317435,0.1000003759621391,0.10003323584526962,16.827671094619323,0.10001521231189904,0.10000000013246191
resulting,0.10286976626208848,2.851393441797828,0.41253999357004123,7.1271595699531325,47.29429687488297,19.69917829068756,0.10022109500895111,1.2114456664276043,0.10002242994252722,0.10087287142278643
acetyltransferase,0.10000227529384471,0.10002455885101157,0.10001342034788528,0.10002258153843503,0.10002312189576146,0.1000171964526775,13.48397943498102,0.10000704705056045,0.10765261044679295,64.70825775310828
ascospore,0.10000915751595688,10.154308279287925,9.28267236669935,0.10001253101393057,58.79561294363301,0.10004176053440247,0.1673109005226578,0.10001563110103959,0.10001241774698273,0.10000401190910176
DNAdependent,0.10000114471737388,18.623222138043076,5.885013984961471,21.691893409548328,0.10000012478108086,0.10002692420265318,0.10000068785833131,0.10000000003859215,26.332030743393354,5.967810842426532
peptide,0.10000317819289149,0.10000260000252813,48.36019699659405,0.10001019556514029,8.58659922089896,0.10000088789128164,0.1000096970114653,6.294871300977275,15.15829746255055,0.10000846028564095
related,0.11975327812735143,17.331870206157763,3.1769897754512737,0.1000191865212144,21.706148797504596,3.9060758532547006,9.894407231639676,7.51876570549325,12.661824716742716,1.584145249050449
phosphatidylinositol,0.10000177525853977,11.786585420129493,0.10001449013495219,0.10000547614227082,26.895407437957047,0.10000435335108603,0.10001073464962669,38.61796518418495,0.10000493123835998,0.10000019692786882
respiration,0.10000502219340554,0.10000114915573628,0.10000409015287887,5.106323987655537,2.6309062220864763,0.10000394771298257,69.56274279644572,0.10000320317098399,0.1000088676146254,0.10000071378809662
carrier,0.10000026527376199,0.10000051550847071,0.1000050731104511,0.10000101085569406,0.10000712386766063,0.10000095720030615,67.54658612853669,8.653398255029495,0.10000067053552865,0.10000000006680346
pheromone,0.1000014371832079,65.39571034964197,0.1000353824598775,2.494018815491342,8.410168257271947,0.10001762318580368,0.10001092555375359,0.10002697116265459,0.10000017228116669,0.10001006573225084
particles,0.10000929160977463,0.10000208431039967,38.56819702930112,0.10000221836465172,0.10010611717186549,0.10000095632700234,8.658779846519112,0.10000960191055137,0.10010896140597063,29.072783893016766
0034599,0.100006936900046,0.10002298429465208,22.7358903205853,0.10005800699413386,0.10001480513477934,0.1000115084774383,32.99352219291367,20.570461774287185,0.10000500691291335,0.10000646346044748
sorting,0.10000111851643961,0.1000165704692135,0.10002429137030616,0.10000485938459476,0.10001035923392315,0.10000534597758227,5.876653178188366,70.32328070205034,0.10000053782375143,0.10000303696212229
0006897,1.169289448525626,14.99184339920144,0.10001020844630405,0.10000014959106798,0.10001085788923088,0.10000190247910896,0.10000223329865326,60.13883942629918,0.10000002167883283,0.10000235256971551
adenine,0.10000305927853845,0.10000007365308099,0.10000460752954896,0.10001029434855384,0.10000660287180459,0.10000731745506002,29.916182995041343,1.9859063201359421,38.80051544374531,4.697363285913461
0031505,0.22313587976274865,19.976597360437196,0.10001242473392355,0.10000777572066878,54.796776289517496,0.10001507612911215,0.40341569738953387,0.10001283250515701,0.10002190168226945,0.10000476209086609
de,0.1000080448658857,0.10000474925849293,0.10002482169955203,0.10000516123031969,0.10000660986902317,0.10000380202885782,0.1000071305779605,0.10000205294872558,75.09993669464015,0.10000093286359829
remodeling,0.8672564670442185,0.10001704151499098,0.10001043207901143,61.3781917127899,4.775707663737854,8.378789626076511,0.1000081465366263,0.1000081109025193,0.10000831309013986,0.10000248619732084
mannosyltransferase,0.10000021443742244,0.1000000876408349,0.10000063412278043,0.10000002062652927,75.0999957213967,0.10000103284349372,0.10000025823090794,0.1000019516765996,0.10000000001400121,0.10000007900400484
shock,0.10000371865167951,0.10001744820975704,45.16378417899678,0.10002845856986146,23.4868788527249,0.10000446055850615,0.10098143835931671,6.642949098672363,0.10000342866202534,0.10534891656193775
0005488,4.457851741139626,5.5455260434974205,21.200825415361386,0.10000535630041049,0.1000131402047291,0.11108037658909364,12.31977662302119,22.346605930503937,0.10000556905593562,9.71830980428502
novo,0.10000804486588578,0.10000474925849293,0.10002482169955203,0.10000516123031969,0.10000660986902316,0.10000380202885782,0.1000071305779605,0.10000205294872558,75.09993669464016,0.10000093286359829
bonds,0.1000026911125332,0.10001585990286957,21.627265507113936,0.10001172156465093,37.09653764842608,0.10000211230138616,1.304176140264472,0.10000237087264915,14.371978741309274,0.10000720710383854
0022627,74.09953500291765,0.10000204601245226,0.1000017580984102,0.10000010725600546,0.10000000001232655,0.10000018133221465,0.10000000001159771,0.10000003543701454,0.10000002058618736,0.10046084832973495
ubiquitinprotein,0.10000033038959738,0.10001181736818364,74.09996184188446,0.10000333976371549,0.10000803023066596,0.10001242882570595,0.10000103144543696,0.1000008986519749,0.10000019504537852,0.10000008638326074
structure,2.2095580657854677,26.50617611211293,0.10001710508507612,1.342088054232185,0.10000541976171473,15.859906829893623,0.10000474613688676,28.58222918922876,0.10000851381581036,0.1000059639115296
autophagy,0.10000012729388671,11.566299123043152,0.10001083096360637,0.10006323222947248,0.1000127295851241,0.10002040653709611,0.10000494039101226,61.145409215940724,0.10000152012145185,1.588177873859805
0000324,0.10001089874590166,1.2145763147695408,0.1000101225020429,0.10000148661260642,37.685451114078326,0.1000011272576306,0.10031206350353815,35.3996348142528,0.10000161964201616,0.1000004386112302
along,6.704775227559514,10.541981811700307,0.10002978393505127,11.638507061956107,2.4528582413247944,15.637333224966243,5.49956210557806,9.907167214054953,6.965770180944921,5.552015147925164
projection,0.10133703782484266,74.09862449591128,0.1000026282801755,0.10000049664085177,0.1000070027119986,0.10000467649451497,0.10000023914073258,0.10001891738245174,0.10000366282359255,0.10000084277588787
network,0.10000633254009393,7.81352639065555,5.134615890878909,0.10001657608379166,12.818602641644624,9.820095533395346,0.10000267337620444,38.91313036932925,0.10000006460855862,0.10000352745476948
purified,0.10001070657177775,0.10000336084754904,0.10002093111284485,0.10000043897198303,0.10001205478269118,0.10000059874090673,71.8569273266836,1.3430123871786468,0.10000413148852103,0.10000806359580092
subtelomeric,0.10000032765512253,0.10000056796733413,0.10000131883697667,0.10009463374900916,42.98661387205474,0.10003273154512034,0.2760086557712702,0.10001041007292362,28.987980523631737,1.149256958672871
0006366,0.10000011946062935,0.10000148788902691,0.1000011682970999,73.09999098865812,0.10000062340800608,0.10000465837181492,0.10000039887983472,0.1000000811554987,0.100000317179971,0.10000015669356523
part,7.6003840982780275,4.191005803744174,6.791507804868076,3.3750192841098587,0.1361554534517056,15.63716002620106,16.45285721731485,7.443406172227494,0.10000739750680568,12.272496742247545
telomeric,0.10031062872387553,0.10001574084465482,0.10001029150378471,0.10001624657048817,0.10000175709452368,58.02272325740213,0.10000085769169467,0.10000085553442489,0.10000679798693965,15.176913566626142
snoRNA,0.1000002452420608,0.10000076089049754,0.10003218300888451,0.1000082002593134,0.10000022969755432,1.2899291676113658,0.100000048018237,0.10000025735601809,0.10000689112041092,71.91002201678212
0005975,0.10001259847013601,17.247776332240516,2.480365282125933,3.330928223930015,40.42940130124983,0.10000387529364826,9.278773894398334,0.10000421906623681,0.8327332466466365,0.10000102654059122
overexpression,1.1276863803222799,4.071141232187362,0.10005956328350765,0.10006142865395003,53.255023104947426,0.10002244240890676,3.850158587333055,9.148218715979528,0.9302818061321925,1.3173467386899147
Cterminal,12.510009298752676,17.626397429305804,22.179953255360843,6.092580526647563,10.133179280632703,0.10001178720014813,0.15393179693345999,5.0038921269065755,0.1000152863150538,0.1000292118983157
pore,0.10000328209211058,0.10000783395319864,64.48500283415677,0.10001796599969232,2.6104990773467347,1.8189814130839448,3.484409711712062,0.10107220312378129,0.10000174350829989,0.10000393498770774
expressed,7.225767049145479,2.352708220052746,4.1780376031868895,2.2818844364924384,25.24524198087631,0.10003249553408333,16.220903372729097,2.4414209129349436,12.853999358648249,0.10000457034505571
0005768,0.10000084937407114,0.10000575361452546,0.10000880546682409,0.10000032382949818,0.10000409560337235,0.10000324485729639,0.10000813057010384,72.09996793058036,0.10000073442118364,0.10000013167033768
pseudouridine,0.10000033841877706,0.1000000000265258,0.10000000002894012,0.1000000000310311,0.10000070133525482,0.10000867925257494,0.10000282755585656,0.10000000002478084,53.91233622924367,18.287651224071094
Nterminal,0.7911351542144088,5.567803722062375,21.698865849447152,0.7590633952966033,5.022564681514948,5.418244397125606,7.321852155846411,2.701647750830768,23.61880144931389,0.10002144429511206
motif,6.202695900943972,11.637906184412437,24.30083557396007,14.834530908099305,8.171522575979605,2.4646128996197483,4.933499250854037,0.25431901504334997,0.10000523594221244,0.10007245509268929
cation,0.10000279528081414,6.113236368284148,0.10003038595354592,0.10000076457131457,0.10008042576344554,0.1000000002062799,7.987007764607806,58.1987857924154,0.10085525847477345,0.10000044439689833
3end,0.10002124513602127,0.1000004322494694,22.78554536618872,2.6029295392025817,0.10000094846320469,3.3590089214279897,0.1000208767827096,0.1000006904137416,2.0576295256589536,41.694842454443894
nucleosome,0.10000070978702498,0.1000079958267858,0.10000315906817418,3.114450656703582,0.10000156206023816,66.70252567733566,0.1000000000228475,0.10000000002302492,0.1000035659833136,1.4830066731739235
ortholog,0.5254444265792735,6.236961838312589,4.4442308213703905,0.10001804028446418,12.194846040324009,9.42127974862287,24.72525643831863,6.3996278944870575,3.4381522705621377,4.514182481083473
0032040,0.10000774821053875,0.1000000794085013,0.10000018305325704,0.1000003731842024,0.10000000836079304,0.1000015032473025,0.10000006510962976,0.10000000437185208,0.1000001021024525,71.09998993294667
mutations,10.246154102742434,12.739924436491846,0.10002792667928959,7.103699855461571,6.3173779991827725,3.186283055661581,18.431908409843295,2.927380186187159,10.847229483569604,0.10001454412725996
sulfate,0.10000024378195958,0.10000427079453744,0.10000152879689861,0.10000015304618473,0.10000334924238767,0.1000000000756448,0.10002116549444004,49.47596395338427,20.72400533528389,0.10000000008062593
recognition,0.10003022612750824,0.10001144215531838,46.13516576028671,1.4990206424712589,0.10000518083405117,11.62459018911159,8.922060131178142,0.1000057447161833,2.3190845102744384,0.10002617280579844
0008033,0.10000187506459873,0.1000007320832346,0.10000567912306813,0.10001087802759553,0.10000073335865327,0.10001365431435531,0.10000395420481711,0.10000270791230721,70.09993488978985,0.10002489610599999
0032259,0.1000061062694753,0.10001328064545391,0.10000174945035704,0.10001303861988951,0.10001943129916835,0.10001411619675878,0.10000882147904577,0.10000480178075791,34.795121792911274,35.40479686132373
0003700,0.10000007372947174,0.10000149864280435,0.10000116760634824,70.09999451196269,0.1000004311503555,0.10000126605958563,0.10000012246551115,0.10000033513766994,0.10000023736917825,0.10000035587045546
control,3.767510584281982,12.84677262390736,6.5744533298588905,13.357538846334373,14.595942491433965,0.9566382994771556,0.8474554609438395,5.139959798142661,12.813702055328992,0.10002651023487376
generate,0.10000881115362761,0.10000239124666031,2.638454920291335,0.10000142363383709,0.10001068145426707,0.1000068250694702,0.10000385384861056,0.1000116225840674,0.11097165458892423,67.55052781610941
0007067,0.10000108179503847,9.660296586052915,0.10000574460799616,0.10000374493693588,0.10000117094399087,60.53968431767043,0.10000008415396845,0.10000146817126605,0.10000040226709629,0.10000539938829629
potential,0.10003751895554658,30.319076782267842,1.4435396286507245,0.10003319588999329,21.469869763019126,5.628333284573109,0.10003525889168945,9.223198724228286,0.10001194585994673,1.5158638976096535
containing,0.11293801485920563,8.776372080908933,8.318619838549674,14.378656314271309,12.054666975097081,7.927748249408123,8.827761674736873,1.1547490147196626,0.10000491784551312,8.348482919553174
high,1.6926741510934038,6.057489944242153,0.10001546167251645,0.10003900529850128,23.313995333582344,3.477492996848631,3.7780795620544527,30.686233785019482,0.6939106680745016,0.10006909205598025
nontagged,0.10000136605180802,0.10000374571790659,0.10000329557821015,0.10000045847631203,0.10001987270020735,0.10000062281864688,69.09995750383109,0.10001048521286755,0.10000264950032248,0.1000000000976134
inheritance,0.15746980960089302,37.124809668022955,0.10002147818921442,0.10002484671844378,1.2322041232591197,5.258587368140848,9.7802193346698,15.968554904095235,0.10000218822794753,0.17810627903509113
0003887,0.1000000000354818,0.1000202220783544,0.10000804978628071,17.078228217948816,0.10000004208538381,0.10001246316679786,0.10000045432939496,0.10000000002379371,46.420093633343086,5.801636917180991
0003743,69.09999056616287,0.10000065109383403,0.10000100959172244,0.10000045067752682,0.10000011816794724,0.10000183928725274,0.10000155048315541,0.10000020353278803,0.1000020881222433,0.10000152287485772
P,0.1000051852346546,0.10000225047313303,0.1000376602257708,0.10003155594300905,0.10002553424191665,0.10003808682394509,1.2952055676430432,0.10000301387204917,66.90462344920104,0.10002769629906236
polyprotein,0.10000000004121325,0.10000000002959063,27.099798960900394,0.1000005750562525,0.10000000002914819,0.10000000004797183,0.10000000002743328,0.1000000000276369,0.1001658830212219,41.1000345807773
permease,0.10000069146903816,0.10000001094323084,0.10000244276340187,0.10000937432090065,0.10000291484472443,0.10000000003265343,0.10000024433242727,68.09998252235067,0.10000107739482098,0.10000072153879772
salvage,0.10000041563665453,0.10000827651471403,0.10000554571854753,0.1000002966880016,0.10000379408110321,0.10000000004430405,0.1000012669733573,0.10000095731703773,68.09997736816173,0.10000207885421047
0008652,0.10000003492117551,0.1000013654404595,0.1000008117455751,0.10000171809265702,0.10000096049677465,0.10000039046937341,0.10000863197775778,0.1000005682467925,68.09998240372056,0.10000311487942129
spliceosome,0.10000075084822581,0.10000078161738919,0.1000020959292395,0.10000318031392555,0.10000026756620656,68.09999016282251,0.10000000001086967,0.10000000001094715,0.10000034908937411,0.10000241178609932
exhibits,15.632800555173322,0.10007429679134558,1.7505038242970474,0.10003616122217883,33.144921848077345,0.1000338181541988,3.4490432773161936,2.7218055958588723,5.21626783410285,5.784512788947594
cohesion,0.10000009635398378,0.10001310551152051,0.10000631550264227,0.10000949093399099,0.10000038368424159,67.02268179742597,0.10000003116216943,0.1000003388778384,0.10000029284160158,0.17728814769617318
retroviral,0.1000000000411429,0.10000000002954018,27.09980041019673,0.10000058957684464,0.10000000002909847,0.10000000004788998,0.10000000002738657,0.10000000002758982,0.10016645778507491,40.100032542196736
sulfur,0.10000025300309812,0.10000650153922092,0.10000954925225954,16.74602756405075,0.10000507948568953,0.10000160360431333,19.89620076380535,5.000144824814989,25.75760068454515,0.10000317587078242
highthroughput,0.10000114066702957,0.10000330585058176,0.10000503117092144,0.10002193079021333,2.1016130696026263,0.10000065763385517,65.09834448768352,0.10000697253233337,0.10000185442792685,0.1000015496186815
0009277,0.1000017927511829,0.10000479921251451,0.10000785005838694,0.10000034043437808,67.09997728536193,0.10000152048338368,0.10000389034752429,0.10000194919860743,0.10000017416649072,0.10000039797534478
0008168,0.1000062692301216,0.10001430524251578,0.10000183436670977,0.10001421569782926,0.10001920983896863,0.10001004678898875,0.10000832395195856,0.10000496375195649,34.28400779211899,32.91591303898796
0000462,0.21991600667776573,0.10000127303951396,0.10000118852201968,0.10000056906774424,0.10000009182623916,0.10000164422487816,0.1000000303788454,0.10000002926762613,0.10000102665801328,65.98007814032931
0042273,58.53587774731397,0.10000422474228739,7.663957369870196,0.10000102833028832,0.10000037354380782,0.10001400868838804,0.10000007285441863,0.10000241801893946,0.10000841676940068,0.10013433984026725
factors,8.890856266758222,16.456780039221826,0.5646712937869898,17.213028546006203,4.534747964079723,0.10001737286741928,6.560661554335938,9.836482150220474,0.10000924048468193,2.742745572189523
ubiquinone,0.10000003091423712,0.10000008511013442,0.10000191014634809,0.10000033583453934,0.10000059487764386,0.10000082574641296,66.09801123907081,0.1000001140155005,0.10198375822311707,0.10000110605130247
thiamine,0.10000006964757306,0.10001246608024199,0.1000012174732726,0.1000267867010982,57.137475980162996,0.10000000012895974,1.1137581382587274,0.10002006764810022,8.048705273728158,0.10000000013730945
condensed,0.10000018885949916,0.10000757502307914,0.10000421658178052,0.10000171094597385,0.10000006334373945,66.09998602492908,0.10000005921298324,0.10000007426130493,0.10000000001038432,0.1000000868259268
first,0.10011118470777616,0.10001335163387493,0.1000070090885936,0.10000642503134216,12.89809950825122,16.150495024991482,3.60236221798172,0.10001092086322912,32.74888942294567,0.10000493445881523
kDa,8.332287443213172,3.5534295742648734,7.363052333708678,0.10003496998922336,6.485178963725302,11.103644621473888,19.40467210437084,1.0777635648305888,0.10154661391477758,8.478389810451516
active,0.10000515366818975,3.0331127257766237,12.258699831021474,3.575961705036426,2.938223903576343,0.10001709493734696,12.957241836143954,15.607738348268944,13.811435522817627,1.617563878702656
acyl,0.10000099354201405,0.1000087813603694,0.10000430887827114,0.10000980289847397,17.38104025266668,0.1000169779114545,22.39493842067152,0.10000568380364282,25.17210989624981,0.45186488198869956
predicted,0.10001586536930031,0.10000712094037889,1.563750020197237,0.10001716700584441,55.371629546898674,0.10000928186984946,2.497906117526178,3.8368344054078234,0.10003735380190358,2.2297931209356103
mechanism,0.10000563427677558,1.7629870650957848,61.40255863443157,0.10000452506649224,0.1000052010465014,1.8417725443266724,0.10002774870798826,0.39263065539177555,0.1000030822231027,0.10000490940375513
oxygen,0.1000007346663329,0.100008591301337,0.10002035097408403,2.147335730854976,3.1160737351532863,0.1000011349222192,55.8511922000606,4.285353901309848,0.1000131100753472,0.10000051064922352
studies,0.10000115266476532,0.10000335482404885,0.1000115256058221,0.10000239135214863,0.10001252330154634,0.10000066138548114,65.09995464037418,0.1000118912536,0.10000185911865003,0.10000000010431143
deacetylase,0.10000034918696253,0.10001211489329309,0.10001819237265912,0.10016597839529295,11.634866508188038,0.10001902845916517,0.13735067793396538,0.10000222647113517,0.10001343068936301,53.52755149336002
0000139,0.10000024003870785,0.10000219253800376,0.10000187665625225,0.10000094201663978,6.499389565456744,0.10000140779525737,0.10000027697273471,58.70060334772619,0.10000003736567983,0.1000001134211426
starvation,0.10002026476197726,30.068902474749883,4.341676951195436,11.366131201878687,12.192663315319384,0.1000140647679727,0.10001553889951949,6.530541054012735,0.10003007765072718,0.10000505671711456
authentic,0.10000117078236172,0.10000351422906598,0.10000343104504592,0.1000004945151772,0.10001905415602125,0.10000067177602187,64.09996229644045,0.10000761223493379,0.10000175471047151,0.10000000009642405
homology,1.1180545429534194,8.380318661124118,3.9600359854717966,1.5571251895152054,25.946847024076774,7.475755268341398,1.9398884901935984,5.262688734187787,0.10000934370930771,9.259276760374082
0016757,0.10000611049522672,0.100008693328338,0.1000058945259262,0.10000008271418843,48.24916595626316,0.1000013714114965,0.10000160216264185,0.10000153156416854,15.95080619913632,0.1000025583814369
calcium,0.10000141685642713,7.583719656657384,0.10002157008100294,0.1000421825775902,7.478454054789856,0.10000575803198622,0.10000355393102277,49.23774954235589,0.10000226453216102,0.10000000015490264
aldehyde,0.10000000005061437,0.10000039217322217,13.89513385566608,0.10000077760297581,0.1000045357818882,0.10000000005893636,49.68264969889954,0.10000108539233594,0.7222095867887706,0.10000006757065755
repressed,0.10000256867853702,0.10001183933696535,6.183936121863794,5.726671470181866,20.749576797125194,0.10004327020537597,10.12388272636804,10.334212664323687,11.481648887884779,0.1000136539856931
patch,64.09993167657369,0.10003467756468716,0.10000399947273932,0.10000039418986038,0.1000056033611682,0.10000440038073918,0.10000222203438822,0.10001527570107159,0.10000042527590243,0.10000132542817723
0005694,0.10000063357253024,0.10000683773352427,0.1000033582942705,0.10000695351564813,0.10000037880745812,64.09997252325066,0.10000006691932667,0.10000001405573646,0.10000117591471033,0.1000080579280407
0006811,0.10000015288536754,0.10000048419692975,9.863257643668602,0.10000015713857567,0.10000541859845102,0.10000183601671638,0.10423060372113403,54.33250366151244,0.10000004219034488,0.1000000000542871
distribution,0.10002509907130896,7.303527603054638,34.65984387087522,0.10002734562785588,0.10002020736877014,10.238847803873844,3.811239623428502,8.486428254361885,0.10000708732472093,0.10003310496853154
Celegans,3.188242936139791,0.10001757155132525,16.739810031785876,0.10000391190056872,12.307136029731431,1.7006052181815063,8.329097349962845,2.2099832010831535,0.11440402255237267,19.21069972706624
Essential,0.10001991734087577,5.361354076445119,8.366145779660508,0.10000469367953692,1.0644690105084604,13.183601259201097,7.834999645423701,4.714262841064334,0.10000139617063566,23.175141380461646
longchain,0.10000008735075679,0.10000067436718345,0.10000365815850933,0.10000004184223936,0.10001269500310304,0.10000034816019998,63.099966539570694,0.10000500772953028,0.10001085774158038,0.10000009006319062
have,5.171978131785437,3.046996615592745,7.2772098610243585,4.387311910996976,16.642707419175046,11.124061092813124,9.190354544552893,6.9269470908583655,0.13240165788672265,0.1000316752595947
release,24.421856110745708,0.10000505689712405,2.071328320985651,0.22681710112413753,0.10000750246659351,10.555632747644758,0.1000099042657091,2.688421798276264,23.635904075074684,0.10001738248636763
insertion,0.10000121567934733,0.1000286275447691,16.99120202899974,1.1592834891215877,0.10001201186731602,1.2946772612517128,42.50850465403724,1.5462894905832143,0.10000076819319766,0.10000045268473444
telomerase,0.10000010277405395,0.10001434989916708,0.1000079095614278,0.1000069500724509,0.10000114236169803,43.9463994824308,2.370932979166979,0.10000004102796467,16.98262926649194,0.10000777619155005
aging,0.10003562826156052,17.936471199153647,6.955004916157399,0.20457768653427943,0.10001896002426995,0.10000800658582028,27.24338074459476,0.1090758719050301,0.10001669152594785,11.151410295209374
cytokinesis,0.10002084796054854,63.099917916283694,0.1000003774814296,0.10000762265374208,0.10001326052881733,0.10001046882846615,0.1000209444643976,0.10000128165623812,0.10000018278088352,0.10000709734582308
0042802,0.10001707708058521,19.6253212603689,9.608883986851549,0.10993451626023669,1.8044717498383234,13.377608468937165,0.10001802337581084,6.278352063198586,11.08847613172368,0.9069167223122684
glutamate,0.10000099491199577,0.10000744495601564,1.8946064091457515,0.10001969779922838,0.10000054011678852,0.10000043374897442,33.345601690306125,0.10000668221682475,27.059756106635184,0.10000000013903236
translocase,0.10000000008836003,0.10004196183578971,0.10002333980490732,10.126094842711593,0.1000058283755158,0.10002591898981587,45.25790923069083,6.915882581882702,0.1000162764908442,0.10000001909128063
plays,1.1380063786084806,22.301735804865274,26.711086831898303,2.5233840909806307,1.7584590342590838,4.101392016024588,0.10003903431409525,2.0324476889571224,1.2590338756803887,1.074415244352863
0005934,0.1000081852172291,61.09994432576495,0.10000535774842909,0.10000096834796135,0.10002101754044666,0.10000538449480709,0.10000164964683647,0.10000931026385536,0.10000177900907749,0.10000202195052425
envelope,0.100004039028324,1.9046720157341588,2.9695789929578593,1.4285382217886133,13.81978172689197,14.275705741889478,26.00728294974001,0.10000995847448808,1.2943800871833115,0.10004626626163969
Rab,0.1000003388822021,0.10000973495587356,0.100000534890048,0.10000047476564206,0.10000183087285384,0.10000898990705517,0.10000004740048629,61.09997595486021,0.10000024876350698,0.10000184469193993
0006397,0.10000391122532287,0.1000011806358794,4.921030716346189,0.10000915983514382,0.10000294272843253,56.27891619876755,0.10000589349345362,0.1000019065177982,0.1000091657403528,0.10001892469178113
C,0.10000993894576894,20.117647086225748,15.976829534791829,0.10002571819797026,7.012027467474394,11.24232257373545,3.5654122312336236,0.10002138163809887,0.10000404762110147,3.6857000200927015
polarity,0.10001515221016477,42.69024685021522,0.10000486386867741,0.1000026497179805,0.10000919218477258,0.10000185192565353,0.10000197049628373,17.285554635874345,0.10000000004722584,1.324162833436694
granule,17.48808849850805,2.811428165292329,37.13957316770032,0.10000269370792468,0.10000224674913544,0.10002187986072082,0.10000034470571406,2.9608810932872234,0.10000155638092853,0.10000035378116257
0017111,0.10000598093879602,0.10000494722457759,60.09994185884244,0.10000182620222903,0.1000019418341757,0.10000851578625725,0.10000837995271167,0.10002084709011956,0.10000076181663405,0.10000494029624163
nucleosidetriphosphatase,0.1000059809388105,0.10000494722458876,60.09994185876614,0.10000182620223227,0.10000194183417921,0.10000851578628112,0.10000838002884384,0.1000208470902393,0.10000076181663528,0.10000494029625277
0043547,12.699882906779532,0.10006069784148384,0.10000695662051563,0.10000303563631335,0.1000019486831961,0.1000096156673873,0.10000000004659279,47.50003249223562,0.1000009318166,0.10000141464648235
4,0.5778659920350085,1.7153926136844475,26.453300278444292,6.806287893205993,0.10000660545408033,0.10001307188757387,14.984067668668574,1.2002653538814287,7.091694663858193,1.9711058588284647
pseudohyphal,0.10000333361975919,32.845565992938006,0.10002644414210637,20.309842039665142,0.10001174657636233,0.10001687818436329,2.3157631364679108,4.928757983110706,0.10000798505429923,0.10000446020407555
exit,0.1000170707517101,30.47333645521445,0.10000707305381618,0.10000962956373549,3.0659060545590204,22.84410636591859,0.10000530326501247,3.3774522203840327,0.1000008154980971,0.739159011758872
0006413,60.099984207214185,0.1000003973158743,0.10000321828140585,0.10000053811727791,0.10000075037649855,0.10000340310404426,0.1000029116247212,0.10000016396140814,0.10000317704119058,0.10000123295639458
18S,0.100008937237143,0.10000102022371402,0.10000118312233927,0.10000025579711232,0.10000025489136533,0.1000005280600374,0.10000000605225473,0.10000001365629865,0.10000155031565865,59.099986250638516
chitin,0.10000070971168622,17.831201559835844,0.10000193566552133,0.10001359665050519,40.466180564815986,0.10000284822788708,0.10000790592145052,1.0025900702437955,0.10000080882729456,0.10000000007979505
aerobic,0.10000315412074977,0.10001084972934725,0.10000358596987856,0.1000350189461087,10.271475009447432,0.10000220820505762,48.928448156536476,0.10000194538541154,0.10000927494202948,0.10001079669182579
0005215,0.10000000486918785,0.100000117880156,0.10000015069781215,0.10000003103326735,0.10000343027614315,0.10000000003247803,0.10000558151312622,59.09999038038695,0.10000030326798484,0.100000000034597
regions,0.10000557753255873,0.10005160684309962,0.10002999573323768,3.7147973501720255,31.005747625260376,0.10002971807568636,11.434810588958724,2.281965958112341,11.062552319306754,0.1000092599524275
nuclease,0.1000015683432722,0.10002248954703201,0.17313741442293962,0.10000669477037236,0.10000152046047882,0.10001346657152509,0.10000317913624765,0.10000052746831614,55.814272972443845,3.312540166813886
box,0.10001650716119301,0.7481289697159664,0.10001484777889541,2.2287247639129903,0.10001343128844935,5.349403747115991,0.10000280886803203,0.10000016157264834,2.01949594750158,49.154198815049206
0016829,0.10000027048195338,0.1000076265844467,0.1000055509920039,0.1000063121233973,0.10001013925674349,0.10000239385503588,17.54543815064056,0.10000130428399553,40.65452701026595,0.10000124149674336
promotes,4.028673956058875,15.848578708736552,3.1526480058399065,1.849286263118833,2.983001210152346,23.201045944008882,5.320816845419572,2.4159254955375316,0.10000933025577473,0.10001424082134239
lysine,0.10000035294482718,0.10000152402285307,0.10000021101657369,0.10000156885340146,0.1000039651028361,0.10000033537617044,0.10010898529659151,5.355968096881253,2.794615101713602,50.149299858765055
succinate,0.10000021137210217,0.10000000001705694,0.1000027386306226,0.10000067780851606,0.1000011055937509,0.1000011174854631,58.099990818322894,0.10000215776254306,0.10000117296956103,0.10000000002944212
separate,2.0831143798199085,0.10000808581995621,0.1000126753500366,0.10000092846582471,0.10003052620665252,0.10000746270146117,1.653779216957047,0.10001945575390223,0.10000446455550667,54.56302280434222
0006888,0.10000104806368418,0.10000471046026722,0.10000045808613485,0.10000030934925375,0.100013085637945,0.10000431678312593,0.1000004035947261,58.09997389841597,0.10000007543138406,0.1000016941665496
0051082,0.10000752930444433,0.10000299757593854,44.79506300597919,0.10000305214872249,3.681260853638868,1.3357540190288406,8.587884182799959,0.10000486445502972,0.10000086490615004,0.10001863013923772
causes,14.48814859955534,4.353201630162522,4.814618614598927,0.1000084190057886,11.349717122932502,3.0261705595084982,4.7573805302522265,6.327942939874328,5.260954584402324,4.521856999654859
nucleotidyltransferase,0.100008155603141,0.10000918870825827,0.10000465111535423,19.67609205505809,0.10000184948483766,0.5685102731148008,0.10000210998238243,0.1000000344662349,38.01324818998493,0.14212349246157857
including,0.10000366295953105,9.632283203374769,25.822112698859893,0.10003844582476161,7.399089502726924,9.447813868588536,3.5475050334495033,0.11215154886513352,2.738989468025451,0.10001256727689452
Spombe,4.546895660001252,1.5843336813413145,15.556736829225573,0.1000037740715785,14.805346614057731,1.569870321181749,4.922655741219993,7.2152009004277335,0.10001057975842566,8.598945898665765
transposition,0.10000055546119055,7.464918860042877,0.17992952212293822,0.10000589784163647,0.1000058651545577,0.10001104316217256,0.10000464585412838,0.10000085440422668,47.650516508077736,3.1046062478543712
0030435,0.10001278798995031,0.10004157603016538,0.10002620088668554,5.483496943978455,45.21080564303424,7.605597643860729,0.10001096607809594,0.10000204422096025,0.10000226633103679,0.10000392755400865
prospore,0.10000333590296613,17.487416577160168,0.10000298374428386,0.10000547363405829,38.5390597730621,0.1000255292659836,0.10000133212977515,1.2734749097099194,0.1000003254168409,0.1000097599495266
relative,0.10000856589861758,3.048452088479504,31.539457904809,0.10003535137408637,0.10005064352408186,6.8055207770064055,2.0477386745070465,14.058714662013479,0.10000590675105298,0.10001542558796814
nucleoplasm,0.10001036906814348,0.10000569887320773,3.2338652775644436,0.10002289075356857,0.10000007431315325,26.463349209025754,0.10000010038767093,0.10000756297573646,0.10000375671756746,27.6027350603005
members,0.10000702795019685,0.10001297738883892,0.48267522276814456,0.1000193327993801,31.715485875134735,2.6955294046995815,2.500505756502706,14.013956825080605,1.7056973187687687,4.5861102588603435
channel,0.10020869248425955,0.10001224983935025,0.10000483677644988,0.10002752249172063,0.10000468476223817,1.1834055525421225,19.538301260374766,36.578033634780915,0.10000092190756317,0.10000064398468822
hydrogen,0.10000731334219663,0.10002053294907182,3.3764832798607576,0.1000001318184547,0.10001004482593054,0.10000336884154155,33.79899538234478,20.124440496011545,0.10003142256484468,0.1000080274064584
0006357,0.10000096784125265,0.10000611837726693,0.10000293896616377,57.09997163512729,0.1000003916871947,0.10000932744901346,0.10000134577375432,0.10000135360420762,0.1000010360739506,0.10000488509044882
intron,2.1688819264752732,0.1512778146792745,0.10000065962637242,0.10000122602949087,6.590299812778965,36.39813982225422,1.8010326390742948,0.10000248108952506,10.490360784100698,0.10000283385751664
E,0.10008548401728293,0.10000897517964538,18.07245447503907,0.10000118303094209,0.8320025392085084,2.089543348109037,33.92224064325908,0.10001314603841617,2.5836167244360646,0.1000334816346028
carbon,0.10000000015621224,2.714889139684159,0.10000694236490762,19.41889912228598,18.806453376662514,0.1000077693620795,13.530027351477536,1.735940479296672,1.3937752276689275,0.10000059099875519
G1S,0.10000061180715067,38.534622846208826,0.10039967245593795,15.643485514235527,0.10000066520435226,0.10002780501020261,0.10000019129855432,0.1000012999806999,2.1214519943575145,0.10000939941454712
aminoacyltRNA,8.144817590046488,0.10000535631568175,0.10001307423664438,0.10000021942426104,0.10000134598500517,0.10000173680476984,0.10000965446497118,0.10000000004684031,48.05514479392464,0.10000622873317788
NADH,0.10000024791362248,0.10000784350996957,0.10000980530019268,0.10000134795076566,0.1000178780849195,0.10000021951301609,52.62190808647662,1.3102031394718856,2.3678514316384502,0.1000000001146983
redundant,1.6620327836089326,32.55353339097492,0.1000187979216468,0.10002822839893077,12.365301156377159,5.3940123214700675,1.737596853601725,2.8874562938401067,0.1000091124672081,0.10001106129455921
superfamily,0.10000851852397077,1.6423332688242196,14.860787450380032,0.1000136515958794,2.135072583436267,0.1000033411494747,0.10000554892996755,33.38244218079656,0.10001984225123815,4.479313614073332
vesicles,0.10000040953896518,0.10000393968685836,0.10000727369506539,0.10000226557938403,0.10001845166784319,0.10000071898408248,0.10000070171862487,56.09996524731147,0.10000071200664096,0.1000002797986124
normal,5.154368788652855,0.6652271469229674,9.701122396442258,0.1000124550875724,17.824012742910945,1.8460182073362812,16.34114821517116,2.397024044549949,0.10734799479740013,2.8637180080737985
0016779,0.10000854700924522,0.10000927634533711,0.10000487433024223,19.830249927893032,0.10000201609011773,0.49727901250893203,0.10000169892347191,0.10000003760371591,34.92203349592158,0.15041111335383592
sphingolipid,0.10000297402291712,0.10001229206979423,0.10000049942633271,0.100001139594556,55.09996278742085,0.10000000005005066,0.10000598517128853,0.10001059894416685,0.10000372323331513,0.10000000005327804
acetylation,0.10000147785728015,0.10001346637958661,0.10000644156425924,0.10002368430890889,0.10001679762266309,9.330959748896102,0.10001116853724781,0.100002579371867,0.10001416138356373,45.868950474053705
alcohol,0.10000026923112831,11.23240091658255,0.10001686248818878,0.1000700071133156,8.664526352027995,0.10001309523566078,2.6922399438061095,0.10000261969994624,32.810712433395395,0.10001750037396435
acids,0.6745294790728488,0.10001396554455264,0.10000587470551363,1.9059847132959482,0.10002608386834444,0.10000724108573245,22.46388956078683,21.979383039097346,8.476159320698942,0.1000007218034628
rDNA,0.10000060370244275,0.1044048730260455,0.10000647679421823,20.686879439721814,0.10003054306374265,10.141631655168878,0.10000157025843955,0.10000001182318759,0.10001093268961651,24.467033893724103
after,0.10000130224106267,29.073822702597653,22.59555608555927,0.1806234006636087,0.6037281720621521,0.18662074297619008,2.9595839192445093,0.10001453782566744,0.10002029803058339,0.10002883875548985
35,0.1000607030032311,0.10003280042533126,42.580907440748064,0.10004876141865478,0.10000322469578168,3.8606200543137863,0.10001318312915881,0.1000001031513971,0.10031194521916845,8.85800178385245
LTR,0.10000000050225943,0.10000673877914414,1.2085935760948245,0.10000044144087826,40.098760798071865,0.10000000058515923,0.10000000033477997,0.10000000033723457,13.992636759276593,0.10000168455388891
finger,0.10000374643728548,0.10000989174347522,14.465553534766476,39.490905221985244,0.10001964652504022,0.10000978361321042,0.10001154709936017,1.3434834540062,0.10000037166496832,0.10000280212865877
dehydratase,0.10000012527419655,0.1000005017286724,0.10000710826722091,0.10000127678005535,0.10000890269897082,0.10000055084523375,39.82044250142782,0.10000051295832908,15.379538208543773,0.10000031145921484
arginine,0.10001642643932011,2.890645132519561,0.10000370040901854,0.10007808157432513,0.10000100047526037,0.10001249320124202,0.10000483145129682,8.476103364485704,40.90131650755887,3.1318184618432805
fidelity,27.507808504090058,0.10002603460362612,0.10005169058584566,0.10008902874415367,4.454362275211822,20.902673207482856,0.10830698329263054,0.10000291837658908,0.17752657932387295,2.449152778231303
0005654,0.10001078130412877,0.10000590147471623,1.1482884993306997,0.10002289820560739,0.1000000740978061,26.720027347456128,0.10000010258822131,0.10000096892609649,0.10000386218243809,27.431639564416425
0004842,0.1000003685861469,0.10000470296184832,54.099962262714,0.10000181125596408,0.10002250919183507,0.10000591661022114,0.10000093979020146,0.10000110241758431,0.10000026785454584,0.1000001186080443
Ras,0.10000052646995573,46.367709554278655,0.10000140776521733,0.10000018171993219,0.1000017540897147,0.10000002628974508,0.10000003988882455,7.8322862024542825,0.1000002276067095,0.10000007942453956
spliceosomal,0.10000091957267929,0.10000048590431011,0.10000185992884672,0.1000008492879407,0.10000024035714285,54.09998738617126,0.10000000001161065,0.10000000001168648,0.10000246903506517,0.10000578971390507
pyridoxal,0.10000002943418268,0.11045745666289056,0.1000022195446167,0.10000038653791694,0.10001377065460282,0.10000014712315049,1.5828401106795018,0.10000974312326442,52.606675841782554,0.10000029443570228
0006184,0.4235834172967752,0.10003050439983885,8.062351642870073,0.10000109190060555,0.10000245618872167,11.46830849868774,0.10002036449811841,32.67791639939531,0.10000712388778511,1.8677785008141297
nucleolar,0.10000250882458687,0.10002898032855145,0.10001908935998954,0.10007065482553062,0.10000042522647665,2.758657995488581,0.10000002266448817,0.10000050719787695,0.10002088359651892,51.44119893245608
proteasomal,0.10000246339195573,0.1000019892718454,53.09997348622199,0.10000670674871957,0.10000122828152334,0.10000725723489018,0.10000105018238234,0.10000052137449816,0.10000107752400356,0.10000421975876225
activates,0.10000268655122259,21.689322537942953,5.623188305752601,17.680360931498267,0.10001865303102758,0.10000398214141996,8.40706716702987,0.10002715473158766,0.10000773993332585,0.10000084135217154
0004518,0.10000180697151631,0.10001920628829954,0.5078686870637501,0.10000785314159656,0.10000168653569086,0.10001546448782421,0.1000024319301204,0.10000055815241152,52.69194654873805,0.10013575666937212
conversion,0.10000271797197353,6.655347483042991,1.219368079339333,0.10710912311374426,4.161673990765491,0.10001946398076655,10.831205648525108,0.1000044825467466,30.55199229334457,0.17327671732848693
Complex,0.10001075864045222,0.10027770061664937,15.340366714088827,0.10000359935947517,0.10000228650374807,7.250983790078225,30.708244407245143,0.10010781125983625,0.10000225999980146,0.10000067218192737
0005762,0.10028960193074929,0.10000000021545441,0.1000035132402708,0.10000010052467947,0.1000010911009844,53.099604050529756,0.100085570606615,0.10000100409355063,0.10000937769429966,0.1000056899974073
uptake,0.10000093163032914,5.800252177165951,0.10012308672799518,2.353169521136031,1.5984514053838363,0.10000000016504126,0.1000075865830423,43.64798053581003,0.10001475516877704,0.10000000017587368
coli,0.10007365033156854,0.10000394659115945,15.427777098785134,0.10000133808449453,0.6988985387364386,0.2067321765608754,35.36815736476061,0.10000699568875682,1.798337512234353,0.10001137818841355
anchored,0.10000070918281023,0.10000319280519943,0.10000890833062663,0.1000004038095146,53.09837926413523,0.10000405489459444,0.1015891610765792,0.10001363875311312,0.10000016476718168,0.10000050223120527
integrity,0.26303124486212753,36.2336948891242,0.10001836557784258,2.8069810292375252,0.10002857871549521,9.564023947287954,1.1576331487749434,3.574535827755842,0.10000396646711901,0.10004900214758022
pombe,0.100040262342248,17.257272612744664,5.025999610872235,0.10000727640716889,8.811100005509179,14.62178785612512,2.0242653866528353,1.3179161541930107,0.10001528647492247,4.641595548627485
0005816,0.10000043998838794,0.100005132290424,0.10000105607075842,0.10000027153804955,0.10000191313024469,53.09999010423589,0.10000011551519768,0.10000060719775394,0.10000000000949122,0.10000036001829567
0005811,0.10000000004799288,0.10000240986671897,0.1000085702992468,0.10000051840051509,38.82851421472438,0.10000023550340174,14.371467821294315,0.10000369615275345,0.10000212396674736,0.100000409728381
serine,0.10000030469941364,0.3249267951828305,4.654152511540877,0.10000061901074765,11.896984109856799,0.10000075305850173,8.870695641218953,0.10002471596019914,27.753184826949653,0.10002972247551985
extrinsic,0.10000593685099814,0.10000836015551025,0.10001576638072956,0.10000192097334182,1.4700557880010896,0.1000093037597927,25.30900796831849,26.520889510718746,0.1000045279758092,0.10000091683671943
0015986,0.10000000001101647,0.10000000000790986,52.099991102224166,0.10000005000975033,0.10000006525054718,0.1000000282924094,0.10000539736192553,0.10000335681381055,0.10000000000758558,0.10000000001366323
displays,0.10004147843796435,1.756131150046866,5.048107129638314,0.10005928285721294,23.633898486383416,0.100076299582441,16.1929243964067,0.10001117204318574,3.1117467053111816,2.857003899228622
functionally,2.609171329363437,18.097573029381422,0.10001156253089413,0.10002455861886861,12.173459344441312,9.323663710318,5.188295904134447,0.5213013274543047,0.10001588127304452,4.7864833524378545
0043332,0.18182508562982186,52.018081372933246,0.10000338963849181,0.10000046025738994,0.10000627026420113,0.1000021205038351,0.10000034342134813,0.10007502186861177,0.10000526193558554,0.10000067353275802
0000027,43.32835285891749,0.1000023376103209,8.871474769990021,0.10000063915855606,0.10000219214476987,0.1000042912967372,0.1000000000616218,0.1000002018957084,0.10002900562262482,0.1001337032701077
early,0.10000956648206105,0.10002562943905585,0.10004988956411702,7.122232915767613,7.1340282833045725,13.73642372599204,0.10006172736501508,18.837472646250017,0.1000278265169492,5.669667789259172
recruiting,0.10000034406771784,6.097118351302326,0.1000137622548776,41.892971900500484,0.10000019542797678,0.1000163719913495,0.10000058634860612,4.309873827235924,0.1000004344088681,0.10000422643821918
repression,0.10000739975454755,4.9488747301443885,3.0214673716812626,23.914519124908548,2.111820283670602,0.10002339036989459,0.10014313631187079,9.372613371349187,9.230529649337967,0.10000154242080646
singlestranded,0.10001752821927683,4.706397394807079,16.79261684530275,17.299311712988835,0.10000141041910807,11.843674391987426,0.10001799796047865,0.1000000000639659,0.10002094502178001,1.8579417731935806
sites,0.10001312342589423,28.00803568852091,0.10002410399592672,2.811365728367952,2.1949521208100293,1.5953284015504636,9.168678582984773,0.8403549123145432,0.10018130483589947,8.081066033142475
Ty1,0.10001331352174177,0.10004308734488802,2.5545135228016878,3.3671774542057795,31.520802475403663,0.10000807010686216,0.10000116266835332,0.10000362886939852,7.661190240865112,7.396247044170288
inhibits,0.1582501030445618,36.41944927915288,10.251706131982903,0.10000856833302263,0.10000839806257261,0.10010728612974017,3.2210439018188946,1.449403942663242,0.10000938250783682,0.10001300626086343
found,0.10012725753613107,6.498850355605264,10.276718983000537,7.33254478774496,10.436226480198666,0.10004455017725132,6.8335680374338486,6.668325132921691,3.6535486499801255,0.10004576534380069
transfer,0.1000014337038691,0.10014338100396976,0.10005707703243051,0.10009227629838281,10.876471770279345,4.631700049503501,16.613513747078215,3.2090967710461755,15.957295472939862,0.3116280210283098
polyadenylationdependent,0.10000010854032844,0.10000000001151155,51.099965485540594,0.10000356750206517,0.1000000000113425,0.1000049436936172,0.10000000001068042,0.10000000001075483,0.1000036172182947,0.10002227745098126
glycine,0.10000035667613669,0.10000115484676668,0.10000088729166763,0.10000015946727836,0.10000037480837655,0.1000000000423789,0.10001085448262399,0.10000009856791424,51.09998050780945,0.10000560599767384
inositol,0.10000299233275615,33.95694418824374,0.10002486818644091,0.10004301383767306,12.18009735053984,0.10000618572471827,0.10000152269099352,3.754415986617216,1.5084638054156385,0.10000008637020502
0005618,0.10000113882014255,0.10000478292157745,0.10000220061091669,0.10000032058738331,51.09998668160076,0.10000088244009224,0.10000139015891099,0.10000204782762148,0.10000003123295292,0.10000052379109275
osmotic,0.10001094240048637,11.386188495247149,14.143812049765655,4.27476140713438,14.580532801196497,0.10000455583488295,0.10001364977113325,7.1146672862333995,0.10000546773100853,0.10000334464915431
periphery,0.1000051605468813,0.10001983853008135,22.295739381244,0.10003922384538025,23.872989596016886,5.131151897912917,0.10000456965759236,0.10001584174981466,0.10000341683199773,0.10003107362881064
ITS1,0.10000540436471934,0.10000013844598878,0.10000058132119283,0.10000007581861405,0.10000001779379922,0.10000026140961069,0.10000004747602821,0.10000000609501448,0.10000055589514076,51.099992911375445
utilization,0.10000190385799487,0.10001844438216971,0.16095950946786208,12.904291471121379,0.10004559222691745,0.10000145188478933,20.25151213702574,12.263876460990954,5.919293028752385,0.1000000002456114
through,0.5244695012388122,11.745980220163357,5.922189790693114,7.927715256448724,3.730499032734365,10.298846262716111,0.10001018323815679,11.179005518808985,0.47127729016898456,0.10000694374008001
centromeric,0.10000057354829885,0.10000452904817861,0.10000824283178879,0.10002883909496967,0.10000012738515486,51.099954951763415,0.10000006328564465,0.10000009555580397,0.1000006107938558,0.10000196668160444
0000981,0.10000000001089326,0.10000020322198325,0.10000025108106549,51.09999781503896,0.10000074741027032,0.10000037458179947,0.10000016197799397,0.10000012581992147,0.10000032083818915,0.10000000001352176
glycerol,0.10000459532951918,14.80105325517355,10.325643606893872,0.10003152632977932,0.10004486920582023,0.10000106924991782,17.214516790888446,8.058702295795158,0.10000199091405211,0.10000000017982578
MRP,0.10000083680951789,0.10000000002352605,0.10000543181478985,0.10000000002749873,0.10000002032086205,0.10000490833750515,0.10000000002181479,0.10000661317710266,50.09995382927801,0.1000283601768877
IMP,0.10000000721303186,0.10000002519186293,0.10002260195028059,0.10000053029084392,0.10000092372062139,0.1000000000652671,2.1088004943554526,0.1000005398691012,48.091174877255746,0.10000000006980887
motor,0.125208239347363,0.10002601834080939,0.10001237555099801,0.10000520312708547,0.10000171666116331,35.58277967160296,14.59195466607185,0.10001196274768025,0.10000009135368303,0.1000000551733912
activating,0.10000047333337148,15.434496670539804,0.10003591866885723,31.468061759814233,0.10000655185740134,0.10000758509694127,0.10001995863810392,3.3973571477928592,0.10001251687732249,0.10000141734704666
magnesium,0.10000487334968895,0.10000847339139346,0.1000109621530537,0.10000292996214892,0.10000290079602892,0.10000074135313496,1.2363952499400324,12.37584877036449,36.687722925891514,0.10000217277010823
limitation,0.1000015772420836,28.211441959904658,0.10000716044780188,11.57034892555857,3.979929173631747,0.10000434178351561,0.838399181932809,0.8627008542854476,5.137166824970568,0.10000000019932097
retrograde,0.1000007564534799,0.1000071529946436,0.10002307546739062,1.1295093571340462,0.10000594708046581,0.10000357481394039,0.10002409968562108,49.070414133118135,0.10001137069119442,0.10000053253231236
snRNP,0.1000003329461113,0.10000035497416655,0.10000266326654669,0.10000134524449492,0.10000000001871619,43.264531443214025,0.1000000495067797,0.10000059805028733,0.10000015176229131,5.935463061008337
processed,0.10000000006902432,0.1000137403302329,1.180400283447804,0.1000040376811877,0.10000427187061743,0.10002466784363906,4.827366385439511,0.10001002108306457,0.10002855860531333,43.29214803359636
stability,0.40926395660148573,15.66221143419755,0.10005726598668195,2.2729117659387925,0.10003121646197365,15.398782442419897,13.650187827409999,0.10000777133238636,0.10001190359247687,2.206534416012213
NC001139,0.100001992228443,0.10001193343271336,0.10003760619766716,37.46058227618824,0.10000547983059772,7.82822657078913,0.10012678814271098,4.010962530588598,0.10000000034668932,0.10004482219601517
fork,0.10000064325769856,16.02220964955844,0.10002610523507147,5.437954686524836,0.10000020506638864,0.1000553257131965,0.1000007175241581,0.10000000004273962,0.10000790482660098,27.839744762219443
target,3.109820663538089,6.671385663538182,0.10002533488398313,13.50085019998949,14.733401750497798,4.240712659733746,4.583544469510717,2.8602352264400714,0.1000197040935574,0.1000043277244582
arrest,0.10000610657581246,31.390864271978852,2.7631375712536625,0.10002458964770551,9.575826094817266,5.600075959471639,0.17004058084356938,0.10000801917573764,0.10000952260066483,0.10000728359764717
alpha,8.959701216126913,5.477861671101188,19.47793370948529,0.10004188488589458,2.663689470379634,2.6825013283581827,7.588282154025992,2.0992426124976835,0.8507126886797035,0.10003326440004094
betaoxidation,0.10000000003046752,0.10000015008077014,0.10000196745710281,0.10002786244113251,0.1000003358688408,0.10000104931785303,49.099964691281194,0.10000307785819589,0.10000086561427705,0.10000000003780317
movement,0.10000159486629537,0.10000184194730558,3.1255526819545234,0.1000000410068012,0.10000176812026486,9.25716681330357,0.10000950615207557,36.917265539902786,0.10000021268247049,0.10000000004585535
tricarboxylic,0.10000020869482022,0.10000008474700595,0.10000038774979719,0.1000007077841704,0.10000027246129445,0.1000009876381073,49.099992131371444,0.10000123642668211,0.10000378374476579,0.10000019937409424
nucleobase,0.10000073636904641,0.10000567697815586,0.10000322039715144,1.1803047662501405,0.10000291830960285,0.10000000007032028,0.10000280172878849,17.069871863648427,30.049808016152475,0.1000000000748852
coenzyme,0.10000123631292264,0.10210704969640139,0.8513740962199101,0.10000523965880487,2.6473396676369956,0.10000054243528797,44.799135981872006,0.10000166543979067,0.10003452052993028,0.10000000016978347
0006310,3.105029120045911,20.19811033404427,0.10001574267673265,0.10000798808897719,0.10000230921706234,0.10003590624051646,0.10000751990677309,0.10000000004534823,24.996772937790944,0.10001814191401118
Cytoplasmic,0.13712257529013863,2.775899126908489,26.883315876574766,0.1000202180633147,8.573041270438074,0.10002963852312373,0.1000264486496167,1.387455150418508,8.84307967390515,0.10001002118108884
unwinding,0.10000496697925482,4.214862348034038,0.10001772513912005,0.10000937554032802,0.10000165889787323,0.10005468591823377,0.10000435488112543,0.10000014430852774,43.985036734491224,0.10000800578351456
0009060,0.10000342314413013,0.10000120422235552,0.10000277107362848,0.10000232239353621,2.741182380463444,0.10000244544529885,45.458791082138234,0.10000235353636294,0.10001169407242477,0.10000032349228842
repeats,0.5248827374801243,14.63766078606579,11.692176390149086,2.966275868179976,0.1000438827136485,9.408748462101961,0.10000753727286313,0.10000923121634342,0.10000365551366605,9.370191449265597
0000447,0.10000574515981331,0.10000014717087104,0.10000040884545058,0.10000007318551148,0.10000001004758621,0.10000027788366381,0.10000005046764197,0.10000000647865265,0.10000027363463443,48.09999300712175
nucleocapsid,0.10000000000683007,0.10000000000490418,0.10000480410705923,0.10000012497780074,0.10000000000483082,0.10000000000795049,0.1000000000045466,0.10000000000458037,48.09999207535501,0.10000299551921313
cassette,0.10000270910757604,0.10002317639320105,23.71011251850691,17.92368002636069,0.1000105539628785,0.10005440612942348,0.10000459513292517,0.10003642035769292,0.10000177572800435,6.666073818284242
domains,9.503883736479446,0.10003855297829595,13.335406720798245,3.533927429850167,0.10007279035282292,5.343151306793855,1.5234001800516908,13.654486925065394,0.10001115720259143,1.8056212003648977
peroxidase,0.10000077819770059,0.10000286954482068,0.10000853743101273,0.10000039380930861,1.2854240868860731,0.10000000011061001,0.10004022558211657,45.91452310822867,0.1000000000653982,0.10000000011780229
13betaDglucan,47.099923333117935,0.1000256368913136,0.10000000003851388,0.10000000004131473,0.10004139754828603,0.10000551013538071,0.10000390159773882,0.10000022051560149,0.10000000003385824,0.10000000006092909
translocation,2.171230292367701,0.10001155153677983,9.91105126073857,0.10000067106511304,17.00827091082985,1.6851239282230768,3.2644819461305747,13.55982525097798,0.10000257406215637,0.10000161402945958
RNAdirected,0.10000103017854457,0.10000093418094871,0.10000270646653275,4.4479102233291945,0.10000000001829687,0.1000284633648706,0.1000000000172171,0.10000000001734416,42.75204808990849,0.1000085525018306
rotational,0.10000000001218153,0.1000000000087481,47.099989028368284,0.10000002769275222,0.1000000481704049,0.10000002349949627,0.10000485297649796,0.10000601924048429,0.10000000000839,0.10000000001511153
transaminase,0.10000005226062983,0.1000013478125698,0.10000361730934439,0.10000113329969627,0.10000498952163832,0.10000000004887925,0.10000319612950087,0.10000000002817723,47.09998529734189,0.10000036623859473
separation,0.10000004134234415,33.08281916264297,0.10000330519034285,0.10000353803216247,0.18293454317191477,14.034215527889675,0.1000075582964412,0.10000228927808907,0.10000000004313014,0.10001403409351231
mismatch,0.10000000003247919,37.342660249308786,8.85287238997868,0.10001711703595675,0.10000004999379664,0.10001983838810338,0.10000139198771897,0.1000000000217999,0.10000053418896195,0.10442842904718866
leucine,0.10000091348271324,0.10000865377617198,0.10002770296216736,19.95257631709776,0.10000336473387313,0.10003439170945294,0.10000799322332067,1.1257444583464131,25.22159034764483,0.10000585698827774
increased,0.10008164646962049,5.964669593974465,7.22286906108454,0.10007373094259472,24.48950847147277,2.229402626308586,0.1000489119922752,1.9862283923734718,2.0689802396881904,2.738137325619406
0007165,0.10000053219719379,40.3653260920347,0.1000026648146363,0.10000587374205734,0.10001777420842538,0.10000078072614171,0.10000662926156086,5.834637776230173,0.10000022147449614,0.10000165529143162
NC001147,0.10000000041070262,0.10001413103723106,0.1000190042439325,40.86264862824462,0.1000084707721842,0.10000649117483089,0.10000328817860672,5.337298533291232,0.10000000028279507,0.10000145234101115
anchor,0.10000079547433452,0.1000062779532813,0.1000017239346174,0.10007077114615516,38.672844162186855,0.10002121074169482,2.7587941576801636,4.868208282970668,0.10000717018963722,0.10004544767976302
0006886,0.10000303850811651,0.10000389343206022,0.10001007123452742,0.10000280205106328,0.10001099465699004,0.10000000005846622,0.21060859479718372,45.98935985419197,0.10000002267878243,0.10000072837520176
decarboxylase,0.10000272994876075,0.1000099340864528,0.10000494452049533,0.10000132883850535,0.10000832229606274,0.10000000007579406,0.10001644001616336,0.10000221677013792,46.099952741309615,0.10000134212242938
0003682,0.10000259399276937,0.10000682228768559,3.9938940439257102,24.236629120390017,0.10000333320071748,16.703576690340924,0.10000014009115447,0.10000011927000173,0.10004052740346774,0.4658466090707388
preautophagosomal,0.10000003063591129,11.459515015849483,0.10000366781528622,0.10000011217122855,0.10000357820684302,0.10000868475376472,0.10000181528463457,33.74046576179783,0.10000022328079688,0.10000111018935198
0090305,0.10000195659054399,0.10000867429006631,0.10000903688463843,0.10000562002808265,0.10000113944435,0.10001291368447093,0.10000607087741649,0.10000069071887505,45.0999359075074,0.10001798995816379
secretory,1.130843300282942,0.10000995790385908,0.10001949022766478,0.10000114146840744,14.135687736869626,0.10000338028151855,0.10001016935083452,30.033413118102185,0.10000848595372142,0.1000032195298399
0008026,0.10000711178800008,0.10000144685272802,0.10001769898800757,0.10000403794082076,0.10000106203496385,0.10000613775777507,0.10000213993054659,0.100000377288145,45.099912828522164,0.100047158878754
accumulation,5.829014427440469,0.3737627184724759,8.202317977238675,3.8931028231412492,8.895740074076166,0.10189139351011983,0.10004986893758201,18.40400372789157,0.10001053125846818,0.10010645796955053
invasive,0.10000151332664335,36.23134155713251,0.10000124788340821,8.968628213992648,0.10000882362337221,0.10000440281898355,0.1000014237363861,0.10000792150234773,0.10000489590362216,0.10000000006318714
0003678,0.10000000002182287,0.10001964403359771,0.1000053722153732,0.10000335859888324,0.10000190864173425,0.10000533482149036,0.10000322758236506,0.1000000000146523,45.0999588775595,0.10000227649715396
0016567,0.10000801837292733,0.10000507910945074,45.09996216762087,0.10000202707908717,0.10000792007266195,0.10001171374548494,0.10000029054496087,0.100002203554629,0.10000038224829855,0.10000019764006501
0090502,0.10000581964666808,0.10000047029956077,0.10000633033624376,0.10000281963031186,0.10000073842463081,0.10000895883128713,0.10000265318974265,0.10000024169806018,45.09995230470584,0.10001966322490385
0050790,7.743736118138421,24.762248548431074,11.481388174226717,0.10000669045586101,1.3392954745464205,0.10000342597603225,0.17330050948709685,0.10001214016791159,0.10000465375116226,0.1000042647884717
exocytosis,0.10491914973247965,0.10005529327885912,0.10000486649481584,0.10002997318143865,0.1000021092659078,0.10000350732318712,0.10000000003968174,45.09498274025293,0.1000009192874979,0.10000144111722645
ethanol,0.1000000001411239,1.6138864097644223,1.4873546058523042,8.3735310489707,5.581335889425426,0.10000320509519982,22.95283924893962,0.10001921248753139,5.591029983917843,0.10000039536136097
pyrimidine,0.10000198936672339,0.10000526558254472,0.10001592379455922,0.10002517251830405,0.10000313381025037,0.10000056283341771,0.1000079723772761,0.10001040093019928,45.09992957869068,0.10000000007684204
0000287,0.10000750265974566,0.10000857719866864,0.10001375108497383,0.10000294941857364,0.10000313941768775,0.10000073410771083,1.9529551921375594,6.119299304751731,36.22770667268969,0.10000217650448195
translated,12.85052019193783,0.10000759396841855,0.10064277719939684,1.1612248701449,0.10013854998764282,0.10000406180436408,0.2647189581864071,0.10000000021992707,30.122742247948427,0.10000074854965305
peptidylprolyl,0.1000000000447867,0.10001045382337043,0.10001071622049998,0.10000917709187658,0.10000657987928198,0.10000867604597544,0.10000750019397407,0.10000085645170799,44.09993986105207,0.10000617917978898
nucleotideexcision,0.10000059348798541,39.77096603302308,4.394630445334058,0.10004504834883163,0.10000031065869038,0.1000283436647587,0.10000045581711621,0.10000230915707091,0.10000531601243963,0.13432114447260965
attachment,0.10000293043663079,0.1746328867686237,0.10002362256323273,0.10000317761124924,4.438397489860694,31.135460984928223,1.2512667163284459,3.4424081450016164,4.157798351267155,0.10000569519088988
system,0.10002160116636284,9.723395109925526,2.8953357978691963,0.6018708115758676,0.10001129102388105,0.10001156389223768,16.33232763644145,11.205186405519314,3.841834273368764,0.10000550917071489
ergosterol,0.10000000012925439,0.10000877017463274,0.10003711141395295,0.1021826311305326,42.80894680679237,0.10000000015065967,0.5020704342675382,0.10000141334436975,0.9867422381071216,0.10001059444852534
0030479,44.0999346196773,0.10003025133903072,0.10000180787334349,0.10000055071934284,0.10000606020862371,0.10000526097462442,0.10000135376338037,0.10001754163583555,0.10000062033865183,0.10000193345301431
histidine,0.10002374014978342,0.10001919836955203,4.513520209311604,2.8283626362033036,0.10000237431734156,0.10000046501011665,0.10000221837122555,3.456473683141021,33.60159547494826,0.10000000014509529
known,0.10000074984662194,2.4410023812944766,11.703956360512525,0.10003728706522613,10.113971730111704,0.10072458763458428,7.595866561174365,0.10001456429022566,5.985921448325199,6.758504329697685
acetylCoA,0.10000000010839143,0.10000000007776905,0.10000148828330557,0.10000000009089803,0.1000376234501756,0.1000000001260461,34.7646635439946,0.10001223725985568,9.43527601068072,0.10000909590364415
position,0.1000106010209349,0.10004251189891562,0.10001443282939428,0.10000447895381522,0.6546715332756865,4.125873519156084,0.10003213537351882,4.145064010841268,28.711552907059744,6.862733869538032
0031966,0.10000045699105681,0.10000405929896815,0.10001236369537517,0.10000003696426607,0.10000953948513566,0.10000348178985802,43.22270920117826,0.9772331084859832,0.10002748779707099,0.10000026429128941
duplex,0.10000000004063626,2.71241150279529,0.10000820673486908,0.10000749100444817,0.10000182458281713,0.1000210934885793,0.10000315871168411,0.10000000002728301,41.4875399685735,0.10000675402103834
tRNAs,0.1000019903772853,0.10000256968538637,0.100005885661225,0.10000199696128637,0.1000007534328187,13.375605854794896,0.10000428269659814,0.10000332469810684,29.824294395217194,0.10007894645230367
hypoxia,0.10000076146972951,1.7239749578426216,2.6536882803051234,23.017784738376026,0.10000725388454905,6.2816036789415035,0.1000759842075443,0.1000028953535332,0.1000133127278933,9.822848136844682
disassembly,3.707310064307047,9.163592836996294,0.1000381819230042,0.10000981414613645,0.10001962099517837,27.676235335662025,0.10000266334817527,2.852765604768243,0.10000927538392189,0.10001660243117132
0031225,0.1000007699707771,0.10000283287357621,0.10000182478739059,0.10000049761628461,43.09998947800248,0.10000086443318573,0.10000111553428817,0.10000207558515799,0.10000003709420385,0.10000050409463221
defects,5.488489665022549,6.065539716808511,0.1094628756760705,0.10005569740915651,15.550811730043783,1.8807908006685428,6.207890858920019,1.5546469712335835,1.5449694610305014,5.497342223126405
0003964,0.10000000001183512,0.10000000000850157,0.10000268314034295,0.10000361653525866,0.1000000000083753,0.10001161130974676,0.10000000000787518,0.10000000000793438,43.09997475943193,0.10000732952880213
gluconeogenesis,0.10000090225167252,1.4829535550236403,38.3010755887757,3.5159191607856584,0.10000933059909103,0.100000194512326,0.10003320375986648,0.10000146397612256,0.10000660019196776,0.10000000009445724
confers,14.985838801185249,0.10003172960990259,0.10004638677468415,2.687030414582122,8.825296953565443,0.10002650986251066,0.10001441409723927,16.901685008770386,0.10001587488035964,0.1000139066233054
guanine,0.10006351695679216,3.5148375607613738,0.10002052547026401,0.10000472160490986,0.10000497586930353,0.10001653428471509,0.1000112895813074,14.012501947688788,22.0071490603934,3.865389867347085
isocitrate,0.10000001783615026,0.10000009667895533,0.10000000001712153,0.10000015552969124,0.10000000001547257,0.10000000002545298,43.09999432749631,0.10000000001466422,0.10000517493094896,0.10000022744774931
microtubules,0.10000053976307771,0.10000378569931534,0.10000373836869522,0.10000004510752378,0.10000093217369055,43.099981737642544,0.10000030593119509,0.10000853605485206,0.10000005528696049,0.10000032396492547
misfolded,0.10000266899403931,0.10000318122802747,31.227133132340956,0.10000192545714592,8.626747300112013,0.10000370031911768,3.446062937994306,0.10004472798763449,0.10000042543263371,0.1000000001067604
molecule,0.10002099844042174,2.360447090801408,10.38321099065607,0.10000521209782069,3.8493836716631,16.595425268677023,0.10002098673149153,10.31146116568693,0.10002182421538353,0.10000279098928987
viral,0.10000021500358897,0.10000036835561245,0.10000657210273242,0.10000339599876952,0.10000000000515262,0.1000000000084792,0.10000000000484731,0.1000000000048831,43.099982751761324,0.10000669674595236
stationary,0.10001410386915714,10.986915787120957,0.10002772207006527,1.1090332382307608,27.267033058263614,0.10000744471076796,0.10004441328772563,0.1000087046658972,3.0369154209597666,0.10000010678205769
removal,3.4626713510135065,17.097687256409447,0.7803164332310182,0.10003160436238169,0.10000190461695282,0.9980731789399248,0.10005844883089361,10.441386694428434,9.77246563643938,0.14730749166899665
ammonium,0.10000000002027352,0.10000000001458041,0.10000022941375117,0.10000000001704762,0.10000073546243533,0.10000039494518263,0.10000077077907851,42.099996620117636,0.10000124919790983,0.10000000002515255
functional,0.10000279159745654,6.092101842400482,7.35537143477585,0.100015436533854,8.187143683728639,3.614181006697054,11.393272176566477,5.957898505642994,0.10000733661258611,0.10000578540389767
aminopeptidase,0.10000576589491716,0.10000319290389932,0.10006830723154082,36.544783782793296,0.10001453304459294,0.10000062847215956,0.13374860397064683,5.621360184121643,0.10000447472787109,0.10001052680353945
proposed,2.594455353346123,8.677165274006272,0.10003338941749289,1.2058738965621258,14.43353114167175,3.0132432333461305,3.2328219388570143,7.363965022521125,0.7271323752261717,1.6517783749850112
RNAdependent,0.10000397477900225,0.10000310290413338,0.10001697165778052,2.4770793496100967,0.10000000004154165,0.100024272424105,0.10000009485887146,0.10000035609845513,39.722827441571354,0.10004443603025671
thioredoxin,0.10000450458058843,0.10002329157364392,9.442388502737698,0.10000878293830169,0.10000011863448413,0.10000175433347554,7.394253005893166,25.463274220275128,0.10004581882332442,0.10000000017067313
GPI,0.10000047021602082,0.10000071382434672,0.10000214453544203,0.10000009871330783,42.09998761316463,0.10000039720956974,0.1000004488655078,0.10000732788047356,0.10000047026339529,0.10000031531886092
0032508,0.10000000003139177,0.1000213052098322,0.10000874901688872,0.10000806912599991,0.10000192313659215,0.10001635583185353,0.10000316308658765,0.10000000002108216,42.099933339002455,0.1000070955202624
sensitive,2.9288440621270424,3.1259719365554024,0.1002969315632202,1.7204777445729815,12.539337702558973,0.10003075967661185,7.647945055637302,7.506810706175092,5.508226274740222,1.8220588263334752
0006099,0.10000016794659418,0.10000009900372657,0.10000045299279033,0.10000046265380576,0.10000031830443759,0.10000085031970214,42.09999288907436,0.10000010607890884,0.10000442070143688,0.10000023291656522
0016853,0.10000055077547189,0.10000721789244403,0.10001022152004704,0.10000304886103405,0.10001905376050717,0.10000621715096628,5.994074944980414,0.10000166471059165,36.2058703910001,0.10000668932578016
coat,0.10000274048394478,0.10000963410149409,0.10000196318278272,0.10000040221314592,0.10000259466454926,0.10000499274046247,0.10000000001922436,42.09997677798345,0.1000000000198522,0.10000089458085025
oxidation,0.10000311970661874,0.1000034579876782,0.10000389846865558,0.10000043027691272,0.10000453509336704,0.10000040083252097,39.878485813786504,0.10000021039682634,2.321498133379286,0.10000000005714788
regulate,0.10001223225783296,23.62108173826174,3.9668101635079664,0.10001707358022181,0.10001870133436748,2.979586097951135,4.466033434927345,6.866160146798361,0.1000088940324608,0.7002715173030895
tyrosine,0.10000271176045872,24.25259191066429,7.647513306831742,0.10000195535679292,0.10000606288425112,0.10000329315406892,0.10000000755827926,2.6982593703354882,6.801620838727234,0.10000054269971748
0006417,34.22785051334436,1.220375374292701,0.8971571916763882,0.10002102212118184,0.10000083094828176,5.054573972040519,0.10001107664719837,0.10000127455161578,0.10000744437516518,0.10000129997375305
G2M,0.1000000000355002,33.128694698257455,0.10001307351347946,8.071265805522438,0.10000193000942519,0.10002125650114713,0.10000000002366562,0.10000056033500274,0.10000000002444003,0.10000267576062988
lumen,0.10000118004437461,1.1594057972191683,0.10002541224354523,1.507657321109725,26.801195807701543,0.10000128650360597,0.10001386206698143,11.931695750078038,0.10000341444490886,0.10000016855244655
filamentous,0.10000122047679039,33.07582341332634,0.10001933431677247,5.117864979866144,3.1062470707844065,0.10000091325370548,0.10002389271401999,0.10001412955934479,0.1000040562355825,0.10000098943588377
H3,0.10000149485816064,0.1000199174326636,4.76773995040898,0.10002744200716274,0.10001146560660171,0.1000289865517235,0.10000022870133564,0.10000673356115254,0.10000154424306243,36.43216223660263
cistrans,0.10000000004474019,0.1000074985520837,0.10001161246640586,0.10000762263062056,0.10000694708863374,0.10000623179878627,0.10000805483030872,0.10000091973588615,41.09994649085566,0.10000462198115555
0001077,0.10000000000797024,0.10000013579624935,0.10000025892359447,41.09999757137013,0.10000014940941356,0.10000092561358029,0.10000018914133531,0.10000042833617298,0.10000023447801705,0.10000010691814337
antiporter,0.10000000003018136,0.10000004591452895,0.10000021750017564,0.10000002840503422,0.10000585193735047,0.10000001209765254,0.1000075550819232,41.099986288965766,0.1000000000207969,0.1000000000374602
subcomplex,0.10024031953599544,0.10000757038904359,18.402985898014105,0.10000499424527982,0.10001643729502252,10.970957955439232,2.6480417267995153,1.6835157607330187,0.10000000012144651,7.794229337361344
regulating,0.10000804269997401,9.61789136476095,6.24397340360432,7.717875120874984,0.10003535458896576,3.1035305099766823,2.457086447254263,11.459569823797874,0.10001605778976064,0.10001387460384199
nucleocapsidlike,0.10000000000509852,0.10000000000366538,0.10000000000400104,0.1000005895475412,0.10000000000361023,0.10000000000594134,0.100000000003398,0.10000000000342324,0.10002263817122917,40.09997677224408
0019843,39.08839697534712,0.10000051101590744,0.1000022936169618,0.10000002791967227,0.10000036403400868,1.1114265701003825,0.100020447438084,0.10000248657345776,0.10000265317617706,0.10014767074576715
acylCoA,0.10000000004065956,0.100006858009046,0.10000129908125639,0.10000008650405133,0.10001668130784563,0.10000212027160472,40.09996879382724,0.10000103283613154,0.1000024261599541,0.10000070194980012
transcriptase,0.10000000000509852,0.10000000000366538,0.10000000000400104,0.1000005895475412,0.10000000000361023,0.10000000000594134,0.100000000003398,0.10000000000342324,0.10002263817122917,40.09997677224408
transcribedtranslated,0.10000000000509852,0.10000000000366538,0.10000000000400104,0.1000005895475412,0.10000000000361023,0.10000000000594134,0.100000000003398,0.10000000000342324,0.10002263817122917,40.09997677224408
cysteine,0.10000311251467696,0.10002894803271614,4.060644194435333,0.10001345807649104,4.8091892602082265,0.10003184819161798,8.488692475842477,5.568668398429943,17.572727576504594,0.10000072771938132
major,0.10000264345884739,0.10006972332841874,4.129650786348962,3.650103598854639,4.662235710223677,0.10001989285612084,0.8972195466179982,23.64754091628922,3.2190880350607323,0.49406914690082393
make,0.10000000000509852,0.10000000000366538,0.10000000000400104,0.1000005895475412,0.10000000000361023,0.10000000000594134,0.100000000003398,0.10000000000342324,0.10002263817122917,40.09997677224408
IN,0.10000000000509852,0.10000000000366538,0.10000000000400104,0.1000005895475412,0.10000000000361023,0.10000000000594134,0.100000000003398,0.10000000000342324,0.10002263817122917,40.09997677224408
PR,0.10000000000509852,0.10000000000366538,0.10000000000400104,0.1000005895475412,0.10000000000361023,0.10000000000594134,0.100000000003398,0.10000000000342324,0.10002263817122917,40.09997677224408
RT,0.10000000000509852,0.10000000000366538,0.10000000000400104,0.1000005895475412,0.10000000000361023,0.10000000000594134,0.100000000003398,0.10000000000342324,0.10002263817122917,40.09997677224408
facilitates,2.8231903697397356,0.3177741276894567,2.7305038569009183,8.451407934263392,0.10000538170374533,5.386983110961861,6.890540342054536,6.324551038193573,7.875011832961065,0.10003200547990931
exonucleolytic,0.1000014456088999,0.10001635084791277,34.54796445679563,0.10002147485164707,0.10000007744227556,0.10000676428870713,0.10000472286930745,0.10000142920056952,0.10001563068931789,5.651967647384622
0016311,0.10000112466139906,3.3713589010012788,26.27464718025311,0.10000079268954304,10.27079113895343,0.10000352578223198,0.10000205267562108,0.10000486884090454,0.483188678402225,0.10000173671303783
unit,0.10000000000509852,0.10000000000366538,0.10000000000400104,0.1000005895475412,0.10000000000361023,0.10000000000594134,0.100000000003398,0.10000000000342324,0.10002263817122917,40.09997677224408
CHOH,0.10000173230276353,0.10000360335866205,0.10045320596552473,0.10000023722451326,0.10000620139917234,0.10000106387605849,35.45350638833691,0.10000024728802537,4.746026854487724,0.10000046574675185
catabolite,0.10000057833900743,0.10000914184193481,5.457730467115512,20.838554569190343,0.10000449714082289,0.10000379023183865,0.10003993021217172,8.12981900694649,5.973838018781922,0.100000000164143
glycerol3phosphate,0.10000000007586651,0.10000794260194878,0.10000388837093965,0.10000021469818393,0.10005582795361805,0.10000000008838666,31.885121096868705,8.314809080956982,0.10000194826448397,0.10000000009418507
integrase,0.10000000000509852,0.10000000000366538,0.10000000000400104,0.1000005895475412,0.10000000000361023,0.10000000000594134,0.100000000003398,0.10000000000342324,0.10002263817122917,40.09997677224408
0000122,0.10000064639279463,0.10000777660837767,0.1000050029654834,40.099975102610564,0.10000000001364234,0.10000738434682752,0.10000026520458855,0.10000044219763396,0.10000028177389293,0.10000309787719971
redox,0.1000007567317488,0.10000322193063163,0.10000903487499714,0.10000207562599944,0.10001546645051483,0.10000625257955552,30.31143721460431,8.88851739826464,0.10000781719637677,0.1000007617209125
proline,0.10000090362831636,0.10000207425511692,0.10000775451470693,0.10006456144828436,0.10000320165245905,0.10000310905004021,0.10002545217535391,7.228527222022671,31.97136320644866,0.10000251477217742
clathrin,0.10000879423559442,0.10001227399865513,0.10000042284710099,0.10000000003369881,0.10000235218109266,0.10000000004676673,0.10000000002673329,39.09997615654241,0.10000000002758797,0.10000000004974934
0030437,0.10000551902543774,4.879105061138238,8.484151067009584,0.10001793957082285,25.605842773001395,0.10004878275076089,0.43078675439621106,0.10001315285176587,0.10002669542624053,0.10000225478994583
side,0.10000186137355961,5.198091287935654,0.10001796232894657,0.10000999550153837,4.500878413340628,1.4832318779976845,15.442434661610585,12.875332196055622,0.10000004072644406,0.10000170309253412
phosphoribosyltransferase,0.10000376531534605,0.10000000002174654,0.10000000002369717,0.10000005943053628,0.10000034403442268,0.10000000003522799,0.10000000002015275,0.10000066541330563,39.09999212626118,0.10000303943710066
0000978,0.10000006208345488,0.10000011831094655,0.10000111529597608,39.0999966719969,0.10000025097277128,0.10000090511686514,0.10000029808858771,0.10000033402144014,0.10000013524301776,0.10000010886448284
0006260,0.10000110969408754,9.826160037045808,19.769233160892625,0.11214146977736611,0.10000004113088132,0.10004599797345158,0.10001152832766042,0.100000000062129,0.10001275158737458,9.69239390347143
0016568,0.10000238276984091,0.10001946450613755,0.1000095107293117,27.47559223907975,0.10000148918940502,6.6647081928990906,0.10000031378643703,0.10000043999090824,0.1000027985290589,5.159663168501746
stimulates,14.684452787288588,2.890529749015583,18.423788266161516,0.11778022890731824,0.10001192515135883,0.10000930586716746,0.3136652964180764,1.4157281630535052,0.10012193156789317,1.8539123465258105
0005628,0.10000394432516264,16.22805108561032,0.10000498330547057,0.10000711478398927,22.402821123952794,0.1000176746526556,0.1000016255451375,0.66908116138379,0.10000045645479197,0.1000108299619361
decapping,1.388178361240683,0.10000307919355225,36.81179915046866,0.1000024473413783,0.10000000002158534,0.1000105797469074,0.10000000002028893,0.10000012572088916,0.10000231896421323,0.10000393726886668
strand,0.10003225023080559,13.239317498825537,2.385795389569494,18.266670698587795,0.10000005355715727,0.10004697933855956,0.10001808687018993,0.10000000005990634,1.6433005112918546,2.964818531628576
0007124,0.1000014283911436,25.165267417760603,0.10000895910690957,9.34109589716624,0.10001510699467596,0.100013543348145,1.1986244252735105,2.69496469528595,0.10000718218685319,0.1000013444501914
important,2.022724981603484,4.314379610737876,3.7469707860608383,1.6287236115673662,2.2178767806965425,17.254722487745546,1.8886153547229279,0.10001189882387751,5.624379876101843,0.20159461188441435
replicative,0.10001042384654343,13.929416821410111,2.4974142762343794,0.10004164554472382,0.10000658234934995,0.10001414406709817,13.594266168194117,0.1000074352390813,0.10001444046435336,8.378808062611485
viability,6.853214028980606,0.10000672176748314,1.7211980977704069,0.10006318740050611,11.387138355804272,1.7236958415344843,8.7011511269257,5.906318508049575,1.0496950722799416,1.4575190594267735
Probable,5.177054118740702,3.9825921870814174,3.999563646242477,3.1866508262631417,10.736867124361874,0.10000526598720026,5.409392999492772,6.207767568057542,0.10002840107979925,0.10007786263522025
loss,9.572125175313834,0.10062254053216932,0.10000880091781669,0.1000005167275617,10.004541823901477,3.9696292585507207,14.852737116464281,0.10003752813326937,0.10028223124377755,0.10001500817190677
tryptophan,0.1000018994793668,0.10000170614733966,0.10000022509261504,0.10000007484316271,2.1023304294109364,0.100000000111324,0.10000390829958773,0.10004521188689407,36.097616544585755,0.10000000011851606
G1,0.1000212955410856,32.77682333239904,3.591701995022892,0.1000160962110172,0.10001017903754642,1.931371078069388,0.10002092760706524,0.10000443126269006,0.1000146969790674,0.10001596783534339
COPII,0.1000010947454136,0.1000151044562224,0.100003449763011,0.10000119780249239,0.16527380343410009,0.10000599608334837,0.10000000002797443,38.034698354950194,0.10000000002890717,0.10000099869322786
reciprocal,0.10000013540723146,24.22620126324948,0.10001903511632432,1.5793093694687346,0.10000626539951628,12.494452882047543,0.1000030728886163,0.10000000003585299,0.10000455101670286,0.10000342534879458
matingtype,0.10000190437177865,0.10002975050134477,0.10001788371753625,25.84225435837288,0.10000698936144994,0.10003910150058168,0.10000045171868502,0.10000128934369235,0.10000644661700091,12.357641824469393
0006914,0.10000002767212662,4.5730814129479755,0.10000722947516578,0.10000058510589357,0.10001136594374846,0.10000519716646336,0.10000792513835997,33.62688436010088,0.10000044003198409,0.10000145640024331
0004519,0.10000123517949988,0.10000746738265236,0.10000910843417815,0.10000379375376997,0.10000135948217062,0.10001262438249778,0.10000683829789644,0.10000130184191287,38.099947467153655,0.10000880407718293
5end,0.1000002613102259,0.10000008995057216,0.10000037944882963,0.10000009265147111,0.10000001272185349,0.10000062485128686,0.100002808524958,0.10000000820367073,0.1000003029021007,38.09999541943071
NC001136,0.10000048587643336,0.10000000033434946,0.1000048422044384,29.200917516987857,0.10000742273354699,5.999033658257476,0.10001199535298162,3.1000052271874408,0.10001545591494623,0.10000339512422095
reduced,0.1000230917992608,0.10001064335564597,0.9456359128576997,0.1000025191609198,18.728367225102208,4.81395099262762,13.408875200138603,0.601942382355311,0.10115169029180372,0.10004034226740999
bridging,3.340048857966534,10.886062370011278,15.384462127620795,0.10003952900194267,1.745086058041627,2.5854270560214423,4.658840549733749,0.10002175650505023,0.10000491654790386,0.10000677850287813
steroid,0.10000000007668411,0.10000042506338938,0.10638711893476287,0.10000000006444737,32.84053912425851,0.10000000008935547,0.10000969818962167,3.3448004338677277,0.10000536279873812,2.108257836631473
SSU,0.10000016273931513,0.10000000000805385,0.10000047732315127,0.10000074482189888,0.10000014278648163,0.1000005036241339,0.10000002763858717,0.10000024772019593,0.10000045124672383,38.09999724208758
aminotransferase,0.10000001665219721,0.10000065702871395,0.1000017130802132,0.10000075247076941,0.10000000002193238,0.10000000003606299,0.10000735396202208,0.1000000000207788,37.099989038880935,0.10000046783800064
trafficking,0.10002235109657952,2.4437305775746556,0.10003376357591515,0.10007266140182716,10.26475441048802,1.502408304045811,0.10000545697329291,23.188897134250087,0.100021704085817,0.10005363645109008
NC001134,12.681920609546161,0.10001508874823394,0.10000000135579971,0.10007515901262683,9.133619933836288,13.35857774925787,0.10000223419156219,0.10000000116206202,0.10000000119144369,2.2257892216535855
0016746,0.10000094404678392,0.10001496880762761,0.10000686971483713,0.10001020734353483,16.37951471040709,0.10002611010797767,8.048907929738347,0.10000729541550772,12.871488969824126,0.10002199456179663
microautophagy,0.10000025620152009,1.9209436736395862,0.10001768930349002,0.1000007356558721,0.10000394548182528,0.1000096297656237,0.10000124975071449,35.279021922623635,0.10000018364518941,0.10000071391560153
multiple,0.10001370821073396,0.10001769266488214,11.2497391363186,9.286101848487158,0.10003174354605784,9.219058615327729,3.242113736402871,3.5985578797451105,1.0043512440952493,0.10001439515335794
0006631,0.1000000000330875,0.10000033719877206,0.10000078649240864,0.10000172971239375,0.1000055999794866,0.10000054420773012,37.09997469750863,0.10001155193571461,0.10000467589329187,0.10000007702702034
cleaves,0.1000011734685591,0.10000904956578725,19.229740984513235,0.10000439087568291,0.10000310633189904,0.10000585732484193,0.14581047114978804,0.10000620239045327,16.331466941201327,1.6929518231524368
interact,3.777981188698937,3.9403158547332264,0.10000725974034846,2.1191629470463997,25.775896851922173,0.100016715066369,1.8865028588412693,0.10007195740322278,0.10001910645427754,0.10002526004622607
activated,0.10000588485099866,4.212021795293428,0.10001839440752973,6.962292475980748,9.186885827749792,0.10000534434201477,9.69433452032552,5.296009279805777,2.248381636528652,0.10004484066728558
trehalose,0.10000117635011017,0.10001552033920952,33.725458575390675,0.10000000005491638,0.100010295879758,0.10000000007609151,0.10000093683401595,3.4745016226921,0.10001187228168662,0.10000000008102607
deadenylationdependent,0.1000221300374117,0.10000370677996587,36.9946347102964,0.10001719971080114,0.1000006230306574,0.2053194993995507,0.10000133038053176,0.10000012920539063,0.10000046907430463,0.10000020207052668
0006338,0.1000002300416049,0.10000289799300136,0.10000719077008177,37.09997243143502,0.10000114609474313,0.10001318894661392,0.1000000000161587,0.10000039939275777,0.10000139630136193,0.10000111899951498
uridine,0.10000282023801564,0.5111522690079259,0.10001358765359504,0.10001008443042897,0.10000140717393287,4.770506039600565,0.1000262238707713,0.10000425388506003,32.01827843144441,0.10000488266801802
located,0.10001785861547648,0.2975846304829963,7.0506280397929375,0.10000807407159545,0.201327107573136,0.10255430378229828,24.186579292792803,5.761245508126323,0.10001114090996226,0.10004404380534501
proper,1.8238302376430735,16.684239006045402,4.11235451836766,1.5663416551429203,9.666843259594613,0.10002470727222422,1.9152445309969135,0.9309623085362212,0.10000217705789273,0.10015759927665545
responsible,0.10004192605927018,0.10000788391263277,11.09257352170806,0.10005159306196473,0.1000416684456333,1.8182116046888683,6.239441989655006,6.016720823604804,11.332836087919707,0.1000729008831625
Gprotein,0.1000045263319491,36.099975815704546,0.10000380194534961,0.10000478113804082,0.10000125083209127,0.10000314116976554,0.1000000000246482,0.10000589526200686,0.1000002675455636,0.10000052003592995
dinucleotide,0.10000037154755521,0.100030101581519,1.3320499937189498,0.10000109562624451,0.10000497784720443,0.10000551211086983,31.055315707541936,0.10000509726489103,3.9125863038165765,0.10000083891535062
mediate,0.10003358477716967,0.10008207283166498,11.061274728245637,0.28593293175864787,0.11478798758414835,8.332244444931302,1.5632059031939043,13.731168898134058,0.10000507156865238,1.6112643769076853
0090501,0.10000508152206128,0.10000000001380234,0.1000023342600182,0.10000189936005653,0.10000030475763108,0.10000743025373124,0.1000039529518153,0.10000000001290064,36.099966393480905,0.10001260337626983
can,2.56958928037793,0.10010667190356079,4.876971237351747,0.10011360204911549,4.48371036155831,5.132517859813335,10.676367370728084,3.141951318151153,3.8830369646687,2.0356353333131354
interactions,8.113248040001386,3.5742114438244728,0.10003251155555837,0.10001677052022648,4.554673370877782,5.920454953806159,3.8071603975286794,7.219321926696193,2.7722703068169015,0.8386102783173705
0005874,0.10000379998475876,0.10000165031198179,0.10000213842215368,0.10000105455199887,0.1000033631663539,36.099981876327305,0.10000183211971009,0.10000214274506748,0.10000040417527008,0.10000173818845937
0007264,0.10000759729316154,1.411704839001421,0.10000113320563123,0.10000017378603052,0.10000130508945748,0.10000202548719292,0.10000053976511494,34.78828055773762,0.10000101141154401,0.10000081719837087
contributes,0.10000707530064562,0.10001826823617141,13.298916817342393,1.658057874821474,3.8569310914164676,5.30347075157012,1.3667161175190619,11.11582070425049,0.10001401864847417,0.10004728084591734
branchedchain,0.10000034784110377,0.1000558233125113,0.10000093196233774,0.10000128553944124,0.1000002007809746,0.10000037479103353,0.10003515901521644,2.1072990952643877,34.09260653379083,0.10000024766938012
base,0.10000205057688506,10.801163392847238,7.94596223505111,0.10000286651460225,0.10003317172358127,0.10000743661543991,0.10001414843454878,0.10000483083005281,10.096526664563966,7.556283202808467
cAMPdependent,0.10000000001502293,36.09999666395358,0.1000000000117636,0.1000020769081129,0.10000046000353631,0.100000000017483,0.10000004996296724,0.10000000001007898,0.10000074909236985,0.10000000001862246
5,0.10001640371411896,1.601699195235201,8.133798884194173,0.10001055149648677,0.10007594470864455,4.973790051254656,0.10001835289677027,3.444852129784784,4.5604363282428375,13.885302158414245
sensitivity,0.10000117556393916,4.476190526514469,0.1000305608790946,0.10001569163960672,23.356436864532203,1.0014677886960708,0.10002112131107453,4.8720309061988525,2.793798018783153,0.10000734583603295
0000398,0.10000130262200461,0.10000088988637437,0.10000167208588748,0.10000523188118182,0.10000037604677454,36.09998585967071,0.10000000001203903,0.10000000001212954,0.10000050501799915,0.10000416275905863
0008380,0.10000027802194486,0.10000085507720842,0.10000119307070278,0.10000101137512404,0.10000043345623234,36.099978468227434,0.10000460363815615,0.1000029304851723,0.10000351108419928,0.10000671555638668
intermediate,0.100002013209402,3.365268284025538,0.10001060679444358,0.10000204144666913,15.272175879429424,5.591817531852826,4.713832299253571,3.4277813549355987,4.229109988836928,0.10000000017566454
superoxide,7.159960300065145,0.10000279395137208,0.1000059669523157,0.10001158131516111,0.10000022441342188,0.10000398064572236,0.10004475954247868,29.039970392939207,0.10000000005379175,0.10000000009691913
preribosomal,0.10000732937299665,0.10000026229874667,0.10001130210882754,0.1000000217044561,0.10000026915971841,0.10000045524096443,0.10000002181953002,0.1000000000122631,0.10000083162497793,36.099979506651806
negatively,0.10000445231046627,22.336844752584188,0.10002903981082041,9.587276539672475,0.10001964801032194,0.10001198403880313,0.10000441552881198,4.375782477933109,0.10002555946900335,0.10000113060639983
0006261,0.10000242051450901,0.1000387044141709,0.10001263183153623,7.562129781086152,0.10000005321982865,0.10004191256588489,0.10000046142640676,0.10000000004416108,22.82213849707949,5.91563553778698
nonautophagic,0.10000046481767054,0.10004065989355387,0.10000643235095762,0.1000032180937754,0.10000828400332597,0.10000391066954638,0.10000138339251263,36.099934721646946,0.10000040192426082,0.100000523188765
cortex,0.10000630522744904,25.790618676451288,0.1000030117075139,0.10012970047560193,5.886732913825478,3.622492698478532,0.10000397330688751,0.10001272030620362,0.10000000006907928,0.10000000012462805
0005085,13.687006679254262,0.10003397362804366,0.10000231884301937,0.10000386091152719,0.1000016654245517,0.10000518143986295,0.10000000003224062,21.51294393778595,0.10000085181314018,0.10000153084763021
aspartictype,0.10000000006185884,0.10000639913727107,15.378969697661867,0.1000003088402161,0.10002163863558661,0.1000000000721411,0.10000238711064444,0.10000538214775286,19.82098678150162,0.10000740481115711
multidrug,0.10000027571640455,0.10000003424367944,0.10005884908064637,6.5977740151444495,0.6401708386333252,0.10000000021368041,0.1479133855007195,28.01406814532813,0.10001445588043512,0.10000000022758682
subfamily,0.10000057603077737,7.359222886290173,0.10000962713873986,0.10000390821717421,10.974322446036172,0.1000006237109998,7.076230909315365,8.976981690436359,1.1131283163699186,0.10009901640559367
0030674,3.3228534367498144,11.143779804609512,15.219891009315997,0.10001976678259387,2.1961754737408765,0.10001633305302202,3.6172291968062145,0.10002252421094475,0.10000492424009945,0.1000075304490504
Nuclear,0.10000407847393054,1.848983591250518,12.099057538683192,1.3730051403130463,0.10001881212662733,15.282158178351548,4.8966883497502645,0.10000667361572811,0.10000741665729904,0.10007022073462499
end,0.10001389016405327,15.735335647850683,0.10001842598466328,4.832030180790226,0.10001356172138307,0.10005861283126596,0.10000104477423215,0.10000374364199278,0.11583791804889643,14.71668697415595
0000472,0.10000005802257265,0.10000009774302904,0.10000036294296531,0.10000010067702213,0.10000001381864336,0.10000029677109118,0.10000006942488725,0.10000000890906219,0.10000032915836936,35.099998662528726
0005763,0.10027498705141531,0.10000000020629858,0.10000277399412275,0.10000000024127673,0.10000552392455266,35.099650864555535,0.10005921860215329,0.10000000019275962,0.10000068238613498,0.10000594878813
efficient,0.10055573920626203,4.548014261688031,6.02256343027665,2.7707279100986155,0.10000956257596168,8.631263410486227,0.10002080154989015,5.861776530262065,0.10001902269847271,7.765049331111279
implicated,0.10001639806354885,11.675991605191408,6.550667882423816,0.10001183641577537,0.10002236530741607,5.437682732414511,7.733937610054308,2.434137083398517,0.1000216303120178,1.767510856371859
substances,0.10000021506297219,0.10000000002870078,3.9116562116976827,0.10000004990539571,0.10000057734848959,0.10000000004653349,1.4697624766499773,29.918580211790356,0.10000025740076371,0.10000000004953565
0022900,0.10000016763659618,0.1000005704209224,0.10000063093922151,0.1000001487080856,0.10000291412337729,0.10000106855108734,35.09998870595751,0.10000539160391471,0.10000040201480274,0.10000000003587703
0030488,0.10000673518614585,0.10000260548914713,0.1000031103639151,0.10000000003690725,0.1000011071110248,0.10000375686224741,0.10000150238368101,0.10000033551939871,35.09996386376959,0.10001698326662299
it,0.10000569841878046,14.482432427684873,3.3010133112741507,0.100094573834143,0.10019827869536141,1.3335840349376675,6.8599374050757165,9.503695667297297,0.11893544797107933,0.10010315474820368
size,2.2171422367709073,12.84681187903175,0.10003367434252976,0.10001194535712005,9.73222427202541,4.72102816003738,5.982693467634307,0.10000848389643496,0.10001834021075821,0.10002754064886657
fission,0.10000134014082837,0.10000906292231054,5.9879638562183795,0.10002830546898289,0.3992261086504125,7.304826266591915,21.70792306014107,0.10002199958939058,0.10000000008677327,0.10000000015637232
0004812,0.10001725151311402,0.10000124537133115,0.10000463160586831,0.10000029770443292,0.10000054428140764,0.10000150285325007,0.10000846127432879,0.10000000003953574,35.09994516675247,0.10002089858984702
low,0.10001334191270884,2.04018527534371,0.10030723986913379,6.392088598755581,6.557780781050912,1.3051733749353,0.10003060253060668,19.20430469615278,0.10004752109417343,0.10006856829067637
possible,0.5525722152966888,4.905106792802321,0.10004534388833851,0.10000923414028326,16.7689730281313,1.9921099641467592,3.7528914087389964,7.6282784550800375,0.10001166217170027,0.1000018955545733
beta,15.081438973786234,0.10007336865304059,8.732511395214308,0.10004117908834836,1.9758268321779566,0.10319014406372523,6.582402854011831,0.10002923192884838,0.10001620678980842,3.124469814218067
0006511,0.10000065310915368,0.10000249744887688,34.09997697909432,0.10000211843043035,0.10000904186477508,0.1000030386730746,0.10000088839934494,0.10000236089073276,0.10000013070744457,0.10000229137224695
F1F0,0.1000021022556034,0.10000000001972832,34.09997677282776,0.10000007680815624,0.10000072148274917,0.1000018596414511,0.10001632101534269,0.10000214588623785,0.10000000001888722,0.10000000003405386
doublestranded,1.6595866449101755,15.93194545831392,0.4172378697082797,8.195460216789202,0.10000003293482186,5.667362128177047,0.10005132130632252,0.10000000008090006,1.5819727693731176,1.2463835583595846
converts,0.10000143025033467,0.10221069698627978,0.33086228302844073,0.10000375670423073,0.10002351760502658,0.1000123673498289,6.317580589647328,0.10000022687964655,27.649297202104705,0.10000792941458876
holoenzyme,0.1000000000983586,15.039924318565431,0.10001006983551387,0.10005050452587187,0.10000677985112248,19.15995592183786,0.10003816869966434,0.10000688546984891,0.10000305566106256,0.1000042954232653
0005778,0.10000000003710714,0.1000010362843124,0.10000533443583647,0.10000020287807794,0.10000531507165793,0.1000000000432628,34.09998286961537,0.10000421216463572,0.10000088129437144,0.1000001481655716
Nucleolar,0.10000204216717347,0.10000226663538131,0.10000216561348146,0.10000085887955668,0.10000244044263054,0.10000944899475162,0.10000007381446131,0.10000012427153784,0.1000032112019008,34.09997736797202
nucleocytoplasmic,0.10000600629509462,5.187287742437665,29.012634991763694,0.10000700931687602,0.10000605532921056,0.10002099015253418,0.10000133149171837,0.10001548398770668,0.10000021628827441,0.1000201729134643
residues,0.10002776006452324,0.10002275361621124,5.4692049494416555,0.10000683669372884,14.89038007749031,0.10000291560639164,4.08171911917774,0.10000498158530445,7.768857906184598,2.2897727000990233
B,0.10000101939700763,5.007481020282217,0.10002154226510891,0.10001998048362261,13.944103424967528,11.596222782266413,3.2165459766607647,0.10001136802770322,0.7355845145478571,0.1000083710585371
encodes,0.10005119603036434,4.302888744624912,9.079531552392588,0.10003340220074738,8.641082591847038,5.508254789207443,0.10002749728512732,1.8720367379518956,5.196081456947839,0.1000120314554755
0007031,0.10000294377460538,0.10001572706002465,0.10000467159070173,0.10001731648505674,0.10000495990667863,0.10000697105404066,34.099934398028424,0.10001255784059003,0.10000045417814905,0.1000000000634958
repeat,0.10001151136517153,15.248476432168724,9.70024489532255,0.10002595092517994,0.10000770816923642,4.397506249896284,1.3743036729792848,0.10000940322976072,1.14662053946708,2.7327936364332484
0016616,0.1000019381205317,0.10000397014315814,0.10141837231037937,0.10000026023493713,0.10000764329165049,0.10000125688075517,29.15859561324745,0.10000027336249742,5.039970117470234,0.10000055492369236
0004190,0.10000000006203948,0.10000515751813978,14.293331306931341,0.10000030741381172,0.10002334422888944,0.10000000007235459,0.10000257487990523,0.10000580564820066,19.906624132649668,0.10000737057553383
mannosylation,0.10000023804742106,0.10000027770501858,0.10000040321238923,0.10000007335675534,34.09999289091442,0.10000115865413427,0.1000004335755084,0.10000267551061404,0.1000016650275056,0.1000001839888769
flavin,0.10000036195814244,0.10000011538321908,0.10000390399738585,0.10000090393918094,0.10000398719900684,0.10000547629494434,32.279580071390534,0.10000504808685455,1.9203992848314506,0.10000084690438978
0007059,0.10000000002362648,0.10001544563228802,0.1000016995988007,0.10000330510482797,0.10000081270316999,34.099976876810025,0.10000003055793331,0.10000086856720815,0.10000062333937292,0.1000003376547144
based,2.448009472932198,0.10000345250305936,0.795670944630482,0.10001370983582238,29.99282804968692,0.5825453988146473,0.10000874426182166,0.1000027769845269,0.6808438846409074,0.1000735656581349
when,7.185055888971225,2.4749632724782944,2.0847925295965313,0.1000132782705743,4.9977973492103285,0.10008042841308726,2.2660030665300237,8.654283993873898,0.7579765840414044,6.379033608553545
manner,0.10003721716134428,11.064392089242501,0.10003637503146239,0.10013273085589808,6.592014816015784,7.1329703978093315,4.82996843131017,1.300899235236319,2.6390130294824585,1.1405356777755162
morphogenesis,0.10000401050093242,30.343203215032137,0.10001370576002115,0.10001276194046453,0.10002072366174981,2.7235282455841188,1.2331442861096913,0.10002776712039148,0.10001613850157902,0.10002914575161885
0016226,0.10000086868066779,0.10000000002012516,0.10000687654929366,0.10000036826524157,0.10000037787513825,0.10000216105759012,33.09998372527476,0.10000122756729612,0.10000403957368513,0.1000003551269051
salt,0.10000736945224668,9.782238997631751,0.10003485848142686,0.10018904837862976,17.97841316883513,0.1000021761770245,2.6621756593209334,2.9769193745467453,0.10001934683999271,0.10000000026698216
dependent,0.10000717747052716,7.9531035485847665,3.6640855172730773,0.10001988605547893,11.064628150983832,2.9623809994483783,3.371076708249794,2.36827836011741,2.3163865576199805,0.10003309414366116
premRNA,3.3926038474089153,0.1000012613898998,1.6488334740281008,0.1000112268047534,0.10000229567551866,28.258391554895834,0.10002394129688752,0.10000778387025487,0.10007678187221493,0.1000478327214062
cytochromec,0.10000041533724939,0.10003796801549251,0.10000088906041535,0.10000009400952178,0.10011971041208656,0.10000091232670467,32.034986333629334,1.1648536769021438,0.10000000009272343,0.10000000016712314
0006446,33.09998907258352,0.10000153508508412,0.10000313451443463,0.10000105557084257,0.10000000000889951,0.10000217624819742,0.1000003591607938,0.1000003909036598,0.10000149920156393,0.10000077671690612
incipient,0.10002168761753154,33.09995876129097,0.10000156024460313,0.1000005965806917,0.10000755587481483,0.10000203077672545,0.10000111878827025,0.10000655666685371,0.10000000002268097,0.10000013212414324
snoRNP,0.10000004958590801,0.10000463100699343,0.10001346111416816,0.10000265970807547,0.10000005385313228,0.10001208348835161,0.10000039552386814,0.10000000001491804,0.10000273523695873,33.09996393045844
NC001144,0.27933465247859046,0.7653912216932921,0.10000082593683209,23.77105004043671,0.10004644559374312,8.584141477915017,0.10002479007607745,0.10000778956839626,0.10000162506058578,0.10000113120059591
0000502,0.10000210024840585,0.10000029678480472,33.09999272755925,0.10000030200076827,0.10000085853430273,0.10000097801488467,0.10000013252730654,0.10000017437851798,0.10000000001523152,0.10000242993006421
ERassociated,0.10000014452482313,0.10110274052839124,18.568860527201977,0.10000131870768156,14.629989588283786,0.10000695227547816,0.10000138117111243,0.10003544224374226,0.1000017412714338,0.10000016376918669
0006879,0.10000043839675238,0.10000367074716658,0.1000039474397518,0.10000426605487417,0.10000131691838943,0.10000000004771095,26.778230580053734,6.42175293064068,0.10000261589815565,0.10000023378766254
length,0.10000919039062198,6.550063538684491,0.10002703889328943,0.10001884817602442,1.9952459517291137,14.31860048065136,2.3327720337174904,0.10000875530754656,7.350298971381099,1.0529551910229658
double,15.705845733418368,10.497736694031433,0.10001414156804264,2.812299047773817,4.017710351343421,0.10032527431031149,0.10008523572567177,0.4659553151840785,0.10002273265733763,0.10000547392798254
0000480,0.10000006158141236,0.1000001037387247,0.10000028902804906,0.10000010685263548,0.10000001466594145,0.1000003149764694,0.10000007368341254,0.10000000945520342,0.10000034935093059,33.099998676663596
promote,0.1000095682712599,14.4629197419877,0.1000311961412432,0.10001722503634926,1.106774788027316,10.183889490610987,6.296564540074484,1.4497638956210968,0.10001750087239061,0.10001205331226581
suppresses,0.10032766170434032,5.042299238363674,0.10001573408156822,5.7076384833224285,16.837571781953592,0.20277513880959472,3.766392223934691,2.042965094047062,0.10000418572589176,0.10001045800850886
nonessential,2.135001207397151,0.1000199961257976,2.6438290045503186,0.10000385916679039,27.422590387687492,0.10000389801585807,1.1985123967150795,0.10001321675971489,0.10002307738139003,0.10000295616279184
heterochromatin,0.10000103562181789,0.10001374372759374,0.10001157450203778,20.187023358331594,0.10000014792916698,3.03771285209412,0.1000005588776439,0.10000002269023522,0.1000033079438932,10.075233398263114
5ETS,0.10000006158141236,0.1000001037387247,0.10000028902804906,0.10000010685263548,0.10000001466594145,0.1000003149764694,0.10000007368341254,0.10000000945520342,0.10000034935093059,33.099998676663596
silent,0.1000016674790828,0.10002699406434891,0.10001728650138593,23.00839846651974,0.10000630172047457,0.10004738975316041,0.10000036512514579,0.10000148882195761,0.10000205168320711,10.191497988306525
wobble,0.1000031415492615,0.10001165418106152,0.10001315569296086,0.10001169047370988,0.10000000006239994,8.537890554951481,0.10003254319742669,0.10000557359951573,24.662023543137476,0.10000814312845323
0005198,0.10000209662028832,0.10001905812335168,9.642226121054085,0.10000551821524391,0.10000447141643684,15.415746613170612,0.10002271662931418,8.241969461032285,0.10000005957696025,0.1000038841345168
fructose,0.10000061150105939,0.10002041545806199,0.10002469044043438,0.10000031607997283,19.868064918519682,0.10000000009816595,0.10000331345773998,13.331879153029568,0.10000575180696167,0.10000082958515348
20S,1.349092507792123,0.10000572640804532,21.564852838304947,0.10000035377376494,0.10000298865032549,0.10000097888490088,0.1000001209898633,0.10000012804564645,0.10000101106381012,10.386043346070663
0000775,0.10000019274434409,0.10000363546749708,0.1000063758942194,0.10000538066358956,0.10000005180066991,33.099980857386704,0.10000006485429402,0.10000014830344449,0.10000059458999222,0.10000269828831086
Oacyltransferase,0.10000054807562796,0.10000000001886913,0.10000021096413819,0.10000000002204931,32.09999401703808,0.10000000003057288,0.10000360420651927,0.10000102778074775,0.10000025928186317,0.10000033257430944
secretion,0.1000045563086036,0.10002883957245993,0.10000871434364225,0.10000293256789458,8.716294800428914,0.1000364073627504,0.10000686816178356,23.4836112909108,0.10000053590213506,0.10000505441331647
different,0.7974755658580004,2.631521120171073,4.624580886820954,0.10010209137783523,6.014329327544713,2.9186232435088635,0.1000424571304013,7.645954519335398,4.68412397957643,3.483246808602727
SNARE,0.10000046565647801,0.10000598969408386,0.10000448392857939,0.10000004326819364,0.1000024308292168,0.10000100318084887,0.10000007943242985,32.099985213302936,0.10000006587178255,0.10000022482640447
0006164,0.10000001080256045,0.10000003789592725,0.10000112696062982,0.10000028847710678,0.10000088213201902,0.10000000002795166,0.10000032306782557,0.10000039991904862,32.099996930680405,0.10000000002975915
0042274,0.10002054836564941,0.10000586948913785,0.11150253255237196,0.10000000002426757,0.10000013154489483,0.10000464544279508,0.10000001393676164,0.10000193092212609,0.10000067099525889,32.08846365671541
upstream,0.10000184760583163,1.6553932328358247,0.10001585451918406,0.1000695988579383,9.07381410530733,14.606682766668685,0.7326737633676206,4.327474462138939,2.2034710294785724,0.10040333912248724
nucleation,15.712682536485119,0.1000212658760665,0.10000305240162541,0.10000007647020746,0.10000027259219325,16.487287921525756,0.10000157367863581,0.10000192531049665,0.10000014885909703,0.10000122678708387
vitro,0.10002999564611027,2.9658154663055005,13.860693234457097,1.4018144408814022,0.1000898262996826,0.10003982454439156,5.522239222194635,5.073381588063703,2.841193095431238,1.0347033061043278
coupling,0.10000000004719414,0.10000000003386883,32.0999242501525,0.10000012250733735,0.10000072753426824,0.10000003468761128,0.10007144572871306,0.1000034191963839,0.10000000003243556,0.10000000005845398
NADdependent,0.10000000014299724,0.10000943586884546,0.1217672550320472,0.10003332830535767,0.10000158421940221,0.10000625300433594,0.10010603809688369,0.10000000009600953,13.483861913333758,18.69421419185466
Plasma,0.10000020312056997,0.10000488430235621,0.1000093145898781,0.10000013962806124,0.10000557056146252,0.10000000003511844,0.10000032354416935,32.09997945877708,0.10000006162369231,0.10000004380739169
depletion,19.15648806966709,2.315359334798172,0.10003962116126845,4.897799925130408,4.832978151811326,0.10000673359169081,0.10002598756105469,0.1000024397445614,1.2971959558801178,0.10010378059689777
mannose,0.10000000006212596,0.10001854604071879,0.10000247647213867,0.10000017820067543,17.638625798647737,0.1000001894993033,0.10000249018888353,14.561345939229726,0.10000433993538618,0.10000004170514303
analysis,0.1000027137831298,0.10002751748386937,3.9929478163257333,0.10001680663416603,28.20696671168806,0.10001837294541678,0.10000440121813475,0.10000583719563065,0.10000794646519134,0.10000187623322505
serinetype,0.10000010005848663,14.719906511626167,0.10011686133700488,0.10000481152401315,0.10002625146389676,0.10000222304399191,17.479892949724153,0.1000455192503056,0.10000289969687519,0.10000187222409837
0000131,0.10002310949663869,31.0999572939811,0.10000166222828821,0.10000063557008224,0.10000786545702053,0.10000216352072436,0.10000119191274472,0.10000593704182342,0.10000000002252493,0.10000014075615501
shows,0.1000345645901456,2.590418916099822,6.438590323784397,1.8339117512625376,19.213087911992943,1.4234500260873097,0.10000655220668135,0.10006024626361103,0.1000217871063575,0.10041792051261265
exosome,0.1000090367201213,0.10000009208909977,31.099941141467042,0.10000350911655537,0.10000000001717067,0.10000463874113918,0.10000000001615711,0.10000000001627926,0.10000240056564375,0.10003918123803462
nucleoside,0.10000124395330544,0.10002405370373466,5.508281663399139,0.10000278153236637,0.1000099690563864,0.10000024475319678,0.10001895376761427,0.10001450773331834,25.691646399265416,0.10000018280870761
0046933,0.10000000001068446,0.10000000000767215,31.09999141243986,0.10000004216500463,0.10000007335029489,0.10000002385531201,0.10000536704687676,0.10000308109649822,0.10000000000735867,0.10000000001325265
lethal,20.364913837679506,0.10001848287358407,2.0096434193928183,0.100023287512107,4.018498310985243,2.1110864733526213,0.10002186328827188,2.4758697885956678,0.10000743065950703,0.6199171056139147
0006418,0.1000099556078156,0.10000130991292501,0.10000049359492336,0.1000003365982544,0.10000061541066574,0.10000144906868914,0.1000091250386322,0.100000000029069,31.099976714674952,0.10000000005372141
mRNAs,0.10001609747606884,0.10000803525964369,7.365908702613033,0.10032335046839481,0.1000023446970623,23.833696832589098,0.10000696313305336,0.10000849984314632,0.10001229830402827,0.10001687559193131
0007131,0.10000017200688602,30.05966820904413,0.10354317772028059,1.1365969225953472,0.10000728668649587,0.10017428698942123,0.10000372956084855,0.10000000007552426,0.10000621513994008,0.10000000013961567
Arp23,31.099949969220578,0.1000228405042856,0.1000065018654919,0.10000000003407863,0.10000345621518643,0.10001290273642699,0.10000290702407033,0.1000007607954625,0.1000000000279161,0.10000066156338652
0016798,0.10000042738447953,0.10001948343404272,5.182763438145858,0.10000043951500115,24.29738048523696,0.10000009799369444,1.8198196493265073,0.10000157301513919,0.10001413756250996,0.1000002683625567
0050660,0.1000003919002047,0.10000012594880227,0.10000318295484917,0.10000109776305788,0.10000431843767622,0.10000596449639677,29.88084200159716,0.100004500417247,1.3191374893503502,0.10000092711975976
axial,0.10000033364080715,31.099992360021965,0.10000000001596723,0.1000000924107963,0.10000036866418051,0.10000244232351303,0.10000000001357835,0.1000044028626336,0.10000000001402172,0.1000000000252834
ABC,0.10000960827104563,0.1000000987600382,27.275688360626543,0.8278922633791931,0.100000317878576,0.10000000007004972,0.10000899724684441,3.19639918167914,0.10000011867753164,0.10000105338537513
glycolytic,0.10000013575229887,0.10002243682814306,1.365642468032376,0.10000358897522911,29.834267320032538,0.10000000011672458,0.10004343044936263,0.10000044058075723,0.10001953877085042,0.10000064043338786
0005933,0.10000422700097232,31.099932570994827,0.10000009366907227,0.10001055225376648,0.10001982234966375,0.1000082338126899,0.10000863507094389,0.10001569845601775,0.10000000004357874,0.10000016632993783
polyA,0.10001189655643257,1.9615986421263252,18.604905124415076,8.645760535432572,0.10000000004727762,2.187695798269367,0.1000035911976969,0.10000604678755064,0.10000276087787306,0.1000156042608767
species,0.10002905689000444,0.10001756742916557,2.582594581670974,0.1000075685422984,14.802429740728378,0.10000037540188718,7.958442630489646,6.056342942920729,0.1000051806349106,0.10013035524076903
apoptotic,0.10001753625340365,2.917836532422407,14.122300174746064,0.10001311229719921,0.1000184886634881,0.10002194876150705,13.25976334467363,0.10001296492974988,0.10001589708767174,0.10000000012896693
0007064,0.10000289647889542,0.10006717134461032,16.692046375693547,0.10001309622158043,0.10002690821031242,0.10056651051986898,0.10000000014546621,0.10000027826663835,0.10000000015028992,13.50727676287383
RNAmediated,0.10000070391069171,6.321750860142174,0.10062770589400187,0.10000533950151673,0.10000057987640518,0.10001324274849331,0.10000007659670043,0.10000000003106005,23.737325194497163,0.2402762967810129
lipase,0.10000143370754778,0.1000010615906332,0.10001320771599814,0.10000067171509076,0.10011698965420376,0.1000000001506746,30.099866286903726,0.10000034827941347,0.1000000000893475,0.10000000016051444
nonhomologous,0.10000000006947225,29.406210939525664,0.10000894713272111,0.1000388583462156,0.10002334844182473,0.10001642652178921,0.10000011190882079,0.10000000004670247,0.10000240090230604,0.7936989670818048
results,6.266360272241347,2.0215860464044177,0.10003971897328381,0.1000244889224491,7.6651265743444075,0.10012114493799736,7.680739781613859,3.2192633282081013,0.10000496273736631,3.746733681558597
glutamine,0.1000100135739943,0.10000005413616764,0.10000348490314062,0.10000748622217137,2.53735541592319,0.10000144010281284,0.132868326227073,5.08335926087364,22.64630295434206,0.10009156365454018
0019898,0.10000395266067094,0.10000536557959142,0.10001342305117347,0.10000181410869291,0.10001008122063004,0.10000225563618426,6.437179170494248,23.762762599336106,0.10001847380982465,0.1000028640788531
Nlinked,0.10000000003689793,0.10000554949184584,0.10000038014513622,0.10000012929104467,30.099983686313266,0.10000218975633134,0.1000005440120699,0.10000546734759143,0.10000194204533346,0.1000001115512637
phosphoprotein,0.10000437814439084,0.10004992129666239,28.99473807211392,0.10000441516334653,0.10000894904291263,0.10001115561280655,1.2051612496521433,0.10000056088321775,0.10001240884631678,0.10000888921127053
cyclin,0.10000000004102666,26.671430194163534,0.1000145548126511,0.10000877355329815,0.1000000000290593,3.52854628684936,0.100000000027381,0.10000019043031148,0.10000000002824631,0.10000000005090975
some,0.10000185234580232,0.10002685687270542,4.053287416349714,1.7424083270008623,7.062724167817952,16.38364243986378,1.257863245806587,0.10002746674101837,0.1000099982551549,0.1000082289011148
U5,0.1000002969420463,0.10000000001485036,0.2590854481699856,0.10000178469123927,0.1000001789758815,29.94088942562641,0.10000000001376949,0.10000000001387237,0.1000027808363905,0.10002008470534793
phosphatidylcholine,0.10000000004587756,0.10000548082547267,0.10000171124306935,0.10003179524292184,30.099928827025465,0.10000273554900613,0.10000956534844407,0.10001543410353939,0.10000445054000952,0.10000000005695749
Fo,0.10000000001211083,0.10000000000869448,30.099990376900397,0.10000013075160259,0.10000011373946899,0.10000003698659544,0.1000056913237037,0.10000365024666645,0.10000000000833595,0.10000000001501828
SCF,0.10000000003275715,0.10000681980481776,30.099984127606668,0.10000000002752721,0.10000169457686091,0.10000292198873624,0.10000154905718248,0.10000044821299989,0.10000243864336539,0.10000000004064266
0030036,12.376545871251771,8.451724298453557,0.10000070497421094,0.10000804956577382,0.10000735910625476,0.10002415270935021,0.1000103425804007,9.471676562925413,0.10000000005072124,0.10000265835669565
repressor,0.10004273768117036,0.10003616012653611,0.10002528051501902,18.61134106716337,0.10008150507192991,9.836081668948465,0.10000966487597145,0.10001301949649875,1.852356619670073,0.10001227639387841
0030170,0.10000005144508886,0.10000182703922031,0.10000185726658142,0.10000040235042852,0.10000648765546001,0.10000025867160398,0.10001818614326054,0.10000930760789878,30.099961099428402,0.10000052237882237
0007005,0.10000920511222043,2.686788396281173,0.10001412397553291,3.0970706541230975,0.10000891520796382,0.100012394211309,24.516087580469634,0.1000047838002668,0.10000325416732721,0.10000069262386217
0000002,0.10000909695666405,0.10001029133811795,0.10000398566372434,0.10000960842535983,0.1000069389282994,0.10000957572321763,30.099938171402975,0.10000463560425281,0.10000653062861824,0.1000011653116635
0009055,0.10000047654649115,0.10000122580793899,0.10000082603377773,0.10000223994928366,0.10000454013137286,0.1000012525088084,30.09921474328426,0.10077449847578879,0.10000019721737384,0.1000000000349461
NC001145,0.1000000005177131,0.1000010580818833,0.10000000040569057,25.540915868105262,0.10000000036664135,4.659083070819483,0.10000000034512245,0.10000000034771514,0.10000000035648934,0.10000000064279188
second,0.10000035621090436,0.10000504231734626,0.10000925180105738,0.10000529696295811,6.026380901099089,13.38992935472282,0.10000811895060421,0.10000000005615771,10.883660137482169,0.10000154037484861
metallopeptidase,0.10000158422788953,0.10000097703542349,30.013355632720998,0.10000499786524054,0.10000528470735091,0.10000000006375005,0.1866216900282047,0.10000691510857695,0.1000003368028608,0.1000025814269839
pathways,0.1000033642477729,16.561418055687987,7.252096330379629,5.091457763001249,0.10001041978301095,0.10000482300181893,0.10002516942540866,1.4948934798354594,0.10009002672415718,0.10000056786038566
such,0.10000559902599383,5.928648627149674,0.1000521839679266,0.10069884304115338,14.09620401133946,5.195316239865568,2.9121394952788657,1.4736936305935289,0.10004757822773455,0.9931937913477161
dolichylphosphatemannoseprotein,0.10000000001426262,0.10000000001027942,0.10000000001118525,0.10000000001199755,30.099999192767,0.10000073775040703,0.10000006939169351,0.10000000000958464,0.10000000000982792,0.10000000001769434
0006414,30.099965851733444,0.10000193759676695,0.10000269032143144,0.1000191081544683,0.10000011270088287,0.10000633257670358,0.10000070480271504,0.10000009546563962,0.10000018799366348,0.10000297864465814
polyamine,0.10000000011963132,10.17241425547668,6.09994322371386,0.10000108313468221,0.10000512606677787,0.10000000013938144,0.10004375245322422,14.027568843416065,0.10002371529760197,0.10000000014842675
exonuclease,0.10000095432418915,0.10003592807670447,4.121419739491536,0.10002394278043718,0.10000105551455198,0.10000793859373525,0.10000368990825484,0.1000000000521469,2.499888594508932,23.678618156719835
0000932,0.5616729288511304,0.10000390559732747,12.890146535944451,0.10000555503636761,0.10000903364224886,16.848146781305292,0.10000399637094372,0.10000406218154957,0.10000579704020922,0.1000014040097376
0008237,0.10000158443503841,0.10000097714966584,30.011953486903945,0.10000499850890515,0.1000052852047281,0.10000000006375656,0.18802383314092874,0.10000691604365312,0.10000033684243118,0.10000258169422904
maltose,0.10000164246819515,0.10000000007457768,14.835559732349157,0.1000426512685499,0.10003539069227556,0.10000000012087944,0.1000172222437962,14.852189619120672,0.6121537414992851,0.10000000012873678
0003899,0.10000153117106017,0.10000525613166407,0.100006851351601,0.10005910977213299,0.1000000000336526,29.099915678968298,0.10000278497309942,0.10000000003189112,0.10000033462609519,0.10000845292281903
deaminase,0.10000000003453077,0.10000013978175286,0.10000406229764354,0.10000000002905829,0.10000540680023466,0.10000000004026896,0.10000130868626661,0.10000114941484611,29.09998793286393,0.10000000004288126
production,0.10000286979800865,4.362362899813875,0.10007614122218327,0.10000548079236297,4.412513977868219,0.1000079497408044,0.1197269277079507,0.10006738405190328,5.533319448088035,15.071916920856845
Nmethyltransferase,0.10000768200714963,0.10009815446562162,0.10000294628575584,1.099837215102259,0.10007542275461152,0.10000000026182879,0.10000717118682488,28.0998345313108,0.10003414806099467,0.10010272849391232
inorganic,0.10000000007001471,0.100009852618486,0.10000701231651593,0.10000010638276265,0.10000051066710379,0.1000000254654103,9.425640799846926,19.774333663170754,0.10000785091063488,0.10000017853331661
cofactor,0.10000000020130058,0.10002395368132357,2.4624210337021837,8.30250638678728,0.10002878250148947,2.9234140508335966,12.307022874098273,0.12852224661293526,3.476047468643723,0.10001320289211277
nucleobasecontaining,0.10000227692168355,16.425617175900836,0.10003823777676801,5.291836187015005,0.100015706893456,0.10002429857328864,0.10000635955496502,4.088314498834608,3.594102523999256,0.10004273448550698
66S,0.10013128275599203,0.10000510333641563,29.0994295581745,0.10000026976435576,0.1000000433712465,0.10000400039428212,0.10000012255517557,0.10000000017274494,0.10000580164622765,0.10042381775536029
anhydrides,0.10000186885993782,0.10000216241844168,29.099923651887295,0.10001444836941809,0.10000000002054459,0.10000532292093203,0.10000312317575132,0.10002870794795696,0.1000069682195046,0.10001374616337615
Sadenosylmethioninedependent,0.10000417141702224,0.10000106479402351,0.10000041780007628,0.10000128336163538,0.10000888482666567,0.10000922072604666,0.10000450959262969,0.10000227631240853,0.10000287817738368,29.09996529298242
their,0.10000823127829817,0.10000101554190839,9.826417122153346,6.154362841444902,0.10001920016502798,9.117980514164069,4.30111235660066,0.10003889234985137,0.10000114265880383,0.10005868360116538
filaments,7.404022847755583,16.89244222648333,2.689736014970881,0.10000894203245425,0.10000429710475627,0.10011866857248128,0.10000076331340468,0.10000636098972054,2.4136548030764744,0.10000507565830065
possibly,3.9305144786835635,4.657295640352204,3.9109375165773987,0.10002078815740664,12.123987163151003,1.106975343157958,3.870097889006908,0.10005573090908516,0.10002618497647893,0.10008926496088258
proteasomemediated,0.10000017367468945,0.10000475779974462,28.08045664197648,1.1195238032129995,0.10000154735588601,0.1000079357252809,0.10000155560275054,0.10000358456449937,0.10000000002548459,0.10000000004592977
0000790,0.10000154044386556,0.10002310297131584,0.10001542307752793,28.519665671271007,0.10000129489332236,0.6800710927503997,0.10000073663126352,0.10000655442667261,0.10000580612665401,0.10020877738780767
0003697,0.10000138124600925,0.1000322585677032,14.488032538088543,14.710828870968589,0.10000002330231156,0.10003176404121236,0.10002015870118851,0.10000000004582654,0.10000249197287021,0.10105051303840043
specificity,0.1000062084995621,0.3736895546570447,8.912045408337644,0.10002931467378236,0.10003147324736857,2.0931459944530175,13.497417876851992,2.2334352141079044,0.8600202664473225,1.7301786886727464
this,0.10000754626552659,8.911209973337261,0.10003451638449166,0.10002226373350849,0.10013441668114353,11.986465387192876,2.1775530023824015,1.358370742524523,3.391720161908336,1.774481989514
0004004,0.10001443620048955,0.10000000003579572,0.10001749752822528,0.1000015151892711,0.10000016808637253,0.10002299160176564,0.1000024297426759,0.10000031205778116,29.09987099680601,0.10006965272870076
polarized,0.1000022377195411,28.990183281114078,0.10000004023646354,0.10000066119996696,0.2097958919822239,0.10000088201061476,0.10000056509760102,0.10001637910012837,0.1000000000321967,0.10000006149153522
isozyme,0.10000186020853317,0.10000028189153763,3.1208871164528413,0.10000014923526818,1.8917686978016992,0.10000012786328566,8.849094360988158,0.10004326605248402,15.538197668194796,0.10000647127500462
hybrid,0.1000594248510572,0.10000016260191703,1.1758928980925305,1.1049260257691578,0.10000000006705938,0.10003335972874905,0.10000000006311605,0.10000000006356896,27.01908002223565,0.10000810649223749
macroautophagy,0.10000074167703588,10.14722891802616,0.10000511339963332,0.10006812368762141,0.10000469434480541,0.100025786098759,0.10000786928626476,17.69950613918074,0.10000018364015752,1.4531524306239554
monophosphate,0.10000183115003419,0.10588859981627509,3.478532463928388,0.10000031779515142,0.10000198292467198,0.10000000008053903,0.10000207189154951,0.10000063278982309,25.715572099521022,0.10000000008576088
probable,0.10002023180496077,10.397080844492931,1.8364625735625482,2.1282463047293927,0.10001812042954866,0.10001630415971084,7.713182837382226,4.068721072816445,3.456227864849146,0.10002384572220745
0006486,0.10000000003856391,0.10000018297535633,0.10000315850724871,0.10000000003243005,29.09998337090438,0.10000116852317409,0.10000061579025864,0.10000897782462714,0.10000240994264599,0.10000011545193893
0010008,0.10000174297495544,0.10000698769270917,0.10000540770618364,0.10000048678355881,0.10000063058841999,0.10000087019652175,0.10000857852227155,29.099975130255213,0.10000016522802885,0.10000000004101639
0000463,12.945882838663152,0.10000086764186916,16.253737852108983,0.10000197156590876,0.1000012932756256,0.10000575416803693,0.10000000010223992,0.10000000010297934,0.1000190482970978,0.10035037401969102
anaphasepromoting,0.10000000003002513,0.10000594673301437,7.057671364864262,0.1000008209096177,0.10000107502614917,22.14232049641903,0.1000001140904398,0.10000018185965129,0.1000000000206784,0.10000000003729405
Histone,0.10000270376345391,0.10001222209267709,0.10002014688595284,5.066087379428407,0.10000752574722463,0.1066312749817188,0.1000002419476224,0.100000130387487,0.10000115346649316,24.127237221274452
facilitate,4.725649120600816,0.10001719362318429,0.10003079608957197,0.10001709933916622,3.821537666294071,11.342040658546628,7.262115650449077,2.348555091755637,0.10000095653041881,0.10003576672567491
0005096,0.10002943146764832,0.10011380981549846,0.10000901122832337,0.10000153095624469,0.10000206683841466,0.10001348899394362,0.10000000006668548,29.09982962018614,0.1000002192411075,0.10000082116928971
0008610,0.10000000004368012,0.1000005955265069,0.10000000003425394,0.1000003308701568,13.595562051308068,0.10000087326986551,15.604425419020437,0.1000041192595804,0.10000648264129708,0.10000012801107788
physically,0.10000615023630316,0.10007194597396565,8.60960221588449,0.5802388746836069,7.666755481022551,2.1383203847285674,5.696540533375947,0.20324367119332876,0.10000551556396883,4.805215227281492
diphosphatase,0.10000000006787627,0.10000128783736037,28.078412540862985,0.10000021023760271,1.1215539494364042,0.10000216219876022,0.1000143918060875,0.10000859644752756,0.10000686100623422,0.10000000008425507
chronological,1.0042089291922536,4.458109977575981,0.1000316321159811,1.0918821500704505,0.10790514021020234,0.10001361746073997,16.73469773908769,0.10007939852383729,0.480344835101563,5.822726580611468
aromatic,0.10000299879766415,0.1000000000363168,0.10000586741759628,0.10000017711574789,0.10000850263132305,0.10000000005880763,0.10000637019947903,0.1000088078885839,29.099966916598365,0.10000035924337665
0009982,0.10000028703955857,0.10000000003183232,0.10000000003474047,0.10000000003724736,0.10000037516725178,0.10001352803718878,0.10000247985577662,0.10000000002975427,29.099927792355256,0.10005553739664573
RNAbinding,0.1000252856121183,0.10000326518182712,8.613925040388523,0.1000090717776631,0.10000366924945991,20.58590021744289,0.10000030448363616,0.1000004829156206,0.10001214748950069,0.10012051542654568
0051536,0.1000143514747723,0.10001164441895619,0.10001959733026558,7.384999323954587,0.10000165851582435,0.10000489387510073,20.814808415555238,0.10010411344850437,0.10002062367684332,0.10001537772270311
CVT,0.10000536408598844,3.1546662068107585,0.10000854386412615,0.10000060624665344,0.10000147864678151,0.10000174639668781,0.10000177115792132,25.045313402321796,0.10000018893281354,0.10000069152240045
CD,0.10000009318606551,0.1000056971849356,0.10001582350736678,0.10000258231354917,0.10000016368406439,0.10001334645682489,0.10000045442207155,0.1000000000179668,0.10002272189074699,28.099939117324173
retention,0.10000216802046091,0.10000758972202317,3.3477155165639045,0.10000461937283353,3.099060218285868,7.013852567532237,4.078336158297207,10.960994573145946,0.10000346448823252,0.10002312453603891
Member,0.1000095028443239,0.10002830498700666,6.352280540481721,0.10001180707691333,10.36849349870929,3.5715036394937014,1.0715989369648746,7.136067155501962,0.10000271089252437,0.1000039030084942
storage,0.10000186707768285,0.10004141226632308,27.04679966339825,0.10000006554843198,0.10000269350659,0.10000000007689766,0.10000258507722178,1.1531514560544562,0.10000025688796337,0.10000000008188861
NC001143,0.10000000047802624,0.10000000034360662,0.10000000037460902,25.099964113431422,0.10000173405698241,0.10001672572026626,3.1000174243347423,0.10000000032104656,0.10000000032918385,0.10000000059354262
raft,0.1000090469917004,0.10000549893170364,0.100001615570987,0.10000270316052806,0.10001410213125718,0.10000054929422161,0.10001290434074495,28.09995255059821,0.10000000004153191,0.10000102892369822
motifs,0.10001057293490508,0.1000249165216039,11.660153109562604,5.861993940847667,0.10003478115790895,1.75968829971173,9.117931427351612,0.10012764813887633,0.10000343313275176,0.10003187059707762
GTPbinding,0.10004167800745631,0.10010857299673945,5.850802873859853,0.10000086942293678,0.1000081306747883,0.10001290573321149,0.10000677117395203,20.772418012042955,0.1000008844753307,1.6765993015644218
galactose,0.1000000001493411,0.1000159211466245,0.10004191599976464,16.163647982340695,0.10003734022497568,0.10000652626975172,0.10001094967990154,12.036204751033406,0.10003461292996282,0.10000000018528385
0006470,0.10000235867379703,12.719589155299072,15.48039485785756,0.1000012152245042,0.10000166595541397,0.10000687814174535,0.10000328103201436,0.10000017573211396,0.10000007411930995,0.10000033795023558
citrate,0.1000000275236159,0.1000000000204858,0.10000042023411139,0.10000066885568014,0.10000035192055855,0.10000010814016372,28.099989106410174,0.10000839449959417,0.10000092235168165,0.10000000003531388
0006623,0.10000174908215137,0.10000643656364926,0.1000057500770245,0.1000015847515942,0.10000382725155922,0.10000406445003285,0.10000093841288674,28.09997518838934,0.10000020359603952,0.1000002574149407
multivesicular,0.10000000004705246,0.23431697213353497,0.10002332681392112,0.10000018909475757,0.1000021680544108,0.10000678302794365,0.10000019256799449,27.965650368152197,0.10000000003239715,0.10000000005846955
ARF,0.10000135814183514,0.10000000001215618,0.10000000001324194,0.10000119224382453,0.10000026938526042,0.10000000001969188,0.10000000001125214,28.09999718013342,0.10000000001162607,0.10000000002094613
0000079,0.10000000001821628,28.0999937771792,0.10000063575864544,0.1000027256853014,0.10000000001290223,0.10000277066874015,0.10000000001213782,0.10000009062288993,0.10000000001254371,0.10000000002260359
condensation,0.10000000017528488,0.10001604881155046,8.621444430604111,0.10001893580843005,2.549887653115129,0.10017061176950359,3.721046758040174,0.10000000011773189,0.10004521071818837,13.50737035078061
mouse,0.10003949225036045,0.10002461054786149,12.238317251457987,0.1000854117307126,5.50068651633144,1.228772170555861,0.1000162424110635,8.394320491738853,1.1376860129149555,0.10005179999327438
triglyceride,0.1000000001229124,0.10000519934103944,0.10001370807900875,0.10000367292253773,0.1001070863916271,0.10000000014307996,28.09986275111897,0.10000333233829313,0.10000424935655136,0.10000000015239291
presence,0.10000924510501001,5.682722207206444,0.10001193387610574,6.959231870576514,3.7062688313796976,0.10004973557291322,1.9128283189810518,4.462520693961741,3.738665681625689,1.237691481659339
anaerobic,0.10001515150788116,3.2493910200864833,0.10002065680861369,0.10003879495513246,19.303963879811256,0.10000287010595632,4.737625306792649,0.10001159574782202,0.10889161818861978,0.10003910595273668
0042626,0.10000029991314599,0.10000000002292771,6.567924965160178,0.10000006931552446,0.10000078249226337,0.10000000003716039,0.10001287268539298,20.632060661005323,0.10000034931447385,0.10000000003955582
0005938,0.10000673740020065,18.27686359337119,0.10000205899963936,0.10000000006924695,5.847136552235614,3.1759771065830242,0.10000221494724962,0.10001173621392966,0.10000000005670712,0.10000000010231584
phosphotransferase,0.10000016373178636,18.13442924320942,0.10000005207009217,0.10000735661604378,9.065522579658701,0.100003117945271,0.10001581671600067,0.10000317755195455,0.10000858105540775,0.1000099114244556
Homolog,0.1000087286951782,0.10006924427329217,7.937888937626187,0.10005970386695016,0.10009506522414782,0.10006935978628709,6.702422970533374,8.325181899680464,3.627715651602606,0.9064884386299777
polymerization,0.9660374718236062,7.362798313914013,1.7059440444634602,0.10000264181191008,0.10000341039932473,17.365209264100972,0.10000111368442333,0.10000362346084316,0.10000000004789435,0.10000011627097968
0005635,0.10000230683119132,0.33733924348181177,4.838263333650126,0.10001295951367807,15.02993962526956,7.194364626288795,0.100016750127438,0.10000655167272261,0.10001625756029026,0.1000383455676726
adenylate,0.10000059569466109,27.099970956830877,0.10000394567398929,0.1000006934258617,0.10000092346688794,0.10000119044509989,0.10000460421588656,0.10000606764428138,0.1000057671322937,0.10000525545895447
Nterminally,20.726865495652746,0.10000077069959029,5.241175790271925,0.10000885429832791,0.10000462737970259,0.10000000008626314,0.681055049694363,0.10000358203311348,0.7508806322240477,0.1000051976334591
0042144,0.10000031105330133,0.10004038421199372,0.10000795026391453,0.10000424719070185,0.10001049361853244,0.10000495894620766,0.1000018514854365,27.09992904722749,0.10000048886390707,0.10000026711874674
partially,0.10000798188310614,4.554657547765939,0.10000987280169941,1.2745094056167108,16.216610765376696,0.10002131714496237,5.35415731751069,0.1000149187927052,0.10001076410557773,0.10000010896497498
viruslike,0.1000000000360444,0.10000000002587481,27.09985682723311,0.10000000003033667,0.10000000002548826,0.10000000004194866,0.10000000002398858,0.1000000000241666,0.10014317248032345,0.10000000004477776
0006633,0.1000000000351547,0.10000000002526277,0.10000000002755555,0.10000047712531111,0.10001702289341181,0.100000409657371,27.099974874980266,0.1000008090777452,0.1000063001975194,0.10000010596900741
VLPs,0.1000000000360444,0.10000000002587481,27.09985682723354,0.10000000003033667,0.10000000002548826,0.10000000004194866,0.10000000002398858,0.1000000000241666,0.10014317247988523,0.10000000004477776
turnover,12.093630892946658,1.8715113845804177,3.419934995092166,0.10000329566165646,0.10000102546065723,0.10000569076933928,0.1000169250147914,1.260281051545157,8.854581131865766,0.10003360702190799
0004523,0.10000000000975265,0.10000016203188426,0.10000311166735,0.10000022363576797,0.10000000000689858,0.10000000001136208,0.1000000000064925,0.10000000000653957,27.09999005673029,0.10000644588619417
acetylated,27.09983474746601,0.1000418465712568,0.10001519543689018,0.1000085586850485,0.10003829204729148,0.10001265338084485,0.10000057351734207,0.10003637391757755,0.10000087848655538,0.10001088045564757
U3,0.10000017256292083,0.10000019115715222,3.168279757067003,0.10000228524617592,0.10000312745021814,0.10000458305837324,0.10000009665207975,0.100000757437052,0.10000025254811727,24.031708776809445
0008654,0.10000009350981676,0.10000152512098975,0.1000009617677294,0.10000063602333645,27.092650434953182,0.10000000004535967,0.10000574282367893,0.10000189670430601,0.10733865227412719,0.10000005676498537
Transcription,0.10000034333371069,0.10000457322837304,0.10000054669161466,27.099971384811326,0.10000539239643426,0.10000353551774248,0.10001015965583632,0.10000289041217356,0.10000021229348727,0.10000096164869204
steps,0.10001596387717218,0.10002303940809465,2.01441307501445,0.1000027919485259,6.6247003125928,1.4113497979640746,13.377526839721595,0.1000117938250015,1.6828322736016308,2.4891241120004244
myosin,20.038974037565694,0.10006188810276892,0.10000276436793543,0.10001009843748453,0.10002706581092342,0.10007160650116151,3.283510077238388,3.0076773692806027,0.10000000011371034,1.0696650925293645
activities,0.10002958155447123,2.408967540492496,2.2526622482803242,0.10002184328156238,0.10001568332949039,0.10000904709347508,10.054428824890264,0.10000459703641995,10.46216550888488,2.3216951251131617
RNADNA,0.10000000000975265,0.10000016203188426,0.10000311166735,0.10000022363576797,0.10000000000689858,0.10000000001136208,0.1000000000064925,0.10000000000653957,27.09999005673029,0.10000644588619417
0005506,0.1000112914098419,0.10000000003024555,0.10001241076943493,0.1000012567373842,0.10001401853393989,0.10000054510264797,27.083122577550064,0.11683192189241119,0.10000408896691085,0.10000188899117593
0015992,0.10000000005270154,0.10000000003785708,17.837135183833148,0.1000001276564199,0.10000062254107482,0.10000001964716426,0.6149946156466594,8.847869430464995,0.10000000003626475,0.10000000006533025
nutrient,0.3181482410920482,11.89792024235981,6.627903186459166,1.7124664686941067,0.10002253643606862,0.12295127120659852,0.10001102706926543,2.5299784428079994,4.490598583654957,0.10000000017144696
TYATYB,0.1000000000360444,0.10000000002587481,27.09985682723286,0.10000000003033667,0.10000000002548826,0.10000000004194866,0.10000000002398858,0.1000000000241666,0.10014317248057017,0.10000000004477776
seripauperin,0.10000052297891936,0.10000000001915554,0.10000000002088787,0.10000159436839574,27.099997757528676,0.10000000003104217,0.10000012497720176,0.10000000001790128,0.10000000001835523,0.10000000003306692
incorporation,0.10000170470698742,0.10000069160344283,0.1001232115301017,0.10001254068451583,4.329169552660219,0.10001515316596918,21.13583319810564,0.3182768469297419,1.6162606694137667,0.10030643111526452
induction,0.1000509380295725,4.4347729325258305,3.484918655278007,18.38997367345921,0.10001672920343593,0.39744494887224036,0.10003021964109515,0.7927386180700933,0.1000389155768262,0.10001436928345642
0030476,0.4942675685186847,2.1721480291461965,0.5363705959811516,0.10000423429443801,24.19713135006662,0.10003064150570402,0.10000718729298595,0.10002919600901708,0.10000011510010731,0.10001108204613614
mainly,0.10000052301453445,0.10000081341272259,0.10006433333159574,0.10001906297367441,27.09990064081847,0.10001411959792385,0.10000000004019273,0.10000000004050615,0.10000000004152654,0.10000050670608601
glyoxylate,0.10000034548933197,0.10000040604332869,0.10000275703191955,0.10000004954737629,0.10000026817131179,0.10000140363410366,24.03555544983285,0.10000000003341225,3.164439320142135,0.10000000006173129
spermine,0.10000000008511009,0.586657732620929,0.1000000000667689,0.1000000697002056,0.10000073571638302,0.10000000009918533,0.10000045616628464,25.613319751790662,0.10002125363126853,0.10000000010564951
affects,2.2747743003819343,6.585131357239541,0.10003103025504619,0.10008988453624745,6.728087544200197,1.3555574997473983,1.677492324079002,2.594382697508906,5.484142657298362,0.10031070465330365
while,5.703207925828483,0.3878031207848539,5.257452012017934,0.10024138155260787,0.10005885824830354,0.10000699039396845,4.183347605828822,4.185691549750926,6.882128254680214,0.10006230081728837
affinity,0.10002004762776458,1.9124010561288534,0.10000549463747635,0.10001543179520325,0.10000111034866797,2.205908702882652,0.10000131663019926,22.18160564655764,0.10000834009686659,0.10003285326402336
0005200,0.10000261142757552,0.10001207512918761,0.10000059686235103,0.10000157535050676,0.1000003586242478,26.099975263720843,0.10000006695391132,0.1000026912106026,0.10000000001260602,0.10000476070021039
multigene,0.10000054340438874,0.10000000001847942,0.10000000002015086,0.10000165664946484,26.09999766994703,0.10000000002994722,0.10000012985725666,0.100000000017269,0.10000000001770805,0.10000000003190009
manganese,0.10000000010204903,0.10000672792239623,4.024983038642962,0.10001555461733067,0.10002301939500019,0.100004429160719,0.19827172624454886,22.076691664223958,0.10000207622421431,0.10000176343955736
morphology,0.10000007478807811,0.10003590542197391,0.10000874823966995,0.10002979872562953,8.938943779863273,0.10000135499635428,17.260966848941152,0.10001261500985366,0.10000041423659628,0.10000045974806378
evolutionarily,0.10009345524179461,0.10000077894097167,18.445797358945093,0.10001167388611823,2.8757945207717097,3.5920126475087164,0.10016858616511076,0.10000901923983099,1.4860974689425877,0.10001449028001805
metalloendopeptidase,0.10000013962970733,0.1000086455936078,0.10008693784133949,0.10000956477960646,0.10000833952028546,0.10001882125577223,26.099848681836722,0.10000034521218966,0.10001558958658296,0.10000293471084816
tolerance,0.100001808888932,3.5081054735697452,5.109461900136802,4.918907406482626,1.4803163142153246,0.1000291364787694,0.10002118316734132,9.648139861150744,0.10001087592640644,1.9350060399363394
0006096,0.10000000010276318,0.10002363159480696,2.0178504390493415,0.10000420654402006,24.182058144165914,0.10000000011960469,0.100048998988359,0.10000027638356931,0.10001421217398876,0.10000009084857302
ester,0.10000985121474766,0.10003648868935873,7.17666122590338,0.10000451482084102,15.814208752578045,0.10000585951734116,0.10014121634810122,0.10000242753279023,3.3089121169398554,0.10001754642116299
elevated,0.1000475725406746,0.1000210008519475,0.10003364259834398,0.10005515112409694,0.10006092296949931,1.1099457117514273,19.458431687609995,4.664506996212517,1.1668545555106846,0.10004275875877286
protection,0.10000269165213793,6.926913958746123,0.10004290071018944,0.10001846554529914,0.10000598719430501,0.10005021756991057,0.10005788953862806,3.7270752171198063,0.10001290543391045,15.645819766438064
Vacuolar,0.10000025697002168,0.10000491216393884,0.10001586105270165,0.10000245908156574,0.10000710759962544,0.10000009798912769,0.1000021930338684,26.099962867027372,0.10000368642234456,0.10000055864593595
0006415,18.756989139651495,0.10000115069316162,1.1532836117122036,6.389685429228232,0.10000674839132037,0.10001609035865053,0.10000937089375529,0.10000141650272486,0.10000314193874238,0.100003900609679
0010494,17.543179159965348,0.1000113962659186,7.503168171563185,0.10000487832020083,0.10000748157097936,1.2536227884953077,0.10000088967652802,0.10000123685316038,0.10000335980072847,0.10000063746864739
0000722,0.10000009808019346,6.265805688336652,0.10000610014696676,0.10000480400119005,0.10000163330704043,0.10001895528136037,0.10000383797420181,0.1000000000204301,19.93415875261276,0.10000013022151563
isoform,0.10000429602294096,5.23558939771439,3.6952364806810944,0.10000037372792984,0.10000741196647611,0.10000575456052649,8.593549452493484,0.10049114915152135,8.875112686788322,0.10000299685997417
hexose,0.10000000007296034,0.10002974502289347,0.10000269644797433,0.10000077642454791,4.435546663353456,0.10000000008499979,0.1000048094530531,21.76440755640689,0.10000775262074013,0.1000000000904788
compounds,0.10001044415385625,0.10002704951569008,0.10003507862546059,1.1196311894564923,0.10019497372580824,0.10000042937763083,18.204844999288614,0.10004464246254087,6.975211071680988,0.10000012163089537
hydratase,0.10000047694949864,0.10000306352565588,0.10000055350395134,10.655496021740934,0.10001670690642284,0.10000135741552922,15.544452372495867,0.10000009069378822,0.10002276088682618,0.10000659585986832
0000030,0.10000062483961097,0.10000000001734355,0.1000014083261338,0.10000003004720856,26.099993120624738,0.10000087251909644,0.10000031198564782,0.10000346026207436,0.10000000001660986,0.10000017135422941
0008289,0.10000784364536307,0.10001630942269728,0.10000773968520428,0.10000000006283198,2.651274400585759,0.10000075509664298,0.10000698137631148,23.54868576315022,0.10000009059525866,0.10000011635858273
lacking,0.1000108237910802,1.5176961030936857,1.4431438284073121,0.10000545528684093,0.1000388368563074,0.100004706752035,20.995540598187308,2.4435150756875625,0.10004457162923092,0.1000000002591431
MAPK,0.10000011065885968,26.099966897749383,0.1000031002692248,0.10001150788007905,0.1000008507281443,0.10000724015055856,0.10000003326991819,0.10000059162892387,0.10000000002285413,0.10000966763129411
association,0.10000859557784458,8.046008432083077,9.922317953863116,0.10004207882299575,0.10014703352868887,6.221736472743268,2.209649869245589,0.10001544771211429,0.10000396650568573,0.10007014986728269
key,0.10000626468926439,9.061415988428642,1.473524277150811,0.10017143108965965,4.609421590061902,1.7438473751024917,4.23630583600732,0.10000571417167474,5.475301176880025,0.10000034635000947
than,0.10004025887058321,0.10001785273276653,0.10000343722890184,1.3473086234780105,9.985961753709764,0.10016335423737484,5.507507383751815,4.064746631580995,5.594243993091573,0.10000671125510702
Olinked,0.10000181942002588,0.10000115397960475,0.10000043952473288,0.10000000002163555,26.09999434485527,0.1000003630072462,0.10000026872469056,0.1000014701843632,0.10000000001772781,0.10000014025766286
intraGolgi,0.10000043398428689,0.1000000000154059,0.1000000000167972,0.10000076743127911,0.10000101129268545,0.10000025017764419,0.10000009804128521,26.099995512814953,0.10000000001474742,0.10000192620391048
glutaminehydrolyzing,0.10000252707938093,0.10000014029349044,0.1000007137384967,0.10000032677896907,0.10000428173592726,0.10000252233465892,0.10000484052140717,0.10000000002376354,26.099984009047507,0.10000063843729069
progression,0.10000186154995233,17.54267163356345,0.10001770056220084,1.30192467671535,0.100004416127388,5.080947017181448,0.10000498926952167,1.2387510811892521,0.10000722511280848,1.3356693986922208
TOR,0.1000181140920646,24.5196060781889,0.10001294948566697,0.10006268236264133,0.10002609086603839,1.6802086497336912,0.10003078560599452,0.10002771175329908,0.10000693769133254,0.10000000017493972
defect,0.1000135839068063,3.4277115848289306,1.3574744095546138,5.5054093081327755,8.642734044702939,0.1042438649633937,6.250220946255598,1.4117938772396554,0.10001237342110297,0.10038600690109258
sequences,2.900748654391596,0.10001439107329163,11.402717488056577,3.686970091190245,0.10001125265632971,3.77556885672365,0.1000315965766816,4.733912849796641,0.10000361817582554,0.10002120131727722
Sadenosylmethionine,2.1374335514938614,0.10004044563010653,0.10001733451473463,0.10000000025707732,0.10001515589183861,0.10000000035634973,0.10000065183242517,23.06225231433267,0.100236206847077,0.10000433876944793
SPB,0.10000000001442085,0.10000080865635003,0.10000286050895017,0.10000389161618796,0.10000122818600468,25.099990512552765,0.10000018229087876,0.10000051614128311,0.1000000000099141,0.10000000001787268
potentially,0.10000144083899241,4.420715557224403,0.1000232114892016,0.10000135227057307,3.5821935074037343,0.1000171650193055,17.297003977782875,0.10001075484141385,0.10003124154394732,0.10000179155061134
karyogamy,0.10000102052388495,0.10001978149149672,0.10001927910858652,0.10001258062065738,5.910664370347187,19.28927856822527,0.10000037870506191,0.10000278976437325,0.10000000003455106,0.10000123115857584
enzymes,0.10000879107204177,1.6355286914030185,3.6450712938886065,0.10000070952796448,3.466823357745922,0.10000000017215065,10.658356705520072,0.10001172331963516,6.094197353351539,0.1000013739625147
0000778,0.10000007756846188,0.10000174735713323,0.10000066757614381,0.1000038613334709,0.1000000000077981,25.0999931447064,0.10000007194813056,0.10000019800100061,0.10000000000757842,0.10000023148905005
membranes,0.10000418845309655,0.10001842243336935,0.10002140257429365,1.5847800575610733,8.695824104637362,0.10001090339338554,1.5364880221687893,13.5828508578596,0.10000015138131693,0.10000188950066445
stalk,6.09999334294559,0.10000245172417822,19.09998790159461,0.10000000002979945,0.100000000025117,0.10000000004129399,0.10001345722879554,0.10000284632837235,0.10000000002440787,0.10000000004398774
folic,0.10000000001928015,0.1000011747142392,0.10000043591360536,0.10000000001620853,0.10000000001366359,0.10000126689161944,0.10000479125369499,0.10000000001295083,25.099992331133148,0.10000000002391828
malate,0.10000000002636111,0.10000000001897462,0.10000287635768954,0.10000000002216834,0.10000000001868808,0.1000000000307394,25.09999170882796,0.10000000001770525,0.10000541463896946,0.10000000003271702
0003779,17.57246162445466,7.627499200133887,0.10000098999363623,0.10000000004989242,0.10000029978137337,0.10000625378919832,0.10002088938917393,0.10000623630721321,0.10000380244070257,0.10000070364093959
0004540,0.10000000001065748,0.1000000000076513,0.10000363135242273,0.10000061210367847,0.10000000000754365,0.10000044133999209,0.10000171467705705,0.10000000000715153,25.09998499519213,0.10000860529345046
0005819,0.10000052040399215,0.1000052585963201,0.1000005322765617,0.1000000260381987,0.1000003232312021,25.099993191306677,0.10000004315684329,0.10000000000828085,0.10000000000849453,0.10000010496849646
0043161,0.10000019470659577,0.1000051358334462,25.099979502590376,0.10000097582400681,0.10000117603281315,0.10000892660627224,0.1000001756207306,0.10000391272192809,0.10000000001961912,0.10000000003536527
0045454,0.10000107125135022,0.10000489523019963,0.10001213671327369,0.10000365484402982,0.10000774908748243,0.10001503982843547,14.409926619812133,10.790025722435464,0.10000128085919682,0.1000018299172312
0008565,0.1000012180111155,0.10000111454111364,0.10002417977684017,0.10000000004887928,0.10000226565441217,0.1000006665427811,3.79174085527786,21.40822930621408,0.10000000004000781,0.10000039387488267
0006812,0.10000039928328239,0.10000020563851951,0.10000331417673888,0.1000000433940153,0.10000174500106168,0.10000000002522268,0.10000135967981624,25.099992932751896,0.10000000001491664,0.10000000002685568
0009086,0.10000019176465674,0.10000114368344316,0.10000168157020493,0.10000432188862245,0.10000232355354326,0.10000025009449341,0.10000874109657737,0.10000214574324928,25.099979200546183,0.10000000004866194
Glc7p,0.10000203814436817,24.254216998493003,0.13127885765218783,0.1000032047270894,0.10000098915127734,0.9144971628069107,0.10000000002468033,0.10000023923413368,0.10000050970835178,0.1000000000459306
nucleoid,0.100005096853885,0.10000072524873398,0.10001249235490232,0.10000593467752535,0.10000069301021466,0.10000261914620341,25.099968835135243,0.10000095358784211,0.10000264992914787,0.10000000004456794
0003690,0.10000060344023481,14.128296516260033,0.7439224067599123,9.346992481775615,0.10000003638698925,0.10004868269213621,0.10006335117695064,0.1000000000752502,1.1806682530936816,0.10000766829423449
0006298,0.1000000000390128,21.42044974655179,3.498979612713317,0.10002656753880634,0.10000000002761547,0.35855409974542674,0.10000109503586792,0.10000000002617172,0.10000060871022892,0.12198826959192918
cause,0.1000394700586054,0.10002557394334033,3.3353308178659953,1.267906502577184,0.1000267450522815,4.383403671628298,3.985725771418747,3.891504484900156,8.736026787525029,0.1000101749757146
0031305,0.10000114948684766,0.10000000002085142,0.10000000002273036,0.10000035975244907,0.10000262012585943,0.10000305055134018,25.099989694548093,0.10000259820411063,0.10000037674624968,0.10000015053328278
0001302,0.1000016621972873,11.52551189588921,0.10002076479499976,0.10002686330506451,0.1000059627113996,0.10001129016190036,10.877394858626259,0.10000898797025375,0.10002407738052942,2.896993636928753
sucrose,0.1000016499601193,0.10002892563949545,20.67428838092009,0.10003271217242359,4.525610917062238,0.10000459881522294,0.10000798138555723,0.10000927281862868,0.10000526135570581,0.10001029984013701
damaged,0.1000000232003589,25.099959342633724,0.10001792890713866,0.10000678077581675,0.10000451860156281,0.10000430133947452,0.10000133139988765,0.10000000003012408,0.10000428811429346,0.10000148498442814
0030150,0.10000071008874735,0.10000000001700413,0.10000697026006654,0.10000000001989512,0.10000000001676419,0.10000000002756795,25.099989096383556,0.10000319632326202,0.10000002682538732,0.10000000002933893
0030176,0.10000005785169118,0.10000108044747721,0.10000452321282073,0.10000483349570659,25.099972648107478,0.10000023865076198,0.10000584709953672,0.10000968206441858,0.10000000002523922,0.10000108903353618
synthesized,0.10000535811351717,0.10000798826746568,8.318244795264766,0.1000016389504322,2.643706318025677,0.10001234032240222,14.324941652370617,0.10000795899033688,0.11307177598743204,0.10000017367862613
tethering,0.1000039598054068,0.10001335593381802,8.569689609242136,0.10004755946353891,0.1000115383948398,3.491916278697658,0.1000022618386763,12.238282049381121,0.10000248512451852,0.10003090208388501
anaphase,0.10000014897867922,0.10008707057809033,1.2828513883436317,0.10001749455683322,0.10000047009242247,22.917031107614694,0.10000003050986375,0.10000528481597373,0.10000211681583912,0.1000048876608414
surface,4.1934377716460975,0.10003486854340506,0.755423075355692,0.10000536672553578,18.126238500906585,0.10000075607661169,1.3248417948000146,0.10001624610552015,0.10000077688690653,0.10000084291497752
0006887,0.2139178362454841,0.10005926597670556,0.10000295684247158,0.10000079782508556,0.10000387186942221,0.1000060878588551,0.10000000003601472,23.986006737760828,0.10000000003718372,0.10000244552447908
0006348,0.1000085069027649,0.10001932663268596,0.10003926553745401,0.10003319492084871,0.10000444280321148,10.626096483916443,0.10000190505969471,0.1000066445369075,0.10000433225178451,13.573785897409659
0031965,0.10000895148101738,1.7183594681162142,3.4026457780012107,0.10000612854062296,14.394088968633689,4.884852632031177,0.10000146507863591,0.10001293498681633,0.10000352537438043,0.10002014772432488
genetically,1.501271781717281,0.1000075243487191,5.287511773449874,0.1000149010504271,2.6992803790013284,3.1351490273486244,11.553429709497157,0.10001026917903497,0.4233100809704686,0.1000145533950783
machinery,0.10003152258743993,0.10006734207991151,9.00036995595742,1.1271068432737004,0.10000713417218056,0.10002318531484232,12.84402184838487,1.4283674764845582,0.10000179315458846,0.10000289853943288
transducer,0.10000290161362199,24.09998472522606,0.10000155392380097,0.10000072998791745,0.10000633404985418,0.1000003474858291,0.10000007536762387,0.10000315908153816,0.10000011330261817,0.10000005995235
tubulin,0.10000216341826323,0.10000624573124256,0.10000688437097939,0.10000759208066878,0.10000154611405988,24.09997347847235,0.1000005719549951,0.10000054829540471,0.1000009695101451,0.10000000004329389
adenylyltransferase,0.10000014435728888,0.10000000003358485,2.249543000550951,0.10000728782206013,0.10000236378868166,0.10000000005445557,0.10000108839234309,0.10000017939487221,21.950440145140213,0.10000579045018328
overlaps,0.10001593721661912,14.932210773825739,0.10000212625193812,0.10000677784458392,0.10018244841974869,0.10000000043349888,9.267563462593424,0.10000468313568935,0.1000137897601682,0.10000000046065331
deubiquitination,0.10000019335579768,0.10000121663135664,24.09995368161651,0.10001875534848921,0.10000117575569596,0.10001441452358571,0.100000889766999,0.10000533724596217,0.10000006768864768,0.1000042680542023
processes,0.10000283559884601,12.761726594752885,4.108237915701259,2.1639221132674016,0.10004197797830984,0.1000699065930681,2.505760782696107,2.959921283648294,0.1000082648537741,0.10030832485428123
cystathionine,0.1000000000270364,0.10000000001946284,0.10000050277100475,0.10000000002273349,0.1000017542984019,0.10000194622688689,0.10000294770840101,0.10000002845681916,24.099992820428163,0.10000000003355784
assimilation,0.10000025030291548,0.1000039591929312,0.10000439697399206,1.1042644867781666,0.1000001673680169,0.10000000009361865,0.10002273852529095,3.7470282873778067,19.44867571326052,0.10000000009979798
isomerization,0.10000000004567099,0.10000649213970791,0.10000994338317602,0.1000084890513635,0.1000074074550281,0.10000757983591745,0.10000825673469274,0.10000073651436558,24.099943863754536,0.10000723106957785
asparagine,0.10000129707080123,0.10000130291223441,0.10000223401491246,0.10000000007469313,1.168252731587594,0.10001211664167091,0.10000240279995692,1.0999883595207511,22.03173955523993,0.1000000001102563
0030433,0.10000014433408687,0.10225160086823665,18.275238195696055,0.10000134543982342,5.922461909035931,0.10000707791336345,0.10000051423530835,0.10003713652164521,0.10000173915503806,0.10000033677850462
cotranslational,0.1000036565972283,0.100009197618991,23.76620426159448,0.10000113720430813,0.4337654620205167,0.10000000006592984,0.10000000003769739,0.1000067653334268,0.10000946641892532,0.10000005309433668
0004222,0.10000015138671423,0.10000501189411597,0.10004179933840505,0.10001038871137032,0.10000865940924057,0.10002041907553864,24.099896547687493,0.10000037441390723,0.1000134647151046,0.10000318334383505
several,0.10001711321842652,5.608722400011493,12.164763785931788,0.10002604256885596,0.2729622160446309,0.10001236951006422,0.1000148254375653,1.1939527336869846,5.259417955827143,0.10011055770418824
0000407,0.10000000004964552,5.282760353913626,0.10000293112826365,0.100000029933232,0.10000390829799018,0.10000916807247268,0.1000011992584705,18.917220079357868,0.1000004303718698,0.1000018996019203
0001403,0.10000192994486007,24.09995563440597,0.10000152525705999,0.1000141926809553,0.10000606912159425,0.10000452667604014,0.10000102230472499,0.10001153837127985,0.10000356116544434,0.100000000057956
Ecoli,0.10003088590405962,0.10000360081811537,10.204858687261643,0.10000420363940209,2.3468626658790375,0.10000194452443269,7.614125290165324,0.10000793665202155,4.234055375580859,0.10004940953567618
acylcarrierprotein,0.1000000000108509,0.10000000000779673,0.10000000000852252,0.10000000000911632,0.10000000000768883,0.10000092471589667,24.09999883977164,0.10000000000728057,0.10000023544125035,0.10000000001345924
specifically,5.572621016978869,6.132355388955118,0.10007691907656502,3.9684205756764643,1.8870641477728762,2.380087919767985,0.5397839472021893,0.3711179988165145,2.8162086971946008,1.232263388481762
0003746,24.099962255467823,0.10000012708348621,0.10000347273669354,0.10002249935852585,0.10000028268309204,0.10000747410351346,0.10000196588018179,0.1000004789032054,0.10000023578057265,0.10000120799258969
vivo,1.7006134778124011,0.1001123570300496,11.053379383232453,0.10019395489513278,2.927742661124439,7.115291550237098,0.10004163264147674,1.5796854728632646,0.22293490305059194,0.10000460701890476
dissociation,1.3912335759744716,6.58111880969128,3.187717136342668,0.1000279836169165,0.10000707590432757,6.738252297222118,0.10001380117185533,5.52261406911506,0.10000152692235466,1.1790137239957186
cap,3.069442636077494,3.800960690498442,5.24115184027607,0.10000791901912062,0.10002434307950565,12.288393475957287,0.10000271754942458,0.10000013132669074,0.10000316731683202,0.10001307886942616
CTP,0.10000000006128716,0.10024990572587805,0.10000013428692758,0.10000033947623557,1.1865877230010473,0.10000000007143069,0.10000074063284836,0.10001688694509264,23.013144269699687,0.10000000007605707
0042790,0.10000000003423427,0.10000000002457693,0.10000000002678804,0.10004081790719263,0.10000075339394153,24.099935616966803,0.10000000002277817,0.10000000002295167,0.1000000000235592,0.1000228115639232
0042797,0.10000056881830921,0.10000000001872723,0.10000000002041963,0.10002807390798721,0.10000000001844891,24.099969684058195,0.10000003385304002,0.10000000001748192,0.10000065807790495,0.10000098120076803
NC001148,0.10000000053111416,0.10000000038175681,0.1000004966878292,16.63361863564817,0.10001468136556729,4.652521196076467,2.013839239032595,1.0999918631023249,0.10001388648092314,0.10000000065936789
subtelomericallyencoded,0.10000000012521432,0.10000025204394802,0.10000000009829496,0.10000000010538612,0.10007881958697827,0.10000000014608817,24.09990561523466,0.10001531239193329,0.10000000008622928,0.10000000015561171
ATPbinding,0.10000217176511855,0.1000070822020088,14.46495891627805,0.10004551307645586,0.10000205864420332,0.10000006653342447,0.10000754436260692,9.734975753726886,0.10000006593257646,0.10000082745513574
0000776,0.10000002238216014,0.10000095486639024,0.1000026102003958,0.10000002713990261,0.10000000000788804,24.099996257144262,0.10000004608999181,0.10000000000747775,0.10000000000766554,0.10000008214955033
NC001146,0.1000000005330308,0.10000320783790144,0.10000136711070767,18.06182773927811,0.10001320027876624,3.4361497338610634,0.10000542274512986,0.10000516270276506,2.8019934872256873,0.10000067840269723
Transcriptional,0.10000017859493687,0.10000151610020527,0.10000104926868343,24.099993405643566,0.10000020009590088,0.10000343143781792,0.10000010221002092,0.10000005856974443,0.1000000580556904,0.10000000001736754
0000055,0.10006598298764548,0.10000297003860101,24.0997798716931,0.10000175826668233,0.10000066772287479,0.10001325374889145,0.10000106940488497,0.10000478378077948,0.1000002279494449,0.10012941437363893
0000282,0.10000253562543067,24.09995188042801,0.10000244319947423,0.10000149681620879,0.10000438098409561,0.10001138310792423,0.10000000002761418,0.1000129721018677,0.10000256937391921,0.10001033832173259
0005681,0.10000000001736171,0.1000007142072716,0.10000126473274101,0.10000072999834678,0.10000042637849245,24.099993780884688,0.10000000001156917,0.10000000001164996,0.10000023810105063,0.1000028456522029
requires,0.1000065035007652,3.426826127737419,2.8546389949334734,4.357295886306764,2.3814502930196055,0.235277453931632,1.1795705132288437,5.651939739561307,4.712989708764317,0.10000477896203565
0034605,0.10000033629444227,10.926102947745758,13.265659867556836,0.10000555796672614,0.1082210177249071,0.10000000005588883,0.100003206471916,0.10000657713328309,0.10000038708124387,0.10000010195233874
2A,0.10012503224704401,23.57448760677149,0.625351458540273,0.10000172198665272,0.10000188047813842,0.10002746267467581,0.10000000007885085,0.100000000079408,0.10000329965796773,0.10000153745376746
0006635,0.10000000002618131,0.10000000001882484,0.10000209609737018,0.10000000002201079,0.1000000000185559,0.10000076445044613,24.099991956878664,0.10000391468641741,0.10000126776109247,0.10000000003247743
Dlactate,0.10000530138551632,0.10000091193393981,0.10003646629352671,0.1000030027209062,0.280111499626736,0.10000433764949691,0.10010532196215531,0.10000022572103423,22.919732932476897,0.10000000018859295
controls,0.10000219888389368,13.01775303128442,0.10017415745460762,2.577135548866557,1.3869176424338863,0.10004466030056978,0.10000042250162085,4.006836713358158,0.10001665702323113,2.5111189678220005
cysteinetype,0.1000006820058778,0.10000308823787064,23.099968622876005,0.10000429814457275,0.10000880868391848,0.10000930559557168,0.10000087697428504,0.10000341439011368,0.10000003265984096,0.10000087042111273
central,0.10000070516405545,0.10000593145153587,13.209185566963747,0.10000555648470526,0.100000930696681,9.99079342306902,0.10000257626999239,0.10000481057801457,0.10000000002337532,0.10000049928559335
rate,11.540280142949618,0.10002544744097529,0.1000310414611581,0.1000228072249882,0.1000847540696032,4.106892534956735,1.9579799580136612,2.4890469191123334,1.7859094491259329,1.719726945578758
1902600,0.10000002940519194,0.10000008869948612,0.10000934299747169,0.10000010872430835,0.10000075262309388,0.10000194738272446,19.06630643112082,4.13368104494243,0.10000025403975443,0.10000000004921732
0030234,10.665953626540428,0.10005047584011187,8.048311768473868,0.10000637293917568,4.099977469435225,0.10000733107600836,0.5856718584952,0.10001201407751537,0.10000326549825737,0.10000581758489366
NC001137,0.10000192695679294,0.10000000034642804,0.10000000037760207,19.099988891414803,0.1000026534585304,0.10002002583964169,0.10000000032127537,4.099986500337623,0.10000000033180018,0.10000000059833102
E3,0.10000531228413544,0.10001054354152883,22.134310081487996,1.0087047028490832,0.1569232049454931,0.1000312649994709,0.10000681916144559,0.1000021145399339,0.10000047813095335,0.1000054780377952
MICOS,0.1000000000247583,0.10000036029963263,0.1000000000194136,0.1000012391356554,0.10000037565290268,0.10000000002887047,23.099995591329336,0.10000243345440515,0.10000000001704772,0.10000000003072691
substrates,0.1000062827627518,3.3540586352859307,12.71405356720381,0.1000038653170199,0.10041716265167111,0.10001690848632658,7.231434130670902,0.1000080557045813,0.10000135436487169,0.10000003752411495
heterodimerization,0.10000087357420676,0.1000097901642756,6.0533324655258465,0.10004137501275141,0.10000077940527868,15.779969199967965,0.2976512671026603,0.10000000003978121,0.10000090799888951,1.2689933411820318
eIF2,23.0998943790738,0.10004696481642174,0.10003122866492942,0.10000051972632862,0.10000000003460266,0.10002608864814984,0.10000000003254952,0.10000009936376064,0.10000061976062545,0.10000009985637792
dimer,1.5173066017464196,0.10012388739704228,5.795701921972645,0.10006027970312238,8.964021793412488,4.09278176093666,1.3823570868742956,0.10003210224837973,1.847614565382949,0.1000000002469318
0046982,0.10000087351130811,0.100009790612274,6.0535586814962326,0.10004137306559757,0.10000077933190685,15.781247381169086,0.2973942348081513,0.10000000003978021,0.10000090814514022,1.2677459777942048
sodium,0.10000108539996411,0.10001313284209727,0.1000607347146321,0.10003184997889357,0.10001020002686785,0.10000000008772912,0.10000145057749475,23.099880858279253,0.10000000005185958,0.10000068801349946
0005643,0.10000280040976144,0.100008798190809,22.989262259233175,0.10001718154155405,0.10000560928108618,0.21068060248745632,0.10000155588006068,0.10001906588665478,0.10000155369979485,0.1000005733700745
diphosphokinase,0.10000408715121069,0.10000894851653859,0.10000000002292081,0.10000000002457383,0.10000336879302547,0.10000103423363488,0.10000244943264612,0.10000000001964048,23.099980111759635,0.10000000003627241
0006865,0.10000001257226691,0.10000000001437911,0.10000055732875139,0.10000017812126609,0.10000049243412079,0.10000000002330794,0.10000119973605795,23.09999698704158,0.10000057269650932,0.10000000002482266
sources,0.10000000011853577,0.10001835802675567,0.1000037806676828,3.7864432617715265,9.638408485423428,0.10000388535441992,6.919292951861411,3.0558196284301284,0.10000841944247281,0.10000122887128282
0009058,0.10001759354329398,0.10000034640292456,0.10000051051236733,0.10000107264593283,1.7167798561668108,0.10000071266151893,0.10009218302704677,0.10000000004360036,21.483107157874688,0.1000005671009259
ubiquinol,0.10000053200895878,0.10000000001097635,0.10000007672186784,0.10000011857122429,0.10000000001081849,0.10000269558568166,23.099995063292493,0.10000130029134473,0.10000021348055825,0.10000000001895483
act,0.10000681928830195,0.10009294582322793,2.8981067453199767,0.10000025255441691,0.1000134219401106,0.10010453872176496,4.099604588475536,14.795458224261676,0.1000131732640292,1.6065992902894775
0032258,0.10000571081426705,3.2817903359630334,0.10000714316177825,0.10000010004828486,0.1000018021447197,0.10000167570581527,0.10000173821342656,19.91819040936534,0.10000022994538597,0.10000085462373293
spermidine,0.10000174509797816,0.10000024735696496,0.10000000003454314,0.10000000003706591,0.10000223837378469,0.10000000005134681,0.10001449472822918,23.099969854402726,0.1000114198501123,0.10000000005468052
0006278,0.10000000000977072,0.10000185846513907,0.1000066246958874,0.10000716408384867,0.10000000000691184,0.10000067681187881,0.10000019179358383,0.1000000000065549,23.09997717320371,0.10000631091302727
transGolgi,0.10000005046075953,0.10000217513605428,0.10000575842521868,0.1000006774277764,0.10000131135498494,0.10000028894292226,0.10000082566815684,23.099987928239937,0.10000000002034695,0.10000098431526308
reduction,0.10000077223474534,0.10001370128781954,0.10001285763961995,0.10000953595187874,0.10000702198932772,0.1000051058659854,15.842291849725362,2.002345270979014,5.455311820970764,0.10000206332745544
cAMP,0.10000016931004738,21.67094592352684,0.10000150026318272,0.10003279709388965,0.10000491145703173,0.10000000008115349,1.1308842821945746,0.49812896466945145,0.10000107864097661,0.10000037273655937
absence,2.588358654767848,4.220104012458084,0.10001824585736116,0.10002573241059834,12.715971365606485,0.10000377045766047,0.10000242155963447,0.10000071912967398,0.1000020462646115,3.875513031457691
basic,0.10014169635407771,0.1000000001529301,1.1124440763798855,3.6902273379531243,0.10003895527543524,0.10000440981696297,0.10000850903401556,18.497114775203478,0.10000006044513897,0.10002017933207266
cadmium,0.10000000012170046,0.10001577722909535,0.10003155547276238,0.10015559114880822,0.10000558898625746,0.3047702353962453,0.10004110648990266,22.8949622508251,0.1000178941199603,0.100000000150928
integration,0.10000000003490309,0.10000656652594844,0.1000067385319151,1.2295182742816664,0.10000232719978416,0.10002045138849087,0.10001582512488898,0.10000055837990056,21.97042127953982,0.10000797896942268
leads,11.351999658458286,2.2351078591229356,0.10000522983460688,0.10002666787069855,3.0089625576989025,0.3301917043902366,0.10010744856137781,0.10000987316191283,0.10035334747856423,6.573235653360542
aldolase,0.10000000002573022,0.10000171523454798,0.10000000002017224,0.10000031872113277,0.10000442006731518,0.10000144284925887,0.1000040478740845,0.10000018699763973,22.099987868169535,0.10000000003197135
SRPdependent,0.10000170350904107,0.10000000002207471,21.72072540119851,0.10000018563281847,0.479265128530743,0.10000000003574022,0.10000000002044857,0.1000075809811935,0.10000000002111187,0.10000000003806579
0000082,0.10000028262027563,22.02147382175817,0.17848226370989817,0.10000150248829565,0.10000045140599269,0.10003830061182965,0.1000003414315014,0.10000219982945774,0.10000074244415588,0.10000009368419287
U1,0.1000001487739697,0.10000000001529961,0.21948461511076017,0.10000213694402588,0.10000020142853613,21.980494179647852,0.1000000000141829,0.10000012186550258,0.10000136826478889,0.10001722792519303
MAP,0.1000001149020472,22.0999101526271,0.1000022938599526,0.10001186154429306,0.10000303029251395,0.100070228733335,0.10000003944174035,0.10000096437254109,0.10000123381109811,0.10000008039743824
0000049,0.10004972395990494,0.10000238375770835,0.100007471654974,0.10000464132587097,0.10000054471151064,11.11186022671941,0.10001432152040496,0.10000299562162086,11.088024266609068,0.1000334240920811
aminoadipic,0.10000000005693653,0.10000058481489825,0.10000000004461732,0.10000000004784172,0.10000000004033024,0.10000000006641946,0.1000145570850741,0.1000000000382179,0.10005176173450656,22.099933096053867
GID,0.10000079432395305,0.10000206841430676,22.099986454075516,0.10000128928276278,0.100001086900359,0.10000101999636608,0.1000000000212253,0.10000728691596439,0.10000000002191611,0.10000000003951462
Rho1p,0.10006430136528932,22.099914194333977,0.10000014801366254,0.10000008395297014,0.10001349785808508,0.1000027440361385,0.10000184404632638,0.1000031863198962,0.10000000002187541,0.10000000003940147
GMP,0.10000012624574103,0.10000913428518396,0.10000492591284152,0.10000100518451076,0.10002371464267389,0.10000000007885888,0.10000056438020871,0.10001910217682185,22.099941426993134,0.10000000008383964
WD40,0.10000156236295689,3.3064684130588824,9.889759658159047,0.10003511631237831,0.10000356193339843,0.10004420673143023,1.371802603423584,2.3963916785643744,0.10000227752337965,5.535490921885663
presequence,0.1000015179203485,0.10000000002036132,0.10000453391485002,0.10000000002382024,0.10000000002007162,0.1000011749546117,22.099984887524926,0.10000332258924702,0.10000456298739165,0.10000000003513687
0097502,0.1000003702682615,0.1000001513248493,0.10000062718840734,0.10000011409381154,22.099992396211277,0.1000015872103459,0.10000052212257765,0.10000394537874566,0.10000000001803161,0.10000028617623583
0033617,0.10000020097511186,0.10000000001951696,0.10000060171986233,0.10000074462001417,0.10000012632711776,0.10000108984687633,22.099994545141573,0.10000239077929858,0.10000000001868305,0.1000003005445441
temperature,4.457664323207243,0.10000365035116217,0.3876450585386876,0.10000289407748626,10.984164079854342,0.10000167315190277,6.299355769827555,0.37113274032593024,0.10000241564841224,0.10002739498220316
0019878,0.10000000005693653,0.10000058481489825,0.10000000004461732,0.10000000004784172,0.10000000004033024,0.10000000006641946,0.1000145570850741,0.1000000000382179,0.10005176173450749,22.099933096053867
decreased,8.337319678097503,0.10006113134230774,0.10003105298199198,4.380103874989478,0.10008853967348358,0.10000971256708859,3.8105377838003034,1.4359227939411106,1.5682505945289869,3.0676748380030348
detoxification,0.10000012702883453,2.1223642205151725,0.10005090798676552,0.10000750931842392,5.078516754909296,0.10000342197120764,2.9133980884511,12.285631258601404,0.10002699771684795,0.10000071345633695
diphosphate,0.10000226936065501,9.39373564226872,0.1000203057981275,0.10000000008292038,8.112094282402088,0.10000000011487974,0.10002062933184026,0.10000042244097572,4.7941264480491395,0.10000000012236078
does,1.0061092087193642,0.10000000045468817,0.10003680130090961,0.10027200782521654,0.10035930420902721,1.3542730063516437,10.410477001010491,2.5706066063956694,7.157836603840959,0.100029459737845
elements,0.10000651256302416,0.10017610941420715,6.0486516071014735,11.620912358656783,0.10002923896610588,0.10009818211138775,0.10000601724233227,1.7370881242225062,0.5933273418574168,2.4997045077814652
0003755,0.10000000004760426,0.1000138200248764,0.10001194919200211,0.10000925501139545,0.10000654733895321,0.10000819358096169,0.10000718884532332,0.1000008047019567,22.099937575933673,0.10000466530595392
apoptosis,0.10001446168770713,0.10001443440667167,0.10013482348424829,0.10000000025152021,5.851025017968108,0.5124174119452837,13.331856667769447,2.1590504327319615,0.6454428660210633,0.10004388366646562
hydrolyzing,0.10000132549409992,0.100031745205332,10.057759048722337,0.1000008500969004,0.10017142313637899,0.10000000023052934,12.142021121163898,0.10000457998332572,0.10000983884924053,0.10000006706197395
0008017,0.10000977432130496,0.10000365134927137,0.10000061958692905,0.10000002965537222,0.10000065011381881,22.099984576805838,0.10000033167461167,0.10000000001050369,0.1000001090183246,0.1000002574578934
joining,1.4024942683012191,17.17779178825045,0.10001294661694604,0.10004703141754728,0.10000000004370428,0.1000229236275897,0.10000020122889358,0.10000000004144204,0.10000436581404613,3.7196264746284524
0004721,0.10000132561667449,0.10003125355928846,22.099942672355642,0.10000582567059059,0.10000632301159615,0.10000614249691338,0.10000509379665583,0.10000073991314297,0.10000005450176426,0.10000056906161228
nonsensemediated,0.10000076898652796,0.1000011989915045,22.099965587172665,0.10000573428814646,0.100006847417264,0.10000546965086114,0.1000000000241615,0.10000000002432836,0.10000375875099557,0.10001063468266125
overproduction,1.921159378939956,8.700371793607994,0.10002800164137932,0.11138015155244181,7.983346188278768,1.561978879361161,0.10001541810087222,2.3217193818758646,0.10000080632543504,0.10000000026925022
rRNAs,7.844420002578429,0.10000000001552874,0.10000084146949069,0.10000017608195083,0.10000003098379534,0.10000228205992505,0.10000000001440079,0.10000000001450413,0.10000288866576854,14.355573778107356
0006139,0.1000025178257864,13.191412439274632,0.10003716878091526,5.764907704292844,0.10001751850106216,0.10002502620375056,0.10000533178311123,0.10000047396071068,3.343549760846144,0.10004205849314123
0005978,0.10000524212144772,0.10012500445151605,0.1000439687694639,0.10001382381913314,0.10003424970670372,2.099873501594689,0.1000047104242765,0.1000015060930232,20.099897992702015,0.10000000026316053
0005887,0.10000000005091267,0.10002308141280561,0.10000047235289392,0.10000103540122325,0.18667882484156037,0.1000000000593212,0.10000010881032637,22.01329589743244,0.10000022784190085,0.10000035178058375
phosphorylates,0.10000052691561315,22.09998165385826,0.10000009242130668,0.10000290471179868,0.10000216223687203,0.1000026904222048,0.10000534244331888,0.10000038021524744,0.10000379711033675,0.10000044965569292
promoters,0.10000291728179134,0.10000568302952861,0.10000809004754765,22.099973271074713,0.10000096649494448,0.10000362225868806,0.10000273553584686,0.10000120715903112,0.10000038522003667,0.10000112188808172
plaque,0.10000000001437692,0.10000191659744649,0.10000012958224692,0.1000001010130578,0.10000089236108127,22.099996177053537,0.10000011595952246,0.10000066738662151,0.1000000000098816,0.10000000001780943
prereplicative,0.10000216806690984,0.1000076012855008,22.099933396084253,0.10000396384968611,0.1000000000252413,0.10002004928534579,0.10000000002375506,0.10000032688881676,0.10000239215569141,0.10003010232041257
0032197,0.10000000000911646,0.10000043239652368,0.10000464511287144,0.10000027539413472,0.10000000000645648,0.10000269606444574,0.10000000000607354,0.10000000000611854,22.099984984604035,0.10000696639201745
general,0.10005125943060572,1.5311066416391386,5.883360973937186,0.10005922430126486,0.4197675872817329,3.0178048891229707,0.10002074039398118,0.10002508510290613,11.647802506702462,0.10000109202755202
carboxylase,0.10000000003644603,0.10000000002621048,0.10000306829294216,0.10000000003064755,0.10000751563912039,0.1000000000424631,2.168125424431005,0.10000000002446383,20.031862631263913,0.10000136019936436
0042645,0.1000031127366487,0.1000008259768621,0.10001467532638918,0.10000649350185832,0.10000019171522673,0.10000189675476961,22.099968699824917,0.10000108603317633,0.10000301807445985,0.10000000004389363
0051287,0.10000000011526074,0.10000369901477962,5.379437493839814,0.10000647155682013,0.10000778088723226,0.10000203340428891,0.10013284727210389,0.10000000007739494,16.820400163717572,0.10000951007022443
bipolar,0.1000020092587431,22.099979431134837,0.10000137060119489,0.100000438627919,0.10000017576685799,0.10001126871883578,0.10000000001681036,0.10000438126579146,0.100000924568646,0.1000000000313068
carbonnitrogen,0.10000342728431567,0.10000166452652927,0.10004852864168909,0.1000144172459022,6.1995183298984475,0.10000493233148029,0.10001314135314726,0.10000139602821166,16.000375298280947,0.10001886437868997
modified,4.73693879210462,0.10000958033826478,3.054511436594993,0.10000110741529597,0.10001535109124432,2.230298739940706,0.10025767867551735,0.10000902599407877,11.377954726269673,0.10000356153975357
retrotransposon,0.10000000000583871,0.10000000000419403,0.10000277412734745,0.10000028875744009,0.10000000000413116,0.10000000000679884,0.10000000000388812,0.10000000000391704,21.099990013141504,0.10000692393750514
0004871,0.10000332423751598,21.099982938818822,0.10000178022178961,0.10000057185112658,0.10000725697610915,0.10000022384372838,0.10000008634025988,0.10000361922347373,0.1000001297987514,0.10000006867926524
directly,0.10002143175685158,2.904281641072862,6.949978162455705,0.10006424815310824,4.452893283551882,4.777122623383175,0.10000347196905399,1.0783235517183638,0.10000000011051684,1.4373115857765755
nonfermentable,0.10000000012303738,0.10001987406562388,0.10000263215220317,3.812005728226733,11.331543141532848,0.10000310676138605,5.1492396641763385,1.1071779233077637,0.10000668794586995,0.10000124167379833
strain,0.10000303521047307,0.10001888096231319,0.3470320427180478,4.386557627614302,7.573031404622412,0.6198885919382799,1.8602128487457634,5.615246088136794,1.2980094797220456,0.10000000027686501
Peroxisomal,0.10000000004504463,0.10000136511449663,0.1000017814296428,0.10000009486725003,0.10000498834453848,0.10000000005247696,21.09997829247628,0.10000331519506883,0.10001016240844492,0.10000000005586511
mannoprotein,0.10000055660096853,0.10000074266339314,0.10000350061552445,0.10001763529066511,21.099945700074066,0.10002490973363386,0.10000030617097724,0.10000164924299548,0.10000483310964464,0.10000016648359142
GABA,0.10000000008896423,0.10000098685008751,4.016777133775858,14.183173937100365,0.1000000000629693,0.10000030179500904,0.10002395931994301,3.0999956211207347,0.10002805974642891,0.10000000011027585
across,0.10002007115731837,0.10000729107595173,0.10004050575803713,0.10000003088416108,0.3734509556032881,0.10000052844205558,5.68584784394898,15.240584550467046,0.10003604845699107,0.10001217416873867
traffic,0.10000000002597917,0.10000214203568747,0.10000005114773416,0.1000001404261077,0.10000821749372585,0.100000932671616,0.1000000694235715,21.099983958562,0.10000000001788951,0.10000448818655165
0016538,0.10000000002234216,21.09998326137618,0.10000034048163464,0.10001103858869356,0.10000000001582365,0.10000511663918363,0.10000000001488538,0.10000024280961906,0.1000000000153848,0.1000000000277397
substratespecific,0.10000000005627364,0.10000010434733277,0.10000000004410263,0.10000000004730472,0.10005457742971244,0.10000000006556159,0.10000703014824813,21.099938287734112,0.10000000003879432,0.10000000006983852
0000276,0.10000000001209947,0.10000000000868633,21.09999031270079,0.10000012524473399,0.1000001089491015,0.10000003542930812,0.10000572278151593,0.1000036948429839,0.10000000000832808,0.10000000001500399
docking,0.10000180003001831,0.10002545923461359,0.10001318444792187,0.10001349437685526,0.10000768730877552,1.577230332418859,8.474847659653985,9.79394439448654,0.10000057176110987,1.5539154162468156
leading,4.927356509369564,0.10009741472823581,0.10003902841687576,0.100032905742615,0.10005863913899708,0.10011408367351636,0.10001337849023247,0.10000000014211113,0.10002380930005093,16.272264230925447
0043130,0.10000644566385804,1.7388758313404709,10.855223710938544,0.10000309985174473,0.20175178327990567,0.10004171436360546,0.1000006565883716,8.604096757752837,0.10000000006882384,0.10000000012410207
Catalytic,6.343104509030402,0.10005742182771374,10.789503348276979,0.10005194806311064,0.1000347808503505,0.10001575387974582,0.10001435218190934,0.10000000007303383,0.10001836048488841,4.167199525282635
gammaaminobutyric,0.10000000007346907,0.10000033081629082,10.852530042901382,5.3746959211307885,0.10000000005201919,0.10000084640453011,0.1000321442458329,5.072728717017978,0.1000119972395482,0.10000000009110067
DNAbinding,0.10000111148590578,0.10001927551379614,0.10001540897983342,17.27079947053294,0.10000038335568895,3.9291338500318402,0.10001959411034111,0.10000541126751143,0.10000082406587706,0.10000467063425703
DNAdamaging,0.10000720773030838,1.161322966805708,0.10004407863542326,0.10001520070984447,0.1001028896356745,0.1000034109461548,0.10002512533504798,20.0384731420914,0.10000597769569751,0.10000000035951383
free,10.165731028535534,0.10000578829415042,7.162779713225767,0.10002139699541532,1.8656009907342215,0.10001503867272364,2.2057699434736473,0.10002040144768705,0.10002050428338068,0.10003519429371985
stabilization,0.10000319716223137,2.492463085351899,5.946918169942951,0.10003061796404375,0.10000639383555565,5.923427322288859,6.99975136693066,0.10000882335651695,0.1000238485243512,0.13736717460222336
host,0.10000000000583871,0.10000000000419403,0.10000277412734745,0.10000028875744009,0.10000000000413116,0.10000000000679884,0.10000000000388812,0.10000000000391704,21.099990013141504,0.10000692393750514
U2,0.1000000000235388,0.10000073716147054,0.100000469749935,0.10000238869397446,0.10000045908642603,21.09997541198559,0.10000000001568653,0.1000000000158,0.10000725898123351,0.10001327427894735
0015074,0.10000000000583871,0.10000000000419403,0.10000277412734745,0.10000028875744009,0.10000000000413116,0.10000000000679884,0.10000000000388812,0.10000000000391704,21.099990013141504,0.10000692393750514
state,0.10000187751350123,0.10006201405391636,4.382267357779867,4.012057145567543,4.706235622386167,0.10000063858674194,0.7510120657036436,7.648360702249456,0.10000257588199349,0.10000000022333452
0007015,5.919431329060823,15.280550417953908,0.10000517346598284,0.10000011171572144,0.10000000003073115,0.10000588891092152,0.10000075794482843,0.10000632081997238,0.10000000002986295,0.10000000005382097
0043022,20.93476978806735,0.10000597270386176,0.10001986296853652,0.10000272417412842,0.10000049664213115,0.2651521324210082,0.10003680843030004,0.10000775351239861,0.10000116365224485,0.10000329740585824
epsilon,0.10012687491393679,0.10002604080140026,0.10002474124009796,0.10005021532068871,0.10000012523835634,0.1000172534481219,0.10000000005305326,0.10000000005345049,0.10001186296398364,21.099742885923284
junction,0.10011354680085108,8.032929189860537,1.7617469833959867,0.10000459723146207,1.107313137257484,1.2689744630668183,9.328447168783551,0.10005491828621639,0.10000259530765764,0.1004133999015342
0006915,0.10000049380648972,0.10001069466693926,9.67316772495235,0.10000068013936915,0.10002396985646674,0.10002746819600802,11.526732463919554,0.10001686536477855,0.10001963895208858,0.1000000001156537
0019076,0.10000000000583871,0.10000000000419403,0.10000277412734745,0.10000028875744009,0.10000000000413116,0.10000000000679884,0.10000000000388812,0.10000000000391704,21.099990013141504,0.10000692393750514
triphosphate,0.1000000001196046,5.305891830091152,14.9891302430386,0.10000000010072425,1.0049473411115144,0.10000133187217025,0.10001592733883025,0.10000206027482429,0.10001126587980444,0.1000000001484493
deficiency,0.10001766458606193,0.10002387076855979,0.10005439789874424,0.10000846420362947,0.1000355870411372,1.7730432642685428,11.133907125773344,7.254333255702686,1.2385737152606324,0.10000265444436716
polyphosphate,0.10000000007099166,2.123021646159067,0.10000262538074388,0.10003610258038216,0.1000090147059825,0.10000051816117358,0.10000000004734635,19.076921388560017,0.1000087042223979,0.10000000008812725
phospholipase,0.10000000008781584,0.1000138369840303,1.1235547463949842,0.10000114787275304,18.654046954096394,0.10001568306179125,1.522365999056627,0.10000000005900725,0.10000092817352872,0.10000070418920419
recycling,0.10011143230883914,0.8272058515887439,10.49353286682789,0.10000159858145398,0.10000483104071786,0.10000304370439675,5.3347637959259675,4.62507659047248,0.2192866648234538,0.10001332466283501
0031410,0.10000068181249637,0.10000212417473237,0.1000038654645407,0.10000017076492886,0.10000464514297332,0.10000076667056426,0.10000003434076828,21.09998768826158,0.10000000001695515,0.10000002334180692
0046797,0.10000000000583871,0.10000000000419403,0.10000277412734745,0.10000028875744009,0.10000000000413116,0.10000000000679884,0.10000000000388812,0.10000000000391704,21.099990013141504,0.10000692393750514
coactivator,0.10000062714394257,0.10000872855064809,0.10000360945384425,0.10012329629719867,0.10000000004202217,21.099845338874736,0.10000047600860983,0.10000061438708743,0.10000834566363485,0.1000089635487327
clustering,0.10000319395814636,0.10000238730900701,0.10003144647306697,1.8698853354720968,0.10000349816907521,19.330051998927665,0.10000000001769718,0.10000000001782414,0.1000002040847773,0.10002193555558693
0000943,0.10000000000583871,0.10000000000419403,0.10000277412734745,0.10000028875744009,0.10000000000413116,0.10000000000679884,0.10000000000388812,0.10000000000391704,21.099990013141504,0.10000692393750514
procapsid,0.10000000000583871,0.10000000000419403,0.10000277412734745,0.10000028875744009,0.10000000000413116,0.10000000000679884,0.10000000000388812,0.10000000000391704,21.099990013141504,0.10000692393750514
0006189,0.10000000002388532,0.10000000001717614,0.10000034398733518,0.10000000002007618,0.10000071734380345,0.10000000002783054,0.10000022384808756,0.10000025757096188,21.099998457124688,0.10000000002964274
0005782,0.10000000003146702,0.10000000002263652,0.10000158719722346,0.10000019562281423,0.1000027666037119,0.10000043788434072,21.099987094038784,0.10000565926362895,0.10000225928731736,0.10000000003903586
potassium,0.1000000000837397,0.11063426096205606,0.10000269567923467,0.10007196859215979,0.10000804853661223,0.10000000009753429,0.1000088352665516,21.08926342401637,0.10001076662765751,0.1000000001038487
25S,12.09769088426351,0.10000017862642141,0.10000172909758952,0.1000000476609025,0.10000186087875107,0.10000126200037156,0.10000000003297868,0.10000000003322083,0.10000000003409248,9.102304037363282
pre18S,0.10000019139364576,0.10000000000779193,0.10000036896017804,0.10000074098354987,0.10000024011011965,0.10000019337786142,0.10000007166456128,0.10000045212095324,0.10000006432111734,21.099997677056372
pre60S,0.10006824347500037,0.10000286148560567,21.09976697450016,0.10000225611528368,0.10000945661238539,0.10000173833553931,0.1000000000957965,0.10000636319650635,0.10000024296670246,0.10014186318108732
catabolism,0.10000042928112012,0.10000022737175741,5.3551386994981645,1.1316375733868393,0.10001576298159048,0.10000620305763921,0.10003634362929888,2.2947538898484643,12.618396828477453,0.10001404242686264
together,0.10003575583708663,0.10003129861356715,6.751560152911826,1.6773723619132601,8.859517024313687,1.9179598079489486,2.2935119169022933,0.1000065452469985,0.10000367601202981,0.10000146025595122
NC001142,0.10000091018764454,3.3307059338082436,0.10000153302676261,15.452954880604281,0.10000451839352258,1.5163104782678147,0.10002625953826245,1.0999912457734573,0.10000423968796433,0.10000000067619158
components,0.10000564161365415,4.884655272915106,0.10002181903829549,0.10000215015973563,3.253860032001049,6.459785844796627,0.10000195087008369,0.11132873270123057,1.1315708576399726,5.75876769821915
often,0.10003200650924271,0.10000008321075637,0.10006546103781058,0.10002502775003103,0.10006721426150544,2.0998797746788602,19.099878880496423,0.1000316986223188,0.10000483302500258,0.10001502035341685
orientation,0.10000518847642613,7.800398190824022,0.10000534691928292,0.10000045138855586,0.10002035579672584,13.381717389210639,0.10000038494710528,0.1000074371885353,0.1000000000391075,0.11784525518951289
0006396,0.10001478330441556,0.10000164809471955,0.10000374998907244,0.1000063373429048,0.10000027990062581,3.6873855773522743,0.10000703925456797,0.10000000004168133,6.607747799763983,11.00483278493654
0022857,0.10000000001933658,0.10000010432045395,0.10000000001515727,0.10000002201325829,0.10000104734646897,0.1000000000225314,0.10000057019847686,21.09999806700713,0.10000018902646408,0.10000000002399285
peroxide,0.10001566671191858,0.100033253675766,1.6443668232687654,0.10013573359412473,0.10002574927961647,1.0998421855654315,0.10002897015330107,17.55552942139979,0.10001160831147195,0.10001058797344448
TLC1,0.10000000006984969,0.1000081046224887,0.10000055573085904,0.10000396269680732,0.10000000004963026,5.068216988732891,15.131720144373837,0.10000000004698971,0.10003745400340838,0.10001278965139425
migration,0.8969647207674469,0.10000956654621125,0.10001205584499123,0.10000211466488941,0.10000670483064426,19.303002744537448,0.1000014416018615,0.10000050336218513,0.10000000003150603,0.10000014780056225
monooxygenase,0.10000000007420946,0.10000006820169222,0.1000096659466948,0.10000000006236992,2.246443986021286,0.10001604231190286,17.953526013661687,0.10000207166227573,0.10000215194969332,0.10000000009203416
shift,0.10000194779903483,0.1000013698043346,0.10003163757274161,3.136686332900435,17.063194051954078,0.1000025427422554,0.10007969850909224,0.10000050983129631,0.10000190871385027,0.1000000001371333
0008094,0.10000026169584511,12.171656433515171,2.8939806146413494,5.23429783941108,0.10000049015952517,0.10003777035301895,0.10000085014195442,0.10000000003830478,0.1000131270478059,0.10001261296968518
0004177,0.10000444903100551,0.10000286374234171,0.10006657134470143,20.099860787456272,0.1000105742813039,0.10000000017969088,0.1000079329764667,0.10003757036826091,0.10000283941658779,0.10000641117130019
0042147,0.10000073526273118,0.10000135368761594,0.10000141599916454,0.10000205881217542,0.10000161346893326,0.10000151144104234,0.10000129911351081,20.099989916271472,0.10000005213094784,0.10000004380422922
most,3.654314265887418,5.8085847109310675,0.10003927931639406,0.10001161370466691,0.19032203427782335,5.291786036540023,3.7211412346951085,1.9337891168852928,0.10000918233516896,0.1000025253694236
homocitrate,0.1000000000289488,0.10000000002077986,0.1000000000226294,0.1000000000242697,0.10000000002047595,0.10000000003363917,0.10000498572748705,0.10000000001939315,0.1000379178678076,20.09995709622233
multicopy,0.10000306576556131,10.070013452950922,0.10000996362762883,1.6129676843581924,0.10004723617476181,0.10010210381677137,3.322329049362677,5.394498362828991,0.1000014937387126,0.10002758732107435
0006461,0.10000653694932575,0.10000454987509576,7.2871252104671305,0.10000152327349018,0.10000326720696637,0.10000999442881121,6.727394683551153,4.767286197986426,0.10000000005551668,1.618168036178559
0006407,18.310301569848487,0.10000791907606221,1.8755250318038563,0.10000963711242004,0.10000000002677228,0.10001875506422109,0.10000087118015057,0.1000112661602558,0.10000000002600572,0.11412494968095349
NuA4,0.10000128124130472,0.10001613721420669,0.10000121518614616,0.1000152865696635,0.10000000001961801,0.10000349368305957,0.10000000001847331,0.1000041538757654,0.1000000000190693,20.099958432161767
within,1.1245500091780134,0.10003372773127643,0.10001469884825054,0.10004333514068285,0.10002282082037159,0.8307557270856437,5.115692418379116,9.843374746848744,0.4977338475527696,3.187778668355031
long,0.10000092816158529,0.10004065595131292,0.10000187153704744,1.1124944237938776,0.10007786646524486,0.10017621942948175,14.649254135300994,4.537929196923961,0.10001499781655362,0.1000097045494993
Integral,0.10000000012453003,0.10001453141976034,0.10000751669791723,0.10004734570159957,10.158664681445508,1.4025422060666926,0.10001583704601108,8.738705478149088,0.10000000008575254,0.10000240322945883
piecemeal,0.10000063110451206,3.766656834321849,0.10001271377767897,0.10000009197597177,0.10000243377718639,0.10000853831576934,0.10000173020168827,16.433315148262363,0.10000035758206358,0.1000015206649155
SNAP,0.10000098591817404,0.10000041631220534,0.10000054205536192,0.10000000002510935,0.10000836702215489,0.10000000003487607,0.10000012804990809,20.09998954070045,0.10000001983624632,0.1000000000370994
0006360,0.10000011478736952,0.10000392002501393,0.10000000002520495,0.10003604172732199,0.10000000002276871,20.099942698394354,0.1000000000214241,0.10000462091901037,0.10000000002215184,0.1000126040424717
kinases,0.10000004553017448,18.8646059333999,0.10001247587413208,0.10000814073400596,0.10001094480394888,1.3353344151927555,0.10001549780879539,0.10000483010154003,0.10000658526916581,0.10000113126286098
0006891,0.1000005668097949,0.10000000001545292,0.10000000001684699,0.10000085474067996,0.10000065385936349,0.10000000002506142,0.10000012804424367,20.099997088696572,0.10000000001479246,0.100000707770367
many,0.10000289964186612,1.644289404508161,7.075120731896454,5.275078207604961,0.10000625642694339,0.10001732448810755,0.10000738723326683,6.403647584395293,0.10181647402510709,0.10001372974640675
transesterification,0.10000005593358965,0.10000152758148304,0.10000344868255494,0.10000089935722818,0.10000014386354865,20.099993727524044,0.10000000000968753,0.10000000000975058,0.10000014334320999,0.10000005369006804
0006302,0.10000039747248968,11.999227172632592,7.787479250870757,0.10002476691887369,0.10000000003937415,0.10003830704288073,0.10000052270791329,0.10000218294515796,0.10001007425943596,0.5132173250855105
lethality,7.775635163268629,4.665930503482668,0.10002295224873442,0.10000441437614148,3.5864594633662885,0.10004230118985452,2.371590248243193,2.0999963509788238,0.10031860254635866,0.10000000024940711
0045121,0.10001274381060442,0.10000753934793612,0.10000227494749397,0.10000380665565863,0.10001931969553732,0.10000077346165537,0.10001618016690786,20.099935912967887,0.10000000005182114,0.1000014488759168
very,0.10000323371903072,0.10000068778208736,0.888081707823188,0.10003464275755859,0.10002509169754936,0.1000715658750198,16.79011698826556,2.621663651086618,0.10000243077204667,0.1000000001837532
pH,0.1000006814211816,0.10000533177779951,0.10000985065044785,0.10000101616133455,5.3522808228867484,0.10000559263987992,0.1000004931507508,14.847696136765318,0.10000007444147732,0.10000000008809747
shunt,20.099905506014142,0.10000000007446341,0.1000106068731897,0.10000058145046926,0.10001148993296073,0.10000786609889858,0.10003499943247689,0.10000083794406492,0.1000281120277014,0.1000000001284054
0000001,1.1478501602046935,11.369873101601293,0.10000207358808191,0.10000215810944835,0.10000800332339665,3.9038558215613683,3.978399324290048,0.10000742795446388,0.10000000004662958,0.10000192929619985
COB,0.10000985379074971,0.10000000002240432,0.10000054076381693,0.10000000002621413,0.1000000000220641,20.099959826817337,0.10002601718876587,0.10000167634877441,0.10000122812250739,0.10000085688594433
carboxypeptidase,0.10000039911777973,0.10000992763914915,0.10004696113565854,0.10000009935576741,0.10002469847700204,0.1000000001541711,11.37842403523746,8.821488403538279,0.1000050723121934,0.10000040300151908
entry,0.5750478167697737,10.209226098624747,3.6694720504193508,0.10011201866073675,4.665161257260904,0.10002935119564993,0.10000019845909734,1.3809192253969298,0.10002861279119349,0.10000337037431468
0022891,0.10000000001997217,0.10000010964159471,0.10000000001565269,0.10000000001678717,0.10000145346905664,0.10000000002326412,0.10000074192956193,20.09999769483877,0.10000000001375439,0.10000000002477862
synapsis,0.10000007383271575,0.10000652210290456,0.10000438194844771,0.10000094658341958,0.10000137395394637,20.0999867015164,0.10000000001141356,0.10000000001149623,0.1000000000118009,0.10000000002124934
symporter,0.10000000002287901,0.10000000001644829,0.10000000001796132,0.10000004625746742,0.10000230161893392,0.10000000002670313,0.10000033857953977,20.099997313409013,0.10000000001575979,0.1000000000284021
0001078,0.10000000000613485,0.10000047822117754,0.10000005790888399,20.099998386225835,0.10000019714256382,0.10000057052660787,0.1000002620567935,0.10000000000411673,0.10000000000422411,0.10000004789836087
suggests,0.10000407909615462,1.3272834842701526,7.360666411553466,1.1429623058620146,0.10006528227539832,0.10045266979018526,7.565223489528877,3.1032978966463434,0.10001769699967727,0.10002668391935657
telomeres,0.10000042261200345,0.3374807053360084,0.10000329530532198,0.10001532237178364,2.0885030784125824,16.65992061785177,0.10001601958553562,0.1000051159782863,0.1000393502460396,1.3140160722629497
0009408,0.10000151037466212,12.18251526609439,6.450670335046863,0.6768013378520704,1.0899816769473238,0.10000881482638654,0.1000023536440275,0.10001778754004807,0.10000000005197529,0.10000091759279107
experiments,0.10002861567576905,0.10000308792786387,0.10000251558249376,0.10001375157133979,19.80814332959847,0.39177232581712174,0.10001002382593777,0.10000195960407647,0.10001116213083687,0.1000132282405843
carnitine,0.10000000005036686,0.10000000003625427,0.1000000000394948,0.10000453098405077,0.10000353193318445,0.1000000000586811,18.820424569727496,1.3795635644815976,0.10000380260953591,0.10000000006253508
alphaketoglutarate,0.10000000003910327,0.10000000002806969,0.10000000003058748,0.10000030521335798,0.10000000002766275,0.1000000967848026,16.611352854869438,0.1000008498210882,3.5886283313309213,0.10001756184041814
against,0.1000000001097328,1.6927622155699393,14.93972168646206,0.10000361249599604,0.1000071161877862,0.10000443030389025,0.1000314798957943,3.6674555679985943,0.10000580682917162,0.10000808411634234
allantoin,0.1000000001313738,0.1000000000944645,0.1000070995632994,0.10026923148055004,0.10000000009321561,2.0997145979255447,0.10001063204228393,7.100008275130395,11.099990163311393,0.10000000016302137
0030515,0.10000052112481246,0.10000012530289527,0.10000047370821957,0.10000082720852749,0.10000017877628488,0.1000003852517524,0.10000007532025838,0.10000001572421971,0.10000005154957732,20.099997346029575
source,0.10000000048726601,0.10002014711262237,0.1115723879769339,5.100057398268573,0.10012735027157152,0.10000000056758553,11.763543776433783,2.104273045278214,1.4204043924975644,0.10000150103930874
0019236,0.10000274913033318,17.780612752794216,0.10003054519970013,0.10000576677382442,2.4193048589032324,0.10000068489779107,0.1000163568295121,0.10001216016843456,0.10000000006381783,0.10001412521126887
0042493,0.10000057064451896,0.10000136939938191,0.10095756102229354,0.10003740407872434,0.1000025165914622,0.10000000004611301,0.10000038601605499,20.098999724745042,0.10000010390676982,0.10000036353207682
forming,0.10005055849174575,0.10004229243397417,1.110805620296421,0.10000424200049404,0.10000862330837024,3.106988422604539,0.5632106281240195,1.692452828278539,14.02643538790294,0.10000139650169018
0033615,0.10000179548553226,0.10000000003481707,20.09995062963777,0.1000000658518032,0.1000000572829332,0.10000040662407317,0.10004640343547452,0.10000064153843193,0.10000000003333266,0.10000000006010093
0016791,0.10000104561957181,0.10001582099653822,20.03535008952335,0.10000000007033323,0.16461708498070143,0.10000159008795467,0.10000144492906637,0.10000500201366828,0.10000765136324025,0.10000027039822086
frequency,0.10001050396350983,0.10001569992725548,0.10000101255380103,0.10000028968065507,0.10003524347945274,0.1000004353883855,20.09992556259497,0.10000611617623538,0.10000464992817276,0.10000048628635634
survival,0.10000184309588311,3.2278191008718515,4.601353515854907,0.10000739803533232,9.402763139926913,0.10000508562756934,0.9280391699456844,0.10000106633932626,0.1000141052965937,1.3399955749701815
depolymerization,3.507480179367816,0.10002311913447198,0.10004073901855778,0.10000008485982688,0.10000170438882543,15.692452648110155,0.10000004522632036,0.10000122395503853,0.10000000006299156,0.10000025585498938
Nonessential,0.1000007199794746,6.125218693066304,1.4836545204490605,0.10002109615337527,10.48299360754364,0.10000875314407569,1.3080903391705088,0.10001227004655405,0.10000000014671871,0.10000000026456947
0005507,0.10000093376126416,0.10000053579266069,0.10000238192150783,0.10006985418977873,0.10000020581690097,0.10000497946744989,0.1000477798302669,19.099873329027393,0.10000000005831963,0.10000000010503218
recruitment,0.100006286374122,6.74184254113217,0.10002240742975908,0.10015436285113952,0.10000278208218667,11.014248862706207,0.10001575691158159,1.5436873699129183,0.10000880226413823,0.10001082828044626
nucleosomes,0.10000127141300115,0.10001429089756401,0.10000342760427831,0.10384989887713242,0.10000247847742368,18.044103008039066,0.10000834364837763,0.10000085897691599,1.1520000100965744,0.10001641194405199
oligosaccharide,0.10000055509920976,0.10000028131358944,0.10000662580024375,0.10000002343447016,19.099985119057227,0.10000169239550875,0.10000258953962365,0.10000298000336487,0.10000000002277537,0.10000013332512231
defective,0.10000829329417238,0.10006154427862947,0.1000195254827014,1.1544160046997576,7.448349724362068,5.207544952323691,3.0492462071448885,2.640343138130867,0.10000056504210704,0.10001004519076716
deacetylation,0.10000000006947553,0.10000120539226887,0.10002167068303641,0.1000521956249792,0.1000029043693273,0.10001113069009315,0.10001653364395093,0.10000250041369971,1.5985782711028114,17.60131358798234
organelle,0.10000027492664235,0.1000021668655923,0.10000584373842578,0.10000018123589317,18.79962306559377,0.10000000008254677,0.40032252131990786,0.10004124129112282,0.10000347018064623,0.10000123474205488
pentosephosphate,19.099926756835583,0.10000000006435115,0.10001117764994039,0.10000061268844983,0.10001210824746454,0.1000018576539424,0.10001697616013208,0.10000088297415458,0.10002962759578836,0.10000000011096377
onecarbon,0.10000000003500027,0.10000066538923988,0.10000258175981426,0.10000000002939038,0.10000284329971816,0.10000000004075273,0.10000604117510267,0.10000108967983126,19.099985108505226,0.10000167007673708
0020037,0.10000037754608859,0.10000242951369318,0.10000918582636988,0.10000119155574913,0.10000591172697154,0.10000077671637754,19.098622767913504,0.10135364122979582,0.10000371789897203,0.10000000005928769
0008643,0.1000000000226864,0.10000011553618807,0.1000000000177802,0.10000000001906624,0.10000703571455216,0.10000000002643064,0.10000035270803043,19.099992495903646,0.10000000001562455,0.10000000002814781
contractile,0.5462772556856551,18.65366977547916,0.10000602197732243,0.10000076211004448,0.10000352887626032,0.10000325710742648,0.10000000003133072,0.10000185744292969,0.10000043235922157,0.10003710891440556
0000011,0.10000313715726834,10.896329579753134,0.10000120000957265,0.10000113573200123,0.10000000002657537,0.1000021675604262,0.10000193547739693,8.303658856528946,0.10000000002580504,0.10000198771442671
prevents,0.10001519005528846,0.10007176789119612,10.27814161625767,5.503563566503413,0.1000133320011306,0.10005954533034664,0.10000950215500756,3.5181085650523154,0.10000081661012468,0.10001609809562337
0051726,0.10000018831401448,15.756318342506624,0.10001752212114773,0.10006352388774516,0.10001149145996507,3.44358720303182,0.10000000004805212,0.10000058741176955,0.10000000004965297,0.1000011411427976
precursors,0.10000366716581637,0.1000011027928716,1.4636522806267125,0.10000007757726728,0.10000052141152384,0.10002851915401749,5.887718325470094,0.10009508639381562,3.7670265528298668,8.281473866530378
0034727,0.10000070087136413,4.104789211941656,0.10001304603753478,0.1000001015314761,0.10000174089758612,0.10000510383618004,0.10000118178103239,15.095186889347035,0.10000038071841201,0.10000164302209498
three,0.10000068668195991,0.10004011689703059,0.10001974030276904,0.10000776584454374,8.478477042632527,0.10008026408792609,2.688781736090872,5.239397209893498,2.9931828676214547,0.10001256989600005
MMS,0.10000256904101536,0.10000346275623721,3.537277627254893,0.10000649296167832,0.10011380474731205,0.10000431120874596,0.10002568062257829,15.662560028310379,0.10000602267129331,0.10000000037951859
0032968,0.10000319848592817,0.1000067420252132,0.10001246427170912,15.690478782063304,0.10000043571322495,3.509487586957374,0.10000044793027027,0.10000564582727361,0.10000078429062512,0.10000391242044593
chromosomal,0.10000028452993116,0.10002117662983201,0.10000807998595046,4.442017424813728,0.10000029709765099,12.859810051669434,0.10000000002587184,0.10000000002605847,0.10000836405347172,1.9981343211464644
polysome,10.68453465595705,0.10001202954915274,4.93206557530792,0.10000335910979893,0.10000874764427424,3.683343119714823,0.10000169810152336,0.10000566279393787,0.10000180996157072,0.10002334183629823
transporters,0.10000001729403199,0.10000013017817203,1.0999322800436755,0.10004913866966067,1.185402831435779,0.10002086662894001,0.10000482228719558,17.014559769412855,0.10000000008197674,0.10003014392911018
bending,0.1000009505659602,0.10000828028065202,0.10000000004206855,0.10005675790646375,0.10043152331798687,19.09948311578776,0.10001199473694526,0.10000000003607236,0.10000000003695736,0.10000737726795983
0000422,0.10000300938541604,18.882750801023395,0.10001877087074973,0.10000000016447726,0.10002585452622902,0.10000633313533476,0.10002350785247235,0.3171700856021081,0.10000024281974147,0.1000013945674995
0032196,0.10000000001204315,0.10000000000866116,0.10000307245407863,0.10000120005464404,0.10000072049657174,0.10000000001403231,0.1000000000080197,0.10000000000807928,19.09998856071797,0.10000644621811308
promoting,0.11156651062452033,2.5641419965454944,1.490664473326717,1.919310600080892,0.1000077389703552,10.222748760250747,0.100025081151669,3.2915121251540618,0.10001439929945474,0.10000831454957892
phosphoglycerate,0.10000000006354737,0.10000658089603498,0.100009774361341,0.10000000005339066,0.1000109230236432,0.1000000000740219,0.10000356307697122,0.1000000000427048,19.099968750994382,0.10000040740144474
phosphatidylethanolamine,0.10000000008782908,0.10003396268272964,0.10000000006886368,0.10000140622811765,14.884620976719418,0.10000248410741656,4.315289696401418,0.1000423459420799,0.10000878297255514,0.10000034475923017
pheromonedependent,0.1000000000265627,19.09996418921093,0.10000766055084404,0.10000438455503184,0.10000477878717952,0.10000647228894419,0.10000002289658484,0.10001108159740643,0.10000000001827258,0.10000141005596279
sulfite,0.10000057913718108,0.10000000005777906,0.10000000006299944,0.10000067653010078,0.100000587184677,0.10000000009370763,9.631117795000309,6.536573163663298,3.132307198150173,0.10000000009977017
peroxisomes,0.10000370334186728,0.10003248409136954,0.10002445445713852,0.10007504471343545,0.10000142911393446,0.10000497438126019,19.09983535853814,0.10001853452908795,0.10000401669517263,0.10000000010280921
adaptor,0.10000502571777443,0.1000060322604712,1.6310349228774563,0.1000120882957289,0.10001099475705502,0.10000395787321073,0.10000172982418558,17.568921666277515,0.10000000006702846,0.10000358202830015
0006450,18.497789852568697,0.1000016464676358,0.10000665382845676,0.1000001132312764,0.1000026616880211,0.100009653448848,0.10000423778521371,0.10000021221796515,0.7021827463917534,0.1000022223583973
AMP,0.10000081113847803,3.7447995984696654,0.10000329227086231,0.10002112052231082,0.10001179699897877,0.10000000009254616,0.10000770509035346,0.100001594089687,15.455153128785373,0.10000095252012248
FeS,0.10002836860658246,0.10000000003029064,0.5787880202279356,0.1000002075452136,0.10000105605733851,0.1000025663506061,18.620862762122883,0.10030916893683815,0.1000027537466074,0.1000050963576132
bundle,19.09971816161241,0.10011920919195846,0.1000000000854049,0.10000149226182105,0.10000035612373165,0.10013623734592099,0.10000068954277037,0.10001638850578154,0.10000290856473386,0.10000455671666464
0006893,0.1000003403710077,0.1000099402130106,0.10000000002131906,0.10000047843230486,0.10000368659604095,0.10000087715386839,0.10000000001811737,19.099984540188476,0.10000013696277019,0.10000000003373702
glucan,0.10000034892617436,0.10000670848265557,0.10000722541112739,0.10000025206662337,19.091256854537864,0.10000011596936902,0.10872670912544569,0.10000116071318126,0.10000000003100035,0.10000062472619917
0015035,0.10000013257957575,0.10000198013448532,0.10000200751604583,0.10000333655083535,0.10000871231005191,0.10000000003890154,19.054969007532467,0.14501460445108433,0.10000021883328204,0.10000000004143034
COPI,0.10004097574395683,0.5410346347429085,0.10000677277668404,0.10000000003324831,0.10000172742740013,0.10000000004615893,0.10000302932495041,18.65891285981229,0.1000000000272438,0.10000000004911275
UDPforming,0.10000169602517306,0.10000000001181525,19.09999403736982,0.10000000001379987,0.10000133407714709,0.10000000001911959,0.10000011394692315,0.10000000001102063,0.10000281849824516,0.10000000002035798
excision,0.10000000005586589,17.02775503302911,0.10001507877641863,0.10002050450006932,0.10000043822008146,0.10000251202157714,0.10000052468206937,0.1000000000374683,2.172199842073111,0.10000606658460351
inactivation,0.1000006250405604,12.976996926335016,5.067878279644803,0.10000099229351064,0.10004540528495956,0.10008489531414244,0.10009394957268555,1.254857249262578,0.1000023845050875,0.10003929268204387
0000086,0.1000000000244049,19.099958916223212,0.10001329018495456,0.10000564779633311,0.10000000001727592,0.10002065922370351,0.10000000001625997,0.10000020540536407,0.10000000001680766,0.10000128107975215
shape,0.1001015833935889,16.004988719878526,3.194870931142195,0.1000012577462017,0.1000186412095563,0.10000503804529036,0.10000854648913504,0.10000488207490082,0.10000000003075078,0.10000039996785295
facilitator,0.10000000003113965,0.10000012870898109,0.10000000002442651,0.10002174730159649,0.10000472814818022,0.10000000003631215,0.1000001711373519,19.099973224540935,0.10000000002144065,0.10000000003864243
strains,0.10000043730598279,1.8493358386037264,0.10000380305936284,3.0185078319934275,8.99097434275393,0.10000100191862575,0.10001080985034314,5.541133218754742,0.10001033663281812,0.10002237909277134
0000777,0.10000000001055073,0.10000086666600023,0.1000016639379239,0.10000003443102086,0.10000000000747139,19.099997376440676,0.1000000584747915,0.10000000000708312,0.1000000000072611,0.1000000000130905
stabilizes,0.10000937818147544,1.6278620142171454,1.3741526483793558,0.10002888562218573,0.10153683770664891,4.631741209702972,5.800751034398507,0.10000640451338812,0.10000859322832382,6.0639029940025555
Translation,19.099993998561143,0.10000092367670085,0.10000052232494928,0.10000087634283401,0.10000017932506229,0.10000107423963837,0.10000033462708662,0.10000048614801518,0.10000103464139484,0.10000057010786767
single,0.10028327570104878,4.088862856620267,0.10002529139133202,0.10004359751441172,9.927807743140063,0.37219838754929335,2.635317394534099,0.10002146757968301,2.475148052568199,0.10029193328878414
heavy,7.031002753377811,0.10001995623970418,0.10008297051628727,0.10001424912383448,2.92045274833732,0.10052857617269555,2.581073856603467,5.408151870739321,0.10000000020273116,1.5586730185749293
0008757,0.10000374699495396,0.10000027641364834,0.10000018782597456,0.10000000004271627,0.10001054417642866,0.10001335816082337,0.10000505565932609,0.10000156365625353,0.10000260595229998,19.099962661107604
0008361,3.2123851089571045,8.14984847237836,0.10000870384268196,0.10001536848827705,4.372012998571601,3.6656898509611238,0.10000181977697384,0.10000392636958065,0.1000057657084522,0.100027984914571
glucosidase,0.10000057149373555,0.10000253903524585,0.10000184086298959,0.10000053775166624,19.0999872067797,0.10000068603242915,0.10000432453418483,0.10000128692554042,0.10000077581373396,0.10000023076215452
DASH,1.0999830707991662,0.10000042646511505,0.10000000002554886,0.1000001091604655,0.1000000000230491,18.100016393410165,0.1000000000216812,0.10000000002184764,0.1000000000224314,0.10000000004039387
0015934,19.09998383040433,0.10000052961346288,0.10000208104941595,0.100000033120954,0.10000000001796445,0.10000258217649437,0.10000193968925099,0.10000014431286115,0.10000000001746615,0.10000885959121845
all,0.10001096333611359,3.8038211490963127,0.10003752768419004,0.1000621290369919,0.10021525318629315,0.10000586288111456,10.418665080660988,2.3081412778869814,2.8690295722157115,0.10001118392415587
diploid,0.10000925815222243,6.421640181048248,0.10002566524875085,4.556946414296773,4.98322679022729,2.4289660658592505,1.109132681576994,0.1000021555802453,0.10000576760132228,0.10004502036371186
0016236,0.10000076302598856,2.427358013432801,0.10001018760508515,0.10000064096725973,0.10000313683720438,0.10000842366910066,0.100021213700006,16.77259733771257,0.10000028294850012,0.10000000008181058
riboflavin,0.1000000001304725,0.10000000009378178,1.1386758183335548,0.1000010231578055,0.10001265100892248,0.10000000015202506,0.1000090046185192,3.9452283157733667,14.21607318654356,0.10000000016188404
either,0.10002692556806567,0.10002762525470209,2.334054708627978,0.1000309196557321,0.1000151285970457,0.9582279774391141,0.10020036373906044,3.8917215128055522,3.5516731960047996,8.76402164222169
monocarboxylic,0.10000000002418125,0.10000000001737228,0.10000000001894002,0.10000000002031371,0.10000311074393717,0.10000000002815401,0.1000002165606461,19.099996672532765,0.10000000001666201,0.10000000002999132
0006744,0.10000000003311875,0.10000011986854936,0.10000023804016944,0.10000000002778112,0.10000042058713116,0.1000000000385239,19.099993299098887,0.10000010724136507,0.10000352616292159,0.10000228889390876
diauxic,0.10000201935304646,0.10000075133871351,0.10003353896899148,3.1390438523567843,16.06083025978948,0.10000259889194164,0.100084405917458,0.10000054262720713,0.10000203058244156,0.10000000013695988
0016573,0.10000123809756481,0.1000101276799062,0.10000304733562455,0.10006793002226173,0.1000037125504692,1.797066293923638,0.10000281398184852,0.10000110235888858,0.10000723654241393,17.40283649748206
locus,0.10000017290505937,0.10002171357638154,7.98211935820029,0.10010054666505906,0.10005136886006068,0.10030826892767628,1.2339956636668779,4.876663246101491,0.10017723256460101,5.306562428404484
likely,0.10002381187080052,0.10002318133823952,1.8370038099102328,0.10001647834479752,0.7048632998650418,0.10000901852950586,4.477602867550923,9.346739559486887,0.9122654781690673,2.3214524948804263
scaffold,0.10000022809538218,9.284475090406735,7.081260760685893,0.10004131112036466,0.10000114447274204,2.934204537261081,0.10000107609161403,0.10001311784036043,0.1000000000507167,0.10000273394867984
alphaalphatrehalosephosphate,0.10000169602517306,0.10000000001181525,19.09999403736982,0.10000000001379987,0.10000133407714709,0.10000000001911959,0.10000011394692315,0.10000000001102063,0.10000281849824516,0.10000000002035798
0019005,0.10000000003029623,0.1000033890345961,18.099989193812817,0.10000000002546221,0.100002418432125,0.10000327598887726,0.10000172258957016,0.10000000002035428,0.10000000002087482,0.10000000003760316
0005484,0.10000073193643003,0.10000023277019854,0.10000000002164403,0.10000000002320011,0.10000630964756627,0.10000000003221227,0.10000014259373892,18.09999256084701,0.10000002208588747,0.1000000000342753
0016773,0.10000018509515424,16.189514405601106,0.10000000010903491,0.1000084354171873,2.0104238996080515,0.10000352399802856,0.10002957477129584,0.10000206819523431,0.10000666712200046,0.10001124005842875
0006696,0.100000000041536,0.1000000000298142,0.10000069558179535,0.10000000003485057,18.099971438775658,0.10000000004831719,0.10002113599164222,0.10000000002785235,0.1000067294050119,0.10000000005145705
0006730,0.10000000003602393,0.1000007031876619,0.10000272844828853,0.1000000000302489,0.10000300485438907,0.10000000004194305,0.10000638453989535,0.10000115158409191,18.099984262311196,0.10000176495689767
DEADbox,0.10000902982318849,0.10000046553090639,0.10002524925043858,0.10000237989228851,0.10000027309900068,0.10000684984519907,0.10000202085986466,0.10000062705923797,18.099875056193433,0.100078048423612
0003756,0.10000000002716732,0.10000000001953872,0.10000027526934534,0.10000000002283016,0.10001369214778923,0.10000000003164485,18.099985749367555,0.10000000001826342,0.100000283052884,0.10000000003370846
0006506,0.10000028068155811,0.100000750466271,0.10000097877156333,0.10000000001931844,18.099993883174886,0.10000040462774468,0.10000054147203304,0.1000028334502751,0.1000000000158385,0.10000032731327727
0006289,0.10000000005619078,16.687895156208054,1.511608800180364,0.10002758767984818,0.10000093601452642,0.10001339866316679,0.10000117788941351,0.10000000003771738,0.10000313391536565,0.10044980933367628
0005844,10.04079075177188,0.10001296454246668,5.147015894550203,0.10000354039291003,0.10000990045999884,3.112152045183044,0.10000170093042987,0.1000057203362848,0.10000186239254202,0.1000056194180471
0032321,0.10000198240383831,18.09999561411281,0.10000000001258005,0.10000025645762863,0.10000000001138419,0.1000004279558207,0.10000000001070448,0.10000171899757486,0.10000000001105988,0.10000000001992004
0000290,0.10000327817314777,0.1000024642990469,18.099981750872185,0.10000076715654099,0.10000000001198867,0.10001026550537395,0.10000000001128723,0.10000008682891284,0.10000097204437206,0.1000004150891135
0005852,18.099997247535693,0.10000031547716237,0.10000000000832633,0.10000003803895673,0.10000024212646616,0.10000025585805117,0.10000048505969047,0.10000000000712342,0.10000000000730826,0.10000141587654271
0000070,0.10000092788041966,0.1000058783786861,0.10000305053663276,0.10000521135631793,0.10000118270619462,18.099982685758068,0.10000017419044162,0.10000000001090603,0.10000000001119297,0.10000088916437883
0004129,0.10000006317325172,0.10000018740042549,0.10000091215326747,0.10000006720005022,0.10000080721650795,0.1000001395102178,18.099996490347667,0.10000133295147755,0.10000000001427549,0.10000000002573847
0004169,0.1000000000150036,0.10000000001081531,0.10000000001176497,0.10000000001262077,18.09999929938958,0.10000060716237942,0.10000009335269008,0.10000000001008279,0.10000000001033814,0.10000000001861409
COX1,0.10000445733470867,0.10000000002483583,0.10000089081813372,0.10000058672273063,0.10000120809040705,18.099966235268592,0.10002312976682684,0.10000078155779223,0.1000017561620801,0.10000095424343391
F1,0.10000000001606085,0.10000000001154163,18.099988867636146,0.10000000001349497,0.10000000001138114,0.10000000001871232,0.10000922040028645,0.10000191185359396,0.10000000001106156,0.10000000001993228
0030466,0.10000038055654897,0.10006562698945584,0.10004647853021094,0.10032095102676779,0.10001013979290226,0.15644798545029076,0.10000087462957792,0.10000285959954343,0.10000341523687038,18.043101288097397
0044262,0.10000000010283963,0.10000000007396224,8.378656760618494,0.10005379427871024,0.10001761803943891,0.100000000119758,9.821258294805338,0.10000294474394777,0.1000105067874561,0.10000008040230156
ADP,0.10000072406578878,0.1002229731002803,0.10007180704069672,0.1000000003083558,2.320338145330092,0.1000000004276924,0.10007510294661305,15.8791945720042,0.10009667421504391,0.10000000045522646
zipper,0.1000002756021395,0.10000465515334415,0.10000600385466704,18.0999501687764,0.10000111596176671,0.10003400402364379,0.10000014316802251,0.10000127099829743,0.1000004892340964,0.10000187321545081
recruits,0.10000542838934727,11.27141917087834,6.270066430249128,0.10015623448876335,0.10001965994902404,0.7582144837712358,0.10000851044714446,0.10010961836888542,0.10000006832835627,0.10000039507704325
copurification,0.1000312418543208,0.1000033540197789,0.10000209289918796,0.10001451461933533,18.099902030260516,0.10000690635365689,0.10001082763838075,0.10000212844471232,0.10001213327745738,0.10001477061051797
RNAs,0.1000845482483531,0.10000222187073417,3.7079881316225,0.10000881419203354,0.10000310128625771,4.448652005960584,0.10005884904778874,0.10000000026358727,10.142617194623517,0.10058513277754222
cargo,0.10000063552883019,0.10000378893722592,0.10000451550206423,0.1000008845883458,0.10000926416793256,0.10000058665441008,0.10000030110727044,18.09997975023,0.10000014475059445,0.10000012852300612
cyclohydrolase,0.10000000002481624,0.1000000000178446,0.10000000001946356,0.10000132919668887,0.10000111948613019,0.1000000000289233,0.1000013034143289,0.10000040194986555,18.099995845824093,0.10000000003079025
synaptonemal,0.1000000000392946,0.10002904064236899,0.5568696744719267,0.10000069289368246,0.10000069657644635,17.64309705269014,0.1000007145804377,0.10000115642138163,0.10000000002705825,0.10000097164369968
substance,0.10000000016666988,2.24265461009292,0.10005226635972797,11.654724526505678,1.3079356943098002,0.10000235667148576,0.1000297020261856,3.194596109448502,0.1000007699455463,0.10000396442858077
start,10.172634025876631,0.10002348320454306,0.10003686586909094,2.8662657391185498,0.10018666669932787,0.10005571531780204,0.10011093204439947,1.2408197709600863,4.119864179063114,0.10000262174534189
palmitoyltransferase,0.10000000010408959,0.10000000007485572,0.10000000008161557,0.10000000008750057,0.10005532234562123,0.1000034714146048,18.099868282275157,0.10005400163459227,0.10001892181955079,0.10000000012921476
slow,16.099967964032075,0.1000176635463858,1.0999679290434812,0.10000000011541767,0.10000009802393636,0.10009860773431566,0.10005020588702476,0.10002033299844243,0.10000000009454806,1.0998771984765094
patches,18.099897728469116,0.10001545100493568,0.100032984072645,0.10000000008034125,0.10001415234337889,0.1000063089444848,0.10000962858171623,0.10002073052634808,0.10000153669826521,0.10000147925462191
ceramide,0.10000000002895808,0.10000179990217138,0.10000000002267789,0.1000000000243278,18.09998459392621,0.1000006188812595,0.10000249088297397,0.10001049626634326,0.10000000001992264,0.10000000003590423
segmental,0.10000000010669433,0.10000195627574175,0.10062151762918699,0.10000815741380915,15.426021459975832,0.10000000012447842,0.10000000007117527,2.773262967124882,0.1000839411124953,0.10000000013236869
see,0.100167316349834,10.03144134293613,0.10001745590239663,0.10002734885906965,4.569010025306319,0.1001398093047602,0.10002845616662923,2.099967970719754,1.6990972939483004,0.10010298043645369
peripheral,0.10000255630954721,0.10000075529407189,0.10002423436872099,0.10000000005834848,0.10000873343762115,1.1213729829399839,9.56232144287275,7.616267714932768,0.10000157967459282,0.10000000008611534
ends,0.10000000005305769,7.118706254782799,0.10001275362573794,0.10000377296023809,0.10000064440143282,4.554291026896506,0.10000000003537723,0.10000045282362012,6.626957674188188,0.10002742021021847
ribonucleoside,0.10000753997264966,0.10000608176618808,0.10000079693031054,0.10003500912650456,0.10000251661694559,2.1751750110405457,0.10000000004470529,0.10000060963503787,16.024761810026817,0.10001062481975422
refolding,0.10000279922256361,0.10000102738462004,14.006711527956448,0.10000000004119328,0.10000099450717599,0.10000152034190314,4.193270367538944,0.10000029461634669,0.10001081256032904,0.10000065581568203
phosphodiesterase,0.10000290805337832,7.690827032732899,10.509067093398265,0.10000777194560788,0.10000802386034162,0.100043963966237,0.10000280088055995,0.10000909280604599,0.10001645814780939,0.1000148541803689
reduces,0.1000237774679327,0.1000032378283833,0.10014784993862398,0.10000000012262317,7.496168399034851,0.10000000016990264,2.267139236492804,2.5364967384905523,0.10001598278474848,6.100004777624158
Zn2Cys6,0.1000000000087668,0.10000035007461984,0.1000002483694349,18.099998061617473,0.10000015383651578,0.10000031278520216,0.10000016233344208,0.10000007659965632,0.10000063435858507,0.10000000001088091
acetate,0.1000000000918406,0.10000000006609423,0.10000532846488022,0.10000019870584348,1.3076002531013655,0.10000200628625797,12.415771646630485,4.576607685089017,0.10000611575732679,0.10000676578175947
play,0.10000019089069904,5.927364807797256,0.10005339925394706,0.10000756945460404,9.464991509842816,0.10023738134441984,1.269303149441451,1.738036330172325,0.10000412008403918,0.10000154165000874
inhibited,0.1000032047524013,3.626407064337884,0.10002814662687033,0.10007981609655416,8.572725443882744,3.519332478075041,2.679955282086713,0.10000587804579451,0.10142328964440726,0.10003939639864681
chromosomes,0.10000171202526832,0.10001645508526603,0.8551529611759109,0.1000123105651991,0.10000149973997896,17.344808062273863,0.10000000001887091,0.10000599594510873,0.10000068467336905,0.10000031848279195
adaptation,0.10002527989786722,13.523731152522323,3.516054433738023,1.2601118745021498,0.10000735318583893,0.10000109494915856,0.10003778560110416,0.1000087309197738,0.10001939785113903,0.10000289679369014
include,0.10000121207407697,0.253844981274895,0.10002282937243534,7.180630669216684,0.10000555337591661,4.657220711132789,0.4607247108926452,5.947531500490018,0.10000072828440161,0.10001710384871013
posttranslational,0.10000343582065402,1.8009315740207803,5.331700817350344,0.10000246648004453,8.956212982869767,0.10002147023315625,0.10001299155800031,0.1000161568004481,0.10007611771925401,2.31102198709786
more,1.279101154015853,4.452296653135768,4.394659585853168,0.10004219916964963,0.10005701290737286,0.10000464501110409,3.396137803324082,2.9662344165504893,2.1114484451862676,0.10001808478459859
agent,0.10000800355759773,0.10000304206220899,0.10004848746182707,0.10000364330421146,0.1001147803287619,0.10000378740615083,0.10002696290220654,18.099784654898016,0.10000663765407446,0.10000000037571886
transfers,0.10000410872226438,0.10000000007704893,0.10000734447639568,0.1000247999847338,9.854482925793585,0.10200803345484004,8.343440102482273,0.10001257175249656,0.10002011308997234,0.10000000013294882
eisosome,0.10000532951711417,4.029566348702914,0.10000791340089576,0.10000020886369249,0.10001658883215933,0.10000503321893946,0.10001124532973658,14.170387331913357,0.1000000000710932,0.10000000012816684
molecular,0.10000872507590788,0.10000029616941743,6.3479942195561305,0.2037900831225068,0.10370522923544166,2.1579277305919167,9.686506470732537,0.1000046059911849,0.10004994495682652,0.10001269453618555
vSNARE,0.10000000002543524,0.10000046552989592,0.10000228939927722,0.10000000002137548,0.10000114679019954,0.10000000002965424,0.10000028517177871,18.099995768842312,0.10000004415131182,0.1000000000315614
0009082,0.10000000002790292,0.10000108652619799,0.1000000000218708,0.10000011484898859,0.1000000000197628,0.1000007582045291,0.10001067926761763,0.1000000000187336,17.099987027079468,0.1000003339760481
VII,0.10000505971662967,0.10000080544907931,0.10002251157241002,0.10000322393126679,0.1000000000606541,5.433972567529177,7.0574983458140865,4.808449526773716,0.10000000005899448,0.10004795906564629
0006890,0.1000009880121046,0.10000094687701111,0.1000045577008062,0.10000059434939254,0.10000154028480343,0.10000048510951792,0.10000051104772889,17.0999903765778,0.10000000001168723,0.1000000000210608
0008234,0.10000092845565861,0.10000199232642447,17.09997566961596,0.1000040607482561,0.10000707272730547,0.10000655960970341,0.10000103266751613,0.10000145442350637,0.10000004445018282,0.1000011849658732
0006006,0.10000000008390289,11.153596644181683,6.046263942616851,0.10000047353678519,0.10007333224019493,0.10000000009766588,0.1000505316068685,0.10000553551403084,0.10000953998839139,0.10000000010404812
U2type,0.10000000001493405,0.10000036043054397,0.10000177100260074,0.1000008393238101,0.10000011323871019,17.09999657747069,0.10000000000995891,0.10000000001002168,0.1000003384758738,0.10000000001854287
0004526,0.10000061185715932,0.10000000001542547,0.10000144454782184,0.10000194376542806,0.10000009097628296,0.10000485068998408,0.10000123569273671,0.10000000001446102,17.09996797375418,0.10002184867626504
formate,0.10000000009550482,0.1000000000686608,0.1000000000748742,0.10000000008027594,0.10001612103988713,0.10000000011128157,0.10002329721213787,1.099965501479609,16.0999950796952,0.1000000001185193
Cterminus,2.7857892629310053,2.790914580147863,3.6312254224355613,0.10001816646072981,1.3911351892716193,2.5928130847487947,3.3260086852754176,0.10003930291467385,1.1327686915652404,0.14928761418633707
fattyacylCoA,0.10000000002343501,0.10000000001686493,0.1000066079809963,0.10000000001971567,0.10000215055647689,0.10000065635480895,17.099979190755107,0.10000618709388631,0.10000520715912938,0.1000000000290827
retromer,0.1000000000249273,0.10000000001786762,0.10000148093763704,0.1000000000208979,0.10000000001761282,0.10000246070230033,0.10000044745615792,17.099995610767504,0.10000000001711454,0.10000000003089589
0030472,0.10000000001907247,0.10001791276443825,0.10000230353414258,0.10000288571373998,0.10000014577626527,17.099972525377645,0.1000000639507936,0.10000000001279709,0.10000412406102759,0.10000003878110535
level,5.848262741225158,6.944092225260945,0.1000298896312137,0.10000533139092509,4.507569748593694,0.10001995015336888,0.10001183166876274,0.10000828185376463,0.10000000006849502,0.10000000012341087
transcriptionally,2.1422450258000545,0.10001293871279429,4.326163824019762,0.10019237068487664,6.583722861176819,0.10000361373795105,3.260401325972275,1.1867686856091453,0.10003703621652565,0.10045231794744527
dismutase,2.099972303657475,0.10000273038234148,0.10000285599570044,0.10001214135628161,0.1000000000521538,0.1000048695338844,0.10003694365096766,15.099968155205929,0.10000000005071633,0.10000000009136041
0004364,0.10000023495396862,0.1000035950481503,0.10000314006907378,0.10000000004939956,17.09997179500851,0.10000000006844582,0.10001619108078333,0.100005043596202,0.10000000004050102,0.10000000007289567
twohybrid,0.10003019812375524,0.10001028664206693,15.068735474610854,0.10000544689384376,0.10020078327967474,0.10013410149600252,2.130882959931903,0.10000000028826715,0.10000074812365185,0.10000000053271595
tumor,0.10000853736918335,0.10000000005963505,14.584379222255613,0.10003069258134574,0.10000472902572005,0.10000787487662155,0.10000264780119017,2.615555895496555,0.10000195559002224,0.1000084449209853
0017148,2.480681936644992,6.033334265584434,0.10001888744205742,0.10001839721368282,0.10000115311927121,8.78593580953757,0.10000000003558364,0.10000031783719332,0.1000017939040377,0.10000743865890856
Beta,2.412953819344142,0.10000107230138397,9.702645356623458,0.10000201284282889,0.10000386838905194,0.10000077503652309,5.184368245082368,0.1000096049025444,0.10001503193574167,0.10000021351796282
apical,0.10000128947532548,17.099944679450804,0.10000000004777851,0.10000035064201356,0.10004289185532587,0.10000093596296974,0.1000078746239038,0.10000197780721042,0.10000000004196073,0.10000000007564758
dihydropteroate,0.10000000001618337,0.10000184661581275,0.10000000001267359,0.10000000001360222,0.1000000000114627,0.10000187738708725,0.1000047141916635,0.10000000001087171,17.099991561712756,0.10000000002006183
prior,0.1000014245673223,0.10003967125113154,1.5559670074890444,0.10000657405424988,3.20106751804827,8.185320223903714,0.10000545474449425,4.457579261053336,0.10000957252799296,0.1000032923244058
53,0.10000157188401274,0.10003718303694308,5.19470768275096,0.1584067932707351,0.10000000004445432,0.10002111827915691,0.10000951705341496,0.10000000004213333,1.4251134995241417,10.62170263408204
0005740,0.10000189713037758,0.10000211484228577,0.10000107291340107,0.10000010331281278,0.100001187784586,0.1000025117358318,15.857601339352989,0.10000512531485124,1.342382067458336,0.10000258013795059
cisGolgi,0.1000005920999251,0.10000000002347885,0.10000068430916297,0.10000151718094019,0.10007768483237969,0.10000234487863638,0.1000029692780513,17.099912673458885,0.10000006162662346,0.10000147230111663
0005736,0.10000013551819505,0.10000000002130927,0.10000000002322586,0.10003098904983096,0.10000000002099119,17.099951767812385,0.10000000001975014,0.10000000001989637,0.10000000002042018,0.10001710748312755
0043087,4.895723102783425,0.10004621640928428,0.10000143177068677,0.10000314805926219,0.10000255897368489,0.10000194602143483,0.10000000003393525,12.304220481059033,0.10000088256419032,0.10000023230310681
methylglyoxal,0.10000000009367832,0.10000000006742267,0.10003647326719917,0.10000269061718423,17.0999078778385,0.10000372180666232,0.10002320145557929,0.10000000006295817,0.1000260346503809,0.10000000011627279
pyrophosphate,0.10000023024322899,0.10000158140569516,0.10001726296831107,0.10000858367630748,4.645462068022253,0.10000000013390448,3.646543528046999,0.1000042091542928,9.007962536179987,0.10000000014256782
residue,6.534939829316115,7.512386124300055,0.10000462774603365,0.1000006437444871,0.10000000008539424,0.10000108833977549,0.10001352522758587,0.10235653524588599,0.10002937328750346,3.250268252677835
reaction,0.10000949952006205,0.10000476950288215,10.062814867542583,0.10000050776740672,3.4110574073712363,0.100174242033324,3.8258983452537483,0.10000146871052774,0.10002507225626714,0.10001381999019107
0006970,0.10001605536602474,9.172822648096512,5.339878834383073,0.1000038222789457,0.10000707150039574,0.1000063938268859,0.10000112525287393,2.7872532052140397,0.10000405911382816,0.10000678494115806
0031307,0.10000016899310966,0.1000008016738764,0.10000136433633201,0.10000011100206876,0.10000659492210162,0.10000000003632283,17.09998431822934,0.10000660987222885,0.10000003088631135,0.1000000000386672
homodimerization,0.10000486518094799,2.5675165154127937,3.279683114845356,0.10001234043460445,1.7385516680390523,0.10015502541710572,6.176436237516466,0.38013345718144054,0.1000233748351804,3.4574834010735005
uracil,0.1000023917765182,0.10001828299433081,7.216281848767959,0.10000000009284221,0.10000691448815155,0.10000077921032231,0.10000559040077898,4.145963890762333,5.937717897064988,0.10000240441551043
dynamics,0.10000561968701084,7.522958097356682,0.10000829222086097,0.10001670795251547,0.10000470804978694,9.676990955423378,0.10000095637647305,0.1000069932316552,0.10000417084586097,0.10000349883683753
eIF3,17.099994216798983,0.10000025509059637,0.10000000001003084,0.10000006049139099,0.10000025670958794,0.10000144686284901,0.10000051427420924,0.10000000000858328,0.100000997850371,0.10000225189826113
crista,0.1000001883708214,0.10000000001591426,0.10000015908477841,0.10000005381810781,0.10000034092891054,0.10000004072917296,17.099997890960825,0.10000132604190917,0.10000000001524695,0.10000000002747561
0051539,0.10000040735552654,0.10001116677503366,3.620021527282221,10.020200593724871,0.10001265749959364,0.10000170883333719,0.10032894638240944,0.10000599419010393,0.10025195682720593,3.6591650409893677
cascade,0.1000017306027722,17.099950018125302,0.10000296951775849,0.10001698721835815,0.10000024459230974,0.10001171365984403,0.1000000512956416,0.10000136854878015,0.10000000002714071,0.10001491639894096
EC,0.10000000011763951,6.545612134852692,4.606601731117748,0.10000189767718955,0.10002765821510566,0.1000000001369897,5.940743491829417,0.10000275376242714,0.3070029895849201,0.10000734267511502
0015696,0.10000000001948034,0.10000000001401047,0.100000000015262,0.10000000001637983,0.10000010602875542,0.10000059376864215,0.10000109965484572,17.099998082077477,0.10000011837424248,0.1000000000241696
FMN,0.10000000032712962,0.10000000023516131,8.880221805817591,0.10001594672272622,0.10003093215430466,0.10000090341961865,0.10020244503403815,8.319438202415217,0.10008724377990116,0.10000252001163247
0003684,0.1000000343463229,17.099962786422427,0.10001848917369582,0.10000790116502069,0.10000000002433582,0.1000047419717264,0.10000197298041653,0.10000000002306478,0.10000268672939473,0.10000138715121586
0006869,0.10000036472603595,0.10001471096395427,0.10000234403338983,0.10000000003806471,0.1000210734582856,0.10000025837671153,0.1000048570121173,17.099955240865725,0.10000013516949927,0.10000101534099842
0030010,0.10000143176691585,17.099970214026374,0.10000000001682341,0.10000052559691482,0.10000054616868635,0.10000040735361548,0.10000000001430659,0.10000422597944424,0.10000000001476632,0.10002264905230572
tetrahydrofolate,0.10000018190410026,0.10000111886762916,0.10000025882377606,0.10000000002360382,0.10000010246816246,0.10000093862919342,0.10000787839663305,0.1000000751034245,17.09998944574023,0.1000000000348492
GPIanchored,0.10000180258833169,0.10014899175403377,0.1000881526571609,0.10000697464733758,0.1005411462432141,0.1000182348946655,17.099189199416827,0.10000549616610957,0.10000000052510044,0.10000000094575758
tail,0.1000134573768582,3.182102594451508,11.682208799479728,0.45652273372142815,0.8031399125446489,0.10002018366056867,0.10000361449347941,1.3759880745847164,0.10000062949343293,0.10000000015389837
0000466,0.10008041687950675,0.10000095755292053,17.099374186010074,0.10000187799350176,0.1000038743182877,0.10000703544609311,0.10000000013892359,0.10000000013998445,0.10001226792148973,0.10051938352105635
bind,0.10002892455876941,4.188151984435795,2.3456755142671586,4.535993766282819,0.10000845271201086,2.8111647695954742,0.10001238968782097,3.618740275998628,0.10000527435459017,0.10021864804323569
then,2.4363162965151473,5.007667486013438,4.191625682574012,1.2446461056313722,0.10002658920443414,2.1228745579533492,2.596823651387416,0.10000059077465324,0.10000544260989598,0.1000135972913443
oxaloacetate,0.10000040760622989,0.10000000007498812,0.10000363191599947,0.10000311459768414,0.10000320848264303,0.10000000012135608,14.163763905649326,0.10002081199784993,3.0362049194031466,0.1000000001298219
0045039,0.10000018836820998,0.10000000001401436,0.10000015908273081,0.10000000001639257,0.10000000001381981,0.10000030337590618,17.099994521487034,0.10000482759673235,0.1000000000134251,0.10000000002420326
oxo,0.10000000003746044,0.10000113947764495,2.100782194685074,0.10000046672274192,0.10000329616104235,0.1000000000436253,15.099204110288431,0.10000029398284281,0.10000830239558112,0.10000019619234045
0001300,2.9737680463376703,0.10004962536601156,0.10002925713763103,3.42569289719098,0.10000523572974564,0.10000835969279641,9.910870237892652,0.10001372021012173,1.089512574711682,0.10005004567969307
Serinethreonine,0.10000017128522729,17.099987548711802,0.1000023097284053,0.10000195529314014,0.10000059221100852,0.10000113459461608,0.10000024969068845,0.10000603843315099,0.10000000001557223,0.1000000000280564
Pho85p,0.10000244325990068,17.099981109308086,0.10000169707844442,0.10000677068781454,0.1000030630934214,0.1000000000358202,0.10000000002048687,0.10000000002065097,0.10000491644783843,0.10000000003812429
HACA,0.1000000199241837,0.10000000001156549,0.10000190816147686,0.10000092660365047,0.10000031632413489,0.10000983744865984,0.10000000001072604,0.10000000001080024,0.10000201002773093,17.099984981471994
methyl,0.10000815696880784,0.11443261794581797,0.10000684889294602,0.10002797746457084,11.900721084746676,0.10004928104687297,0.10001412143394105,0.10000174972961376,5.284703473894974,0.10003468783592116
0006855,0.10000000002503928,0.10000008808890211,0.1000111797606491,0.1000000000210555,0.10000157966020627,0.10000000002920331,0.10000000001671305,17.099987152341182,0.10000000001726,0.10000000003107301
0006409,0.10001195174667171,0.10000000004606974,1.1013026023179362,0.10000397065185886,0.10000838424933478,16.098625978991446,0.10000034957695525,0.10000264310091128,0.1000059606000611,0.10003815869907942
0006487,0.10000000003042175,0.1000006676965213,0.1000000000238455,0.10000023049169887,17.099987170393916,0.10000390483739363,0.10000027867962329,0.10000756629441657,0.10000009081368143,0.10000009073003052
ornithine,0.10000734912403984,0.10000754536990825,0.10001109080702479,0.10000060491890198,0.10000065394922544,0.10000000007553897,0.10000560471989453,0.10000000004350039,17.099967010588067,0.10000014039141486
0007034,0.10000087363539699,0.10000149403136759,0.10000201680230374,0.10000020467260977,0.10000200342554005,0.10000262883196358,0.10000082410657062,16.099989884879726,0.10000006957707137,0.10000000002930821
breaks,0.100000212035781,14.313293041495688,0.10002687642474424,0.8760832019965882,0.10000000008966925,0.10004756443119574,0.10006953818506532,1.099891674907218,0.10000505875595447,0.11058283162971291
0042787,0.10000008052557786,0.10000865090186278,16.099980997204977,0.10000318913680767,0.10000185469318186,0.10000462978462883,0.10000000001905629,0.1000000802658744,0.10000051742370916,0.10000000003547721
baseexcision,0.1000000000285143,16.033089967042596,0.10001048394278284,0.10001121943834924,0.10000015681630982,0.10000265909439035,0.10000217939502108,0.10000000001914833,0.10001335400069286,0.1668699802076109
nicotinamide,0.10000034874000753,0.10000000002992679,0.10001746354880783,0.10000021071548708,0.10000262158518361,0.10000000004848669,0.1000035303036645,0.10000000002793609,16.099973937656504,0.10000188733294142
0043086,0.10000928168639148,12.962025489321054,3.2379374074447114,0.10000258989208377,0.10000492407041947,0.10001021117130983,0.10000365071416256,0.10000358250521213,0.10000286309655186,0.10000000007940611
0005802,0.10000000003180556,0.10000178941299812,0.10000825073631785,0.10000098133493965,0.10000093830981549,0.10000041855238541,0.10000119611873344,16.099984999554295,0.10000000002191037,0.1000014259176744
2B,16.099967696197808,0.10003007427348996,0.1000000000332427,0.10000090861781989,0.10000000003014507,0.10000000004952497,0.10000000002824362,0.10000000002846161,0.10000114524457923,0.10000017548601606
bc1,0.10000420368292551,0.10000010571957813,0.10000232016995615,0.10000000002294823,0.1000000000193474,0.10001128621945,16.099980973937328,0.10000104583850028,0.10000000001878849,0.10000006436208612
0007094,0.10000348028419793,0.10004779379733952,0.10002138017033206,0.10000322575666391,0.10000000003220372,16.099918034166905,0.1000000697387696,0.10000000003053022,0.10000000003131748,0.10000601597306653
0006694,0.10000000003124303,0.10000049547280386,0.10000078472481627,0.1000000000262806,16.099980975953585,0.10000000003643178,0.10000889002197465,0.10000306614475155,0.10000578753925335,0.10000000003880974
0005770,0.10000045119018547,0.10000372555907355,0.10000591667656843,0.10000000002312878,0.10000101387123332,0.10000000003205396,0.10000128064554667,16.099987611940396,0.10000000001894059,0.10000000003412707
class,0.8223168421880166,0.100016696877442,0.10002840136038196,0.10008900591622971,3.5627393409102273,4.382323513781679,0.10000568148265995,2.8018754913535426,3.8454091000043142,1.1851959260656775
prion,0.11294624433137501,1.2622767477394645,14.924682713886405,0.10003080532096822,0.10000187842386786,0.10000801234385387,0.10000388063141849,0.10000532063566203,0.10004144709060526,0.10000294956824539
0046961,0.10000000001542755,0.10000000001108089,16.099984067936276,0.10000000001296104,0.10000000001092682,0.1000000233993696,0.10000396836899439,0.10001194020641595,0.10000000001062614,0.1000000000191417
origin,0.10000000005610256,5.52899106964592,8.667656750285616,2.1032968700935033,0.10000150459467654,0.10002940743582335,0.1000021965996685,0.10000040402053699,0.1000166590302051,0.10000513821132448
phosphorylase,0.1000005812505163,0.10001416987209344,0.10000658334079128,0.10000000006069289,0.10000534144551321,0.1000000000840966,0.10001071574080267,0.10000532242004803,16.09995728568066,0.10000000008956479
0006075,16.09990003988031,0.10004348501673564,0.10000000004490855,0.10000000004817014,0.10004748187606576,0.10000548576393516,0.10000350719709517,0.10000000003853105,0.10000000003947321,0.10000000007106181
0006270,0.10000736815167184,6.530022668059763,9.669573995189372,0.1000208692916942,0.10000000013100525,0.10034639713084637,0.10000285920385171,0.10000058492708871,0.10001852971726471,0.10000672813487387
linkage,0.10000067705295027,0.10000703906616702,0.10000775021552241,0.10000459644137286,0.10001184777989483,0.10000382816528079,16.089195924858405,0.10000039553112536,0.11076327960603952,0.10000466126555596
pentose,0.23265950407085567,0.1000000000555149,0.1000017139481481,0.1000000000648634,0.10000891663551806,0.10000000008988652,0.10001379453534653,6.206965742099463,9.860348644545876,0.10000168393333803
0034515,0.1000000000186515,0.10000031496352854,16.099998073963647,0.10000011145587552,0.10000104548851109,0.10000000002172832,0.10000027689715027,0.10000017714905327,0.10000000001283404,0.10000000002314945
3kinase,0.10000093083597315,16.09983063947678,0.10002265614404231,0.10001209662143434,0.10000150943190106,0.1000197197940389,0.10000129081232079,0.10010846034498189,0.1000026963831978,0.10000000011662617
0006526,0.10000000003361284,0.10000273538537804,0.10000050190425411,0.10000071051231717,0.10000046388555316,0.10000000003915278,0.10000684030813527,0.10000000002254894,16.099987750869484,0.10000099703085269
0006303,0.10000000004084064,14.25603926925199,0.1000133905622719,0.10005432903092605,0.10000000002892227,0.10002419391688382,0.10000017300554545,0.10000000002743213,0.10000484438615886,1.9438637997245902
osmosensory,0.10000026864016412,16.099993261266384,0.10000072613821087,0.10000036607634268,0.10000327370855787,0.10000000002117326,0.1000000000121148,0.10000178668574013,0.1000002062086646,0.10000011123536458
0051028,0.10001773378255889,0.10001625827518341,12.909138170055746,0.10000255432630083,0.10000627785770771,3.29079767123476,0.10000050233675803,0.10001791581259846,0.1000019127161719,0.10000100358060236
0005992,0.10000180992122926,0.10001379547335847,16.099948081098614,0.10000000004352234,0.10000352504684283,0.10000000006026655,0.1000000905945098,0.10000632413191822,0.100026373549509,0.10000000006416802
maintaining,0.10000000010595017,0.10000497663828722,0.10002021794843506,0.10000379245643154,14.240049785857781,0.1000358735540011,1.5925794940934819,0.46728082753490185,0.10000554684939074,0.10001948492344079
0006612,0.10000046574950913,0.10000204928724037,0.10001727364814311,0.10000173839388711,0.5575786239402517,0.10001472513077199,0.10000834969221409,15.642374051583161,0.10000029555598497,0.1000024270005296
0006520,0.10000043716793829,0.10000679349288717,0.10000086257649742,0.10000035529879495,0.1000374094801723,0.10000013621296444,0.10001333136998496,0.10000004307287869,16.099938269206884,0.10000236210235175
pheromones,0.10000000003908563,16.099917559975747,0.1000017837578477,0.10006908474444437,0.1000007954422698,0.10000715462497324,0.10000000002605465,0.10000134338448817,0.10000000002693775,0.10000227795879381
0043248,0.10000275676835454,0.10000300627998467,16.099952100467313,0.10000000002732912,0.10000324487912572,0.10000453086806153,0.10000018531369748,0.10000035430220712,0.1000049748389196,0.10002884624287617
phosphatidylserine,0.1000000000599897,1.1155415724340363,0.1000029013114749,0.10006452127258211,15.084364916410973,0.10000555219349377,0.10001234307426804,0.10000515102079761,0.10000304211677896,0.10000000007454163
methylates,0.1000568858255866,0.1000151034083103,4.435399748645228,0.10008063715118067,0.10008563913145607,0.1000193863590884,0.100000594752913,1.1934625051709498,10.670158970257978,0.10072052915274274
phospholipidtranslocating,0.1000000000167618,0.10000000001206759,0.10000612291656552,0.10000000001409672,0.10000246279967762,0.10000000001954935,0.1000000000111862,16.099991414169782,0.10000000001156283,0.10000000002079472
autophagic,0.10000000004279881,2.5610473663877644,0.1000163642874769,0.10000000003596025,0.10000293581929495,0.10000385377025924,0.10000010899638638,13.638928057766169,0.10000000002947147,0.10000131284832339
only,0.10000702492342521,0.10007223806666161,2.6767799058047737,2.3679003972980537,2.154565748902932,0.10001613758998824,0.10004095745357973,8.18541012268456,1.1151419161102714,0.10006555109588486
0006783,0.10000000006174206,0.1000003759032829,0.10000028212076212,0.10000012923790165,0.10000092084992102,0.10000000007199207,16.09996286558082,0.10000357715673304,0.1000318489260104,0.10000000007665197
fermentation,0.10000000016837399,0.10002981415072713,0.10002164581561632,0.10004753410241524,6.378466328297286,0.100000000196136,0.1547470298848362,0.10001530176210655,9.766670717198897,0.10000162838277088
Domain,16.099994253132348,0.10000000000888865,0.10000000000969336,0.10000008210871743,0.10000000000875782,0.10000000001442053,0.10000000000824569,0.10000000000830328,0.10000000000851852,0.10000566468716282
corepressor,0.10000114216147447,1.491222390193055,0.10000066098931272,14.708764452129353,0.10000169909190741,0.10000764289028409,0.10000002696938232,0.10000000002282794,0.10000000002340137,0.10000198551458779
endodeoxyribonuclease,0.10000270384544002,3.848400707221057,5.418609382278955,0.10000548094493808,0.10000523235580489,3.484290030087242,0.10001467733891026,0.1000011015560746,3.648665318895931,0.10000536544603385
cristae,0.1000000000320642,0.10000000002304392,4.846771133427285,0.10000035458772859,0.10000197130012412,0.10000000003735746,11.353221451701568,0.10000508881512021,0.10000000002209868,0.10000000003977429
0004012,0.1000000000167618,0.10000000001206759,0.10000612291656552,0.10000000001409672,0.10000246279967762,0.10000000001954935,0.1000000000111862,16.099991414169782,0.10000000001156283,0.10000000002079472
Srp1pTip1p,0.10000094600944932,0.10000000002650476,0.10000000002890723,0.10000052569472788,16.099998402816077,0.10000000004294847,0.1000001252790791,0.10000000002477002,0.10000000002539226,0.1000000000457514
seven,0.10008994605097639,0.10000314685117954,2.208230321819606,0.10000170777282352,0.10006736397541116,0.10004247520736002,1.1031290883820208,12.987845169063064,0.1000056385474033,0.10058514220947333
0009435,0.10000027481847684,0.10000000002035413,0.1000005366145015,0.10000000002382073,0.10000283954848603,0.10000000003300692,0.1000019367360599,0.10000000001901461,16.09999190578706,0.10000250639154207
DUP380,0.10000000012260085,0.10000000008820731,0.10000000009622678,0.1000000001031689,0.10008009410141182,0.10000000014301695,16.099902726249514,0.1000171788328036,0.10000000008442687,0.10000000015234789
0030163,0.100006019690848,0.10000116572766331,16.099969055259137,0.10000122812930919,0.10000105355689227,0.1000005806503475,0.10001348458576509,0.10000042913233796,0.10000022051690177,0.10000676273987995
profiling,0.10000583388766279,0.1000001313223468,0.10000000009812943,0.10000299193218172,16.099984658356043,0.10000000014628456,0.10000265273969985,0.10000000008402085,0.10000373126884117,0.10000000015531514
cyclase,0.10000067311218203,12.476082474527889,0.10000000006011889,0.1000000967077154,1.1481773819927856,0.10000051078876926,0.10000000005116846,0.10000973243893894,0.10001426610253,2.6757148641938904
Group,0.10000289865090628,0.10000000001952643,0.1000010049897953,0.1000030207485447,0.1000000000192377,16.099971705383545,0.10001314638082699,0.10000034653826427,0.10000787722627565,0.10000000003374133
soluble,0.10000010240179666,0.10000496362090867,0.10001560502034679,0.10000327693559782,7.583418614499876,0.10001034767618404,1.877082781200711,4.620694245121168,2.3187430249353507,0.10002703855127104
ORFs,3.873413447435707,12.326317083160623,0.10005681699306393,0.10005141843745617,0.10004467792892204,0.10001030194342204,0.10000373900990835,0.10006562203849312,0.10003611701404623,0.10000077597603318
exocyst,0.10000000005346218,0.10002773454025633,0.10000508063519672,0.10000000004483084,1.1103573411241472,0.10000869530212392,0.10000000003554613,15.089601148138682,0.1000000000367077,0.10000000006624776
esterase,0.10000495365472771,0.10000176619928297,16.0998189462781,0.1000000001537483,0.10013302883281466,0.10000088180809799,0.10003935614544412,0.10000036635040849,0.10000070030829537,0.10000000022705295
sumoylation,0.10000289748940265,8.085968095046791,1.5324610138563173,0.10000661871632592,0.10001618609577936,6.681529019047212,0.1000097447473187,0.10000045086009006,0.10000501170273958,0.10000096241219215
0015171,0.10000000001987411,0.10000000001428336,0.10000000001556705,0.10000025801872978,0.10000027953373612,0.10000000002314754,0.10000052112593844,16.099997931558796,0.10000100965847107,0.10000000002465016
FAD,0.1000000357950212,0.10000000008468612,6.260570608033516,0.10000076416718096,0.10000073378394667,0.10000170329468303,9.939362784216993,0.10001369963353904,0.10004967081817755,0.10000000014621056
0022626,16.09991647642494,0.10000637502363423,0.10002708853476257,0.10000611736225376,0.10000260132153055,0.10000750875080432,0.10000161650356702,0.10000007461813756,0.10001743596309902,0.10001470547834772
Oacetyltransferase,0.10000051906467895,0.10000000006726764,0.10000000007328906,0.10000116993119956,2.9233616381922727,0.1000000001089646,8.440757228390812,0.1000000000628208,4.9358740907426135,0.10000535334481242
0001102,0.10000357146906541,0.10003439507954151,0.10001368120738463,0.10080679190881311,0.10000725706029627,12.786424478854153,0.10010943092272359,2.0997505500225824,1.4128495265639283,0.10000031673300629
targets,0.10000023656646063,9.060686285549588,0.10001357783029485,7.139228183088723,0.10000302224547031,0.10001674260852642,0.10000000003638113,0.10003928185295713,0.10000323678105914,0.10000943341407566
0001056,0.10000049765281552,0.10000000001924582,0.10000000002098663,0.1000266600194506,0.10000000001896206,16.099970960835034,0.10000002560903866,0.1000000000179687,0.10000061337949648,0.100001242418472
0000723,0.10000518757395971,6.316531344865033,0.10001060340677449,0.1000089685284798,0.10000000002497376,9.881706155681613,0.10000201064360867,0.10000000002367715,0.10000939446404589,0.10172633477042314
0000781,0.10000137529966763,0.10000514414857561,0.10000546704027989,0.10000318974276938,0.10000113600990966,16.099962619248988,0.1000002657345872,0.10000005725978323,0.10000374177043858,0.10001700373553962
face,0.10000513403613018,0.1000889605706842,0.10000263366919801,0.10000000011464401,0.10001252005180634,1.1606068911726317,14.002306810945472,1.1369698363868692,0.10000415561820952,0.1000030573908346
0004175,0.1000000000220254,0.10000000001582271,16.09999217893691,0.10000011145875101,0.10000137596243944,0.10000000002565992,0.10000633351391762,0.10000000001479838,0.10000000001516189,0.10000000002739123
Cvt,0.10000040656888547,1.63926704767997,0.10001092145290494,0.10000130398294313,0.10000092329807958,0.10000171684701586,0.10000057725428448,14.560714610563885,0.10000000002889033,0.10000249230968175
delta,1.202832161812509,0.1000499691871408,11.518112858837068,0.10004485119125488,2.196693326425252,0.10003628971317328,0.10003016884570654,1.0553462221819712,0.10007271038344472,0.5267814413482923
codon,14.972977424638861,0.10000026470223677,0.10002352982542424,0.10000573413285362,1.2269014596323324,0.10000183406787781,0.10000103500369985,0.10006237657460978,0.1000175999868986,0.1000087413993498
58,16.099980303015585,0.10000000001883504,0.10000012625093686,0.10000000002203425,0.10000000001855013,0.10000593193623976,0.10000000001743588,0.10000000001756436,0.10000927415010284,0.10000436454522608
0016579,0.10000029244915916,0.10000184045246026,16.099986319391768,0.10000051054362769,0.10000071765327546,0.10000174761883615,0.10000108439123363,0.10000486303646593,0.10000010236514957,0.10000252209007816
5S,8.099943043271953,0.10000000010472149,0.10000244095924635,0.10002831000469112,0.1000000001032814,8.099979676689191,0.10000000009711721,0.10000000009782675,0.10000681707624479,0.10003971157603334
punctate,0.10002138296939425,3.0052265439505588,1.5976676560151863,0.10000000053145212,0.10032248012615423,0.1000006756516242,0.10000763384364977,11.69672613776308,0.10002748826924603,0.10000000078383783
dimerization,0.10001295441157008,0.10000442763555166,1.1184979058994309,13.469729152080994,0.1000001885058214,0.10000712452127584,0.10001745112528132,0.10000546029279972,1.7107777831882356,0.10094755221191504
pyridoxine,0.10000978151981618,0.10000000010915129,0.1000117137493963,0.10000259680649808,10.711850680486167,0.10000000017690558,0.10002461734204161,1.1966670404211595,4.391433569168761,0.10000000018838887
0005666,0.1000004976527335,0.10000000001920986,0.10000000002094715,0.10002564193533625,0.10000000001892526,16.0999719789198,0.10000002560900308,0.10000000001793441,0.10000061337942068,0.10000124241832366
quality,0.10003317028204095,0.10000112556986877,4.320588832511967,0.10000561565929834,11.876249119134963,0.10000243327437501,0.10000066547980573,0.1000231712925938,0.10308879688042435,0.10000706988467212
dihydroneopterin,0.10000000001622883,0.10000185236461195,0.10000000001271143,0.10000000001364363,0.10000000001149688,0.10000199771530362,0.10000473202894598,0.10000000001090431,16.09999141779818,0.10000000002012173
ubiquitinspecific,0.1000007423654167,0.1000022264955495,16.09999058830836,0.10000051054534821,0.10000049656145969,0.10000087375650686,0.10000082283378614,0.10000243092676996,0.10000004729587449,0.10000126090370713
heterodimer,0.10000141271235818,0.10001821000549553,3.9217136320832493,4.672807712538001,0.10000378087335852,0.10001651864011792,0.10000658702471364,2.182843989986402,5.622571061563104,0.1000170945376807
ribose,0.10000717490113906,0.10000992314304172,0.10000000002956028,0.1000000000316859,0.10000359701222217,0.10000266471760366,0.10000000002513278,0.10000000002531362,16.09997374935401,0.10000289074963346
delivery,0.3637781421513171,0.10000944216393835,0.10005970851099782,0.1000032482066668,0.10000322248544385,8.311783113939276,0.10008470429423529,7.624230932505024,0.10000083906920286,0.1000466466229792
glyceraldehyde3phosphate,4.099903861408887,0.10000000008508528,12.099999118200929,0.1000000000994618,0.10003120487794094,0.10000000013776543,0.10001666033696407,0.10000000007949832,0.10004915459648328,0.10000000014675539
0008483,0.10000003902873662,0.10000099024990926,0.10000226123679909,0.10000076322904908,0.1000026584861695,0.10000000004435382,0.10000505423972898,0.100000000025567,16.099987578632742,0.10000065481819745
highaffinity,0.10000000002978768,0.10000140569671244,0.10000000002336573,0.10003340597707096,0.10000051249141292,0.1000116333206864,0.10000113956454762,16.09995145301836,0.10000044982704616,0.10000000003696143
0000750,0.10000000002673556,16.0999637316251,0.1000084057602385,0.10000120299014799,0.10000543748626295,0.10000667851240885,0.10000002729511936,0.1000132148103786,0.10000000001838406,0.10000130146272519
HATPase,0.10000118648115615,0.10000197584731141,0.10000893252862016,0.10000000003469155,0.10000318285481033,0.10000193331431537,0.1000011810101116,16.099981607839638,0.10000000002841397,0.10000000005114631
0005199,0.15465124142710937,0.10000293804638004,0.10000000003073498,0.1000001741977835,16.04534336273483,0.1000005275015495,0.10000058746744422,0.10000082656586892,0.10000021257799555,0.10000012944222379
0005509,0.10000240315200574,7.463005346762245,0.10012799988524909,0.10000147604460118,0.10013159477932303,0.10001898564598488,0.10001026143999084,8.736701931682449,0.10000000019304632,0.10000000034760062
dubious,0.10002782676453201,10.541736553406665,0.10000000030124173,0.10000846588411152,0.10017780999697812,0.10000000044958857,4.658029021086797,0.10000000025788476,0.1000203213159299,0.10000000047667454
demethylation,0.10007120787320671,0.10000000016627174,0.10002397053000558,10.970769338867346,4.228806470220438,0.10000897484340623,0.10003167552330866,0.10000000015524578,0.10015136783684021,0.10013699393176521
domaincontaining,3.086090358116477,0.10034097594087367,7.394748933620861,0.10023713460529811,3.7664730010393423,0.10002623320701234,0.10000000032086578,1.15208165685057,0.10000170556699328,0.10000000059779426
0006754,0.1000000000152393,0.10000000001095075,15.099984977455982,0.10000008835433721,0.10000007685842388,0.10000002500001522,0.1000048905454643,0.10000994172156695,0.10000000001050546,0.10000000001890245
decarboxylation,0.100000000045205,0.10000000003249192,0.2856444338583499,0.10000000003797913,0.10000018153214538,0.10000000005264371,13.126230685466759,0.10000000003034396,1.888121795646712,0.10000290328192289
0016126,0.10000000003120701,0.10000076244452603,0.1000009659478594,0.10000000002625219,15.099979239675223,0.10000000003638723,0.10000882455288307,0.10000450711284466,0.1000057001236389,0.10000000003876429
decreases,0.10000015881839998,2.493684740090164,0.1000448093304005,0.10006370403890998,6.51611197803147,2.539865999689198,0.10001081340836825,1.5146643411750889,0.10002711004693214,2.435526345314522
calmodulin,3.809074739840741,6.326019579810729,0.10013182847705199,0.10002703968286453,0.10000304868009711,3.9618187763914743,0.10000370713916781,1.3023044304177878,0.10061584605724051,0.10000100342780104
cochaperone,0.10000488241294889,0.1000021623865555,10.718499541909694,0.10000536460661004,0.10000370044113491,1.3481647199111972,3.23328182111332,0.10000075388909352,0.10000000005411576,0.10003705325308503
0015935,14.1899330761083,0.10000015057352528,0.10000000001403908,0.10000000001505968,0.10000028338782449,0.1000005425288445,0.10000094942579636,0.10000002732956566,0.10000000001233458,1.0100649705973168
daughter,0.10000813750426585,0.10048937293776843,0.10000023645262146,3.0717877794768405,0.10020582822729898,0.10015528457905991,0.5539877222899116,0.10001368401193424,0.10000723703904642,11.673344717314427
0007096,0.10000090531644545,11.06324729692751,0.10001483029253427,0.10000000002250793,0.10000091798486073,4.136730094635245,0.10000000001784219,0.10000254585853967,0.10000000001843017,0.10000340891222417
0007118,0.10000146602384717,15.099994704143088,0.10000000001167732,0.10000039861253028,0.10000000001055863,0.10000106407532683,0.10000011842977476,0.10000224865758524,0.10000000001025705,0.10000000001849293
0007120,0.1000003495840157,15.099991450046122,0.10000000001588893,0.10000019363672255,0.10000038628140338,0.10000169233638849,0.1000000000135112,0.10000592803925341,0.10000000001395197,0.10000000002515737
imported,0.10000000004786369,0.100000000034411,0.10001472829694738,1.1352838504976226,0.10000142315680771,0.10000010879267199,14.064694240240826,0.10000239477657516,0.10000243612021933,0.10000081801802119
0031369,15.099997085108095,0.10000058687065308,0.1000001127091921,0.1000000000088065,0.10000000000740727,0.1000011959663526,0.10000000000697466,0.10000030749536981,0.10000003243634036,0.10000067938609436
0007020,0.10000003616927296,0.1000001397945074,0.10000078181634513,0.100000082828605,0.10000029532326998,15.099997200383745,0.10000048680612217,0.10000043476602058,0.10000016126358692,0.10000038084431158
0031314,0.10000503377633245,0.10000013088821219,0.100002053040459,0.10000167991614034,0.10000214192890843,0.10001133512688427,15.099976855873795,0.10000039739162819,0.10000000002254124,0.10000037202525576
hyperosmotic,0.10000340947472106,0.10013102542813299,0.10002723143378578,0.10063649483940354,4.893799284536684,2.099888754076792,0.10000000023624851,8.305501401171659,0.10001197066014873,0.1000004279915131
0006656,0.10000000003893045,0.10000586621199874,0.10000149804347502,0.10003199435828636,15.099941611319329,0.10000277257017139,0.10000430886918933,0.10000476647413155,0.10000718204947741,0.10000000004839461
0008202,0.10000000003132477,0.10000052939656115,0.10000083845585461,0.10000000002635154,15.099980608437386,0.10000000003652848,0.10000882455215439,0.10000327614330635,0.10000570012320104,0.10000022278721427
0009228,0.1000000000506188,0.10001825630703647,0.10000045550059239,0.10001282385852199,15.099961280488143,0.10000000005899451,0.10000000003376451,0.10000006636855417,0.1000071172574638,0.10000000006284336
exoribonuclease,0.10000020285935012,0.10000054859550409,15.099922865620956,0.10001597500723165,0.1000000000337902,0.10000835476083006,0.10001017546513787,0.1000000000320279,0.10002111718248886,0.1000207604245538
loop,0.10001113721707924,4.939763507441099,0.2097151534922119,0.10020319274945824,0.10000000006986602,0.10001726849066635,0.10000295608874854,0.1000002681662704,10.127609739865976,0.12267677635875703
0042026,0.10000342211406857,0.10000097772674545,12.581548073182892,0.1000000000333827,0.10000097684935538,0.10000174963417013,2.6184406879737185,0.10000026719107401,0.10000306241584772,0.10000078286596935
0006817,0.10000000002460045,0.10000105031557496,0.1000000000192867,0.10000308359350162,0.10000142469554309,0.10000267273854198,0.10000390516029418,15.099987365535966,0.10000000001694004,0.10000049789109972
data,0.10006215682642701,0.10000605291779557,0.1000396674577392,0.10000218423671373,0.10026898815223019,0.10000375875300903,15.09953127097838,0.10004249021327476,0.10004342914927192,0.10000000121447823
mediator,0.10000961728750106,0.10001144901175298,0.10000217394180794,0.1000948720069867,0.1000014054369951,15.09987613432173,0.1000031711286465,0.1000000000504026,0.1000000000516667,0.10000117673783268
0042803,0.10000518276307696,2.224613583990418,3.7793129367961926,0.10001229081705905,0.10000875227217755,0.10015441397874356,5.442660527822283,0.603916194922226,0.10002675047168501,3.4492893661070867
disease,0.1000240099791592,1.5140812707879125,3.09123037157365,0.10000087492602541,1.6091695330683664,0.10000901205691849,0.10006870760497237,9.185315394912937,0.10004641000689932,0.10005441502943767
proliferation,0.10005425999469925,5.3146281645025715,0.7548230170541942,3.364933916788147,2.0046565258225697,0.1000054428284024,0.10005791935899178,4.060463924730024,0.10002152621071134,0.10035530261596261
acidcontaining,0.10000000002018831,0.10000098951515995,0.10000044013718558,0.10000000001697162,0.10000000001430775,0.10000106716113463,0.10000508282714508,0.10000000001355984,15.099992420261566,0.10000000002504549
UDPNacetylglucosamine,0.10000015247135674,0.10000199847490635,0.10000337196804134,0.10000000004861104,15.099977007504078,0.10000040206076373,0.10000000003852774,0.10000000003879432,0.10001598419119015,0.10000108319292711
0004722,0.10000074873402,0.10004309897393213,15.09992921862199,0.10000704578312575,0.10000269313180887,0.10000802656788191,0.1000072317192011,0.10000109458482995,0.10000000004405099,0.10000084182038213
0004843,0.10000079319410753,0.1000011893563544,15.099991133444492,0.1000005455006139,0.1000005305593376,0.10000093358204794,0.10000087917403429,0.1000025974073813,0.10000005053208648,0.10000134724243595
toxin,1.3889364202102357,0.1000379416266982,9.465130723804831,0.10002052641148595,1.5280807975570652,1.0641371814096898,0.10000573122051175,2.053585368792443,0.10000329369003391,0.10006201522539256
GTPaseactivating,0.10002779024660334,0.10008564731351409,0.10000037951273757,0.10000171423965326,0.10000224764208686,0.1000259168039468,0.10000000005227457,15.099855285324256,0.10000021468901858,0.10000080414479527
acidCoA,0.10000000001964915,0.10000000001413928,0.10000000001542335,0.10000000001651653,0.10000237395812003,0.10000000002288714,15.099986299024403,0.10000076174071944,0.10001056515452408,0.10000000002438193
rat,0.10000407263524282,4.503895221797237,1.9676317105025511,0.10002295958237135,8.828299213093903,0.10001719115089794,0.1000263319220587,0.10002495134612782,0.10001152710646241,0.10006682081638199
0043085,0.10000473780574379,0.10007157506009502,0.10002693639455397,0.10002578612092651,3.4483262672646986,8.751340906485318,1.9964871640454789,1.2034557333476814,0.10001593275236322,0.10024496064085117
acyltransferase,0.10000016958530396,0.10000051150905219,0.10000031097418188,0.10000000004175426,15.099946107174706,0.10000000005789711,0.10002244967744338,0.10003006728102541,0.1000002807510632,0.10000010293290985
PAS,0.10000010281414445,15.099920799415129,0.10000385166902397,0.10000016842969905,0.10000602895390884,0.10000624515726844,0.10000153929070281,0.10006126411422835,0.10000000004777569,0.10000000008612166
0000742,0.10000196259754628,0.10002952439001152,0.10002158708267066,0.10001277054248371,5.290433468751319,9.909496195880498,0.10000029805659191,0.10000296685735018,0.10000000003894982,0.1000012257795371
6,0.10011823972035788,0.10000962660973307,3.4792247097485856,0.10000000016273457,2.70737806925982,0.10000280952988082,9.113083260900824,0.10001916575520842,0.10000418392032863,0.10015993433078965
protects,1.1139440942826477,0.10012069743231883,0.10004822290676371,2.0825850739196143,0.10000388803004624,2.7185005018406336,0.10007641230952415,9.484657763236195,0.10000096455250541,0.10006238142563206
3oxoacylacylcarrierprotein,0.10000000002180319,0.10000000001566632,0.10000000001708713,0.10000000001837724,0.10000044471382333,0.10000198874156432,15.09998853594471,0.10000000001463322,0.10000903047666473,0.1000000000270391
0001054,0.10000015407225443,0.10000000002165359,0.10000000002360131,0.1000319734499946,0.1000000000213286,15.099951304097434,0.10000000002006904,0.10000000002021657,0.10000000002075152,0.10001656824171054
G,0.20829182317286388,10.303945453144651,0.10002114970724288,0.10005755919842593,1.4004512978361274,0.10006059980462997,0.10000000013457347,3.487146010780225,0.10000093041732687,0.10002517575377214
35S,0.1000006903090917,0.10000001767755236,0.10000432220549892,0.10000393493303712,0.10000000003771685,0.10000348426271759,0.10000003120910723,0.10000029948680002,0.10000076976802924,15.099986450104627
syndrome,0.10000404393760128,0.10041566958441718,0.10002711882800755,0.100018457829005,1.851632530633641,0.100024662249029,3.3779355002224087,0.10005791334658391,10.069764494502836,0.10011960873002397
SadenosylLmethionine,0.10000499433558856,0.10000000009471215,0.10001189977485912,0.10000000011065248,0.10001647390688183,0.10000000015395012,0.10014041643330192,15.099752736550663,0.10007347844411779,0.10000000016341602
shuttling,0.10002630757011595,5.888266818646099,4.65456433368737,0.12919358060415032,0.10000465334788575,3.727956186226418,0.10007375857604353,0.10000637629645598,1.0998966639512684,0.100011321040001
TCA,0.10000025976690524,0.10000029767862591,0.10000017576508907,0.10000042665389161,0.10000000004592727,0.1000007168779893,13.956283104856567,0.10000000004351994,1.2437143179540013,0.10000070034189727
septum,0.10000010962087853,15.099924787596247,0.10000047157978843,0.1000080157383779,0.1000470724663736,0.10000769480570705,0.10000437279395726,0.10000406268526217,0.1000002610997307,0.10000315159355237
septins,0.10000000002477961,15.099985895357612,0.10000084573346502,0.10000124901726987,0.10000014371450118,0.10000695900072303,0.1000000000165083,0.10000166204196977,0.10000169657418188,0.1000015485108516
D,0.10000391228516388,0.10000331316360506,8.338024318701274,1.8219675273476537,0.10015052152096279,1.1398379747453817,4.099939445936236,0.10000049246139467,0.1000002892676771,0.10007220450543297
0004402,0.10000118337238759,0.10000810531284397,0.10000203319286374,0.10001563002326855,0.10000193171540367,0.10000896581094203,0.10000000002091047,0.10000179312067808,0.10000466754613055,15.099955689873449
screen,0.10001764544525044,0.10000846175464428,0.10001100244128062,10.128328202543385,0.10018894227955659,0.10037132356357883,2.165504980053483,3.0055527064525083,0.10001263923275198,0.10000409612207188
TRAPP,0.1000000000927188,0.1000000000666515,0.10000000007269752,0.1000016977304446,0.10001020400924508,0.10000569409094215,0.100000000061766,0.10013733205899084,0.10000000006379411,15.09984507171757
sector,0.10000000003042762,0.10000000002186253,15.099979793904678,0.10000000002557144,0.10000307023722754,0.10000000003544679,0.10001366778149516,0.10000346789483898,0.10000000002094121,0.10000000003775293
secreted,0.1000001621179042,0.10003797233489499,3.953618039365198,0.10000000006889866,11.246302521180864,0.10000000009545448,0.10001434369997214,0.10001906615976641,0.10000540387136546,0.10000249107879472
secondary,0.10000000006960423,0.10001781283002159,3.099881149153198,0.1000009590051212,0.10000221253800713,0.10009129432208427,0.10001443483427869,12.09999030979486,0.10000041715907877,0.10000141026284991
Ty4,0.10000000048833724,0.10000000035093654,9.099950017599495,0.10000000041045141,6.099902375524649,0.10000000056889587,0.10000000032546659,0.10000000032786323,0.10014760375466944,0.10000000060615573
0002098,0.10000538715169253,0.10001566474030828,0.10002123529976416,0.1000103418995645,0.10000000007908376,5.954940802860811,0.10007670583946086,0.10000292071277585,9.244919144484731,0.10000779689429637
primary,0.10006290048491458,0.10011248641705581,0.1000017816349308,0.10000809635143043,0.10012773264653758,2.1816849104319727,0.10075960925715048,0.10000371047780862,2.619055586947341,10.498183185271444
SWISNF,0.1000000000178366,0.10000014003683468,0.10000484310992114,15.099987900822605,0.10000000001264504,0.10000592534173725,0.10000000001189688,0.10000000001199086,0.10000048884651974,0.10000070178107283
positively,0.10002081549320342,10.984618105751826,3.099969041991437,0.10048103701645751,0.10001581129198106,0.10003513360503191,0.10000042441244063,0.10002645632605651,0.10005280727696013,1.2147803667150865
0006400,0.10000012764772943,0.10000177273543973,0.10000386369429065,0.10000245933367984,0.10000000002491355,0.10000377456645547,0.10000421656666313,0.10000177064222154,15.099977476980309,0.10000453779824382
0055072,0.10000000004594059,0.10000000003305712,0.10000231936842259,0.10000000003864863,0.10000917258131276,0.1000063439709739,0.10001934667380016,15.099962817185592,0.1000000000316637,0.10000000005702256
0000172,0.10000000002268647,0.10000000001629836,0.10000063071167248,0.10000000001907305,0.1000000000161045,0.100005279142517,0.10000000001512899,0.10000000001526915,15.099963959828546,0.1000301302022895
vesicular,0.10000521671204077,0.10001649522787735,0.10000667380735728,0.10000043786288682,0.10000392897906768,0.1000125258449395,0.10000000003232153,15.099949136480362,0.10000057806591033,0.10000500697243449
0051087,0.10000482275259301,0.10001245267242061,0.10029557220294687,0.10003183412942503,6.8072835776902005,2.3922724572175555,6.100002441400184,0.10009554466805484,0.10000056269794717,0.10000073446951094
viable,1.8191224272562783,0.10000074023388757,0.10000558732874135,0.10000046899988173,8.844653779050986,1.1000005326068278,3.6045505438598666,0.1315088196121446,0.10001136037911877,0.1001457406222179
0000054,0.10005555315831811,0.10000781162588639,15.099856209380794,0.1000013253120484,0.10000000004114915,0.10000210579028349,0.10000047902541781,0.10000490337379017,0.10000007579745986,0.10007153647021011
virus,0.10003634238580046,0.10001932824928221,5.868905244448286,0.10001531542406851,0.10001238382699501,0.10000158959835352,0.10000733135790782,0.10000506011524322,1.3546342177889097,8.076363186772605
NC001135,0.10000000047923269,0.10000000034449082,0.10000073424066898,13.099954829891127,0.10001958746498786,0.10002877446429735,0.10001484864000285,0.1000000003219436,2.0999812235329833,0.10000000059501064
0006493,0.10000000002190933,0.10000053527404489,0.10000077057598833,0.10000000001843137,15.099996224848624,0.10000031820980992,0.1000002815501274,0.10000174653075893,0.10000000001509644,0.10000012294839826
0000028,0.10003351306494916,0.10000000001322244,0.10000062232598537,0.1000002439639121,0.10000000001302695,0.10000020965445383,0.10000006872651969,0.10000000001235565,0.10000000001267001,15.099965342204568
xenobiotic,0.10000000012052046,0.10002031364291598,15.099764481158042,0.10016587868030818,0.1000085374805898,0.10000000014045683,0.10000000008037617,0.10004078841718057,0.10000000008301696,0.10000000014950673
monocarboxylate,0.10000000002280421,0.10000000001637763,0.10000000001785637,0.10000003105302518,0.10000179740818078,0.10000000002655382,0.10000035770350112,15.099997813700885,0.10000000001569506,0.10000000002827907
binuclear,0.10000000000869888,0.10000004092249919,0.10000029938613077,15.099998319753105,0.10000010587336279,0.10000037703343054,0.1000000000058022,0.10000009233258154,0.1000007646682083,0.10000000001079815
biotin,0.10000000008739283,0.10000000006282127,0.10001066799542271,0.1000000000734819,0.1000076221943154,0.10000000010191896,8.64596305146839,6.553971696560958,0.10004558184187201,0.10000137958714188
0070469,0.10000000001665708,0.10000000001197568,0.10000011874273164,0.10000006118065823,0.10000000001179968,0.10000253222087256,15.099995572992489,0.10000138437774314,0.10000033041727428,0.10000000002067386
0070131,0.10003329502365603,0.10000000005270028,0.10000222332695405,0.10000117309044043,0.10000058089428582,11.156864833434602,4.043096129042267,0.10000108508736316,0.10000000005038374,0.10000067997579261
allantoate,0.10000000008148076,0.10000005864713656,0.10000887042448955,0.10000006287066002,0.10000306040863288,0.10000000009506337,0.1000000683154928,13.100011608043012,2.099976270996547,0.10000000010112996
0005977,0.10000139473244038,0.10024151890000473,15.037125390928486,0.10000982447673057,0.10000441142988288,0.10001839345088528,0.10000000013858887,0.1000011543200999,0.16259617894201073,0.10000173262088452
Helicase,0.10000000001629886,0.1000000000117322,0.1000000000127824,0.10000000001370324,0.10000000001156839,0.10000000001902384,15.099964926084724,0.10000000001094832,0.10003507378552155,0.10000000002022753
phosphorylating,0.10000037929105103,9.057627926684663,6.142330154302082,0.10000148333919302,0.10001572371741714,0.10000156495131618,0.1000225395497624,0.10000000003069011,0.10000022805690922,0.10000000005667747
26S,0.1000000000400673,0.1000003956322129,14.223435769502274,0.9765533503915951,0.1000000750993535,0.1000100881535154,0.10000022180586986,0.10000000002690033,0.10000000002758687,0.10000009930625078
ubiquitinlike,0.10000068439411515,0.1000829204816745,12.969012869524871,0.10000039977358038,0.1000308030129526,0.1000055656064304,0.10004179991517825,2.230823075862549,0.10000129429861003,0.10000058708769627
0005851,15.099995633335364,0.10000198473150346,0.10000000000646836,0.10000097080194123,0.10000000000584658,0.10000000000961391,0.10000000000549972,0.10000000000554153,0.10000122363811863,0.10000018745499446
H4,0.10000449542606987,0.10000111164652722,0.10003737567815443,0.10002203783024396,0.1000023430912552,0.10001540483019872,0.10000000003320739,0.10001530223691205,0.10000407227935162,15.099897856926892
0005839,0.10000000001613005,0.10000067306027444,15.099997624048159,0.1000001190838662,0.10000111707551183,0.10000000001879256,0.10000008811252345,0.10000037854765308,0.10000000001109605,0.10000000002002703
efflux,0.10000000004410355,0.10000010752223877,0.1000047271898138,0.10000777560730535,0.10000899543425992,0.10000018006827768,0.1000001519762806,14.099978062062133,0.10000000003034104,0.10000000005464647
0016620,0.10000000015367665,0.10000490561552194,11.031330662612609,0.10000200892471289,0.10000325433330247,0.10000000017893966,0.10019483243849281,0.10000545104485345,3.168458040243458,0.1000008444013535
0003688,0.10000000004621082,3.6862246424512786,8.461554455481899,2.1521859746878196,0.10000000003270439,0.10001371896715286,0.1000023448506002,0.10000050601609477,0.10001757623806976,0.10000078120382896
sugar,0.10000349031391968,2.0679210276885573,0.10000000017893709,0.10000000019189051,1.4914964049976471,0.1000000002659586,0.10003668039512399,8.040457382985853,2.8000850126610453,0.10000000028324521
treatment,0.10000414896054435,0.10001693376138457,0.10000500167286691,2.1213448559059125,12.07860329503411,0.10000000011946202,0.10001059077133691,0.10000844088984288,0.10000000007056929,0.10000673279178551
transports,0.10000000003504839,0.10000000002521627,0.1000052068387499,0.10000002825629199,0.10000321324636742,0.10000000004085001,0.10001184465888514,14.099979706820363,0.10000000002416465,0.1000000000434954
ubiquitinindependent,0.10000164411337713,0.10000178683029982,14.09999414275328,0.10000012784113146,0.10000119919180091,0.10000000002675864,0.10000009459241886,0.1000002031910633,0.10000080142473283,0.1000000000285067
enoylacylcarrierprotein,0.10000000001270314,0.10000000000913165,0.1000000000099759,0.100000740575679,0.10000000000900285,0.10000080220211933,14.099998252898919,0.10000000000852659,0.10000020425149227,0.10000000001576144
0000288,0.10000334463571998,0.10000364808878376,8.309652010618253,2.5433177917751535,0.10000177625501147,3.4470159908584477,0.10000543764911242,0.10000000002627972,0.10000000002695529,0.10000000004857786
thereby,1.8975969462697622,2.2927582834264983,0.10006181201885865,2.004296866746031,0.10000640213589494,8.205222300867055,0.10002896797689412,0.10001335320858441,0.10000493098323944,0.10001013632133766
0015266,0.10000008286999147,0.10000000001444387,0.10000000001576312,0.10000000001689699,0.10000000001424773,0.10000021372979748,14.09999436934615,0.10000528546085455,0.10000004849928658,0.10000000002494858
0001731,14.099983650782152,0.10000019296019136,0.10000089740042963,0.10000200905153842,0.10000000001183258,0.10001233371321724,0.10000000001113374,0.10000000001121379,0.10000000001150047,0.10000091604033662
endocytic,0.10000259589639111,3.5507343411304184,0.10001104081694871,0.10000502246083498,3.9401478516803814,0.10000058397317674,0.10000451301798388,6.809090572938554,0.10000347791361398,0.10000000014656156
methylenetetrahydrofolate,0.10000111004455829,0.10000030331744754,0.10000000003572843,0.10000000003828018,0.10000012507051825,0.10000000005308228,0.10001385110157282,0.10000009167138624,14.09998451860129,0.1000000000565302
0008360,0.10443770451564847,14.095534986191588,0.10000008422584873,0.10000015995489243,0.10002138046218033,0.10000338250977087,0.10000230203621564,0.1000000000231697,0.10000000002375359,0.1000000000427558
eukaryotes,0.10001848962072997,0.10000203475349641,8.691315013613092,0.10000948101928676,3.3388175707517793,0.10000000016252542,2.2667132636407614,0.10001623956006878,0.10308343647506597,0.1000244703690647
interacting,0.10006815619528817,4.372915387206292,4.616794707249421,0.10000946112975566,0.10005086778464982,2.8258340465723895,0.10002626490543672,0.10000511947937367,0.10000199010541373,2.584293999321251
mitochondrially,0.10000065950357465,0.10000000003036093,0.10001069959956634,0.10000000003549613,0.10000000002992639,0.10000000004924041,14.099967783702306,0.10001003158012203,0.10001039475794589,0.10000043069861912
membranebounded,0.10000028358667919,0.10000420603461463,0.10001826978515353,0.10000017825689125,9.386595999291726,0.10000000010699002,0.48182206820068374,4.431551827400087,0.10000482137635479,0.10000234593316933
monoubiquitination,0.1000000000578182,0.10000442404279299,12.166408171703512,0.10000114457089865,2.033572093008441,0.1000047221827988,0.10000021348445744,0.10000827110915934,0.10000095975443127,0.10000000007164879
0006406,0.10000732337949496,0.10000477805752435,5.97748012691838,0.1020549722828867,0.1000001303883851,8.220429934209351,0.10000012785857118,0.10001103776618747,0.10000688717011098,0.10000468195028082
0006368,0.10000332446753192,0.10000049333256336,0.10001138159095085,0.10008208283964937,0.1000001349584712,14.099896810946094,0.10000000002649813,0.10000000002669585,0.10000159077293037,0.10000418101781189
osmosensor,0.1000006162597363,14.099986777544153,0.10000000001631842,0.10000013997136672,0.10000748762835521,0.10000000002424381,0.10000000001387381,0.10000459580038934,0.10000000001432485,0.10000038271862816
oxide,0.10000000007820371,0.10000000005625537,0.10004772061352095,0.10000684820543992,0.10000000005538007,0.1000046140572239,0.10005361342739835,14.099887203327405,0.10000000005392497,0.10000000009702027
participates,0.10004631941010163,4.145727305525844,0.10001528229201882,0.10002626045657187,2.3037593713425673,0.10000888929114668,6.7918016064102815,0.10000824936234685,1.0999537712585428,0.15865294460251692
peptides,0.10000284000719718,0.10000000003418587,14.094016625220174,0.10002251074922626,0.10000631380279285,0.10000056093128955,0.10594431689503422,0.10000410736102093,0.10000272491984741,0.10000000005902092
0006122,0.10000000001521848,0.10000000001093758,0.10000012746803298,0.10000006567506826,0.10000000001077908,0.10000262808703222,14.099995538127096,0.10000128587877691,0.10000035470104002,0.10000000001888741
0006094,0.10000000008104427,0.10000569217609298,14.099911264685273,0.1000011406040535,0.10000745038576266,0.10000000009434047,0.10005901018457419,0.1000000000544137,0.10001544160982993,0.10000000010052204
0006896,0.10000106425313349,0.10000216008599946,0.10000163904123181,0.10000000001970714,0.10000203388451873,0.10000035628725062,0.10000064057018132,14.099991487688955,0.10000009589430885,0.10000052226673481
isomaltose,0.10000504180598362,0.10000000009990632,0.10002128242143561,0.10000000011677855,0.10006007548715949,0.1000000001619538,0.10004125131712907,1.099992495791328,13.09987985258433,0.10000000017249057
intrinsic,0.10000415182312182,0.10004410117721198,0.10002486107791415,0.10000015703960974,1.2795651785947162,0.10000759364257929,2.436469089874754,10.583884723563044,0.10000014303268404,0.10000000013719686
induces,0.10001087912101053,9.899384847868673,0.10001037395834138,1.2699908041320251,3.130374301199481,0.10001767453058061,0.10020700682703867,0.10000210464313601,0.10000200756214417,0.10000000012040948
0003843,14.099945094686882,0.10001797030783555,0.10000000002412725,0.10000000002588935,0.1000267295084139,0.10000629259081179,0.10000391276119425,0.10000000002068009,0.1000000000212133,0.10000000003815575
polyubiquitination,0.10000000022680762,0.1000199972135183,0.10021251803626792,0.10000000019079185,14.09966993319831,0.100020639324205,0.10001051178326689,0.10006474522104616,0.1000016544576132,0.10000000028140481
putrescine,0.10000000001628875,0.10000013698912709,0.10000000001276875,0.10000000001370721,0.10000025476440198,0.10000000001899949,0.10000000001087081,14.099999608135919,0.10000000001123613,0.10000000002021697
0007129,0.10000000001434682,0.10000264383784745,0.10000252390173098,0.10000050553388497,0.10000197999522151,14.099992346664902,0.10000000000956465,0.10000000000963688,0.10000000000988736,0.1000000000178109
inactive,0.10002908953428578,0.10003846366174751,2.2954665280404694,1.5980695055668221,0.10007642249250168,0.10001199498205791,0.1000098214337611,6.340080140506802,4.166203742860558,0.10001429086203985
hypoxanthine,0.10000000018844515,0.10000000013566715,0.10002244055513307,0.1000000001584762,0.10000776617324268,0.10000000021959067,0.10000000012566915,14.0997691576507,0.10020063450646569,0.10000000023394034
reactive,0.10000000017649234,0.10000724717721333,4.764188469129833,0.10000350153444738,0.10001029907890764,0.10000587264956512,0.10022797600768955,9.43555425346463,0.10000000012146773,0.10000238059403006
recovery,0.10000307545042832,14.099921543751604,0.10002570382723094,0.1000064708515708,0.10002466479922859,0.10000658815933755,0.10000165130711985,0.10000667508205495,0.10000217876399431,0.10000144798690112
roles,0.10002071011045294,0.10003048869753095,6.43586105418324,0.10002996205576949,0.10000019300974965,5.548186712057812,0.10002312001540138,2.315822163835515,0.10001966582696974,0.10000593016668785
0004553,0.10000120100438359,0.10003000032198531,0.10002903667045707,0.10000114418783096,0.10016585345380634,0.10000000021825173,14.099762820308676,0.1000033976526354,0.1000063881925218,0.10000015793625701
0008519,0.10000000001867736,0.10000000001343208,0.10000000001462984,0.10000000001570788,0.10000004314324587,0.10000024156852695,0.10000044735474693,14.099999219675757,0.10000004816556639,0.1000000000231683
genomic,0.10247697110573657,1.1055771503191623,10.044215517293027,0.10005968984816879,0.10004885217782704,0.10005653347444082,0.10000575837265872,3.1475108329076167,0.1000076916356596,0.10004100280818608
generation,0.10000009548549453,0.10000365812940415,0.10002273474690253,0.10000062040906778,0.10000918935883742,11.99197057970997,2.207971917231537,0.10000899626488721,0.10001220850587275,0.10000000013514064
0009098,0.1000000000271206,0.10000041680592175,0.10000000002125853,0.10000028031617211,0.10000000001921086,0.10000185091899602,0.10000820180832763,0.10000000001821176,14.09998925002274,0.10000000003364763
sensor,0.10005725478279973,5.747841094891423,2.115857570016651,0.10006160718258857,0.10001184345654159,0.10000000031137207,0.10021288147779721,6.435957133414925,0.10000061404181503,0.10000000033182452
peptidyltyrosine,0.1000025809984216,9.898439161368932,4.3015493829795135,0.10000118165970245,0.10000654977815204,0.1000011240083011,0.10000001907255127,0.1000000000311045,0.10000000003188939,0.10000000005749408
completion,0.10000020391266068,13.922984675959661,0.1000010927632061,0.10000077458786942,0.10006671216164359,0.10002696495271186,0.2547199441438385,0.10000039966522599,0.10000000006391274,0.12219923176072056
chains,2.802009334154726,0.10001345027467974,5.709461167188434,0.10000020846917179,0.10000956446002432,0.10000136141351602,1.5117948458105224,4.376683380682888,0.10002467628878425,0.10000201122134762
arylalcohol,0.10000000008335895,0.10000000005997345,0.10000000006538017,0.10000224727964292,0.1000199310782036,0.10000000009711073,0.10001894320608992,0.10000000005604676,14.099958877955721,0.10000000010347071
0051123,0.10000480896285756,0.10000151082902704,0.10000204867844312,0.10009033612431151,0.10000000002706352,14.099899441044235,0.10000000002548276,0.10000000002565396,0.10000119947482611,0.1000006547877729
Cytochrome,0.10000034837416209,0.10000000001977598,0.10000012747770202,0.10000033257550106,0.10000000001948565,0.10000018191492045,14.099992045657103,0.10000286325359078,0.10000076009600983,0.1000033406039348
TRAPPII,0.10000000009326607,0.10000000006704433,0.10000000007312863,0.10000182252599774,0.1000104106730639,0.10000576669712942,0.10000000006213165,0.10013535551996375,0.10000000006417388,14.099846644189238
0050661,0.10003641560980371,0.10003464012147871,7.577918075121728,0.10000000022575106,2.598895218250299,0.10002174586060708,0.10017872431978485,0.10000800609425149,4.122907173987659,0.10000000033320831
Oglycosyl,0.10000120100438359,0.10003000032198531,0.10002903667045705,0.10000114418783096,0.10016585345380628,0.10000000021825173,14.09976282030868,0.1000033976526354,0.1000063881925218,0.10000015793625701
0046983,0.1000037989498685,0.10000604232568626,0.1000007902440237,14.099945375913489,0.10000017956201251,0.10000679011834403,0.10001420961174166,0.1000004505863352,0.10001999347565696,0.10000236919744701
bZIP,0.10000011880526782,0.10000011425387594,0.10000130686203926,14.09999477652095,0.10000069782259323,0.10000175986759097,0.10000018523722075,0.10000104060083428,0.10000000000842948,0.10000000001520691
acidic,2.2533349459487324,0.10001345016504751,4.588442655485667,3.258940093233303,0.10015680699206378,0.10000992353719887,2.0759012985560794,2.3227745134731212,0.10000000030042122,0.10042631219484824
Type,4.537163182835131,0.10007480116008495,4.619995918107882,0.10001585831437704,4.250647878545429,0.10003624388105195,0.10002409325100008,0.9920349347470688,0.100003738643601,0.10000335046062121
APCC,0.10000000004053523,0.10001371001315552,6.652981662961884,0.1000048203632271,0.1000004705304995,7.5469991982319256,0.10000013774023551,0.1000000000272144,0.10000000002792789,0.10000000005031613
couples,0.10013513926282304,0.10000260322682093,1.1336059512668313,0.1000472687135011,0.10000291509060484,7.9770270053319505,3.552407826094518,0.10001191560956982,1.7367547181095822,0.1000046572354648
RSC,0.10000000003464324,0.10000148007978822,0.10000571647065207,0.10003080521588917,0.100000809656909,14.09995953633684,0.1000000000231021,0.10000000002326352,0.1000016521050706,0.10000000004300226
cohesin,0.10000000006685233,0.10001504287113029,14.099844347952214,0.100000000056245,0.10000213186252155,0.10013744130862755,0.10000103568275667,0.1000000000449039,0.10000000004605689,0.100000000083099
WD,3.3168781769097024,0.10435330756956686,6.894985489730138,1.6281315834618506,0.10000462702896694,0.10008102683144181,0.10000590716768915,0.10000130164081962,0.10000029659424212,2.555558283022538
converting,2.099892545935091,3.552541037312573,0.1000011066491932,0.10000000045355757,0.10009728669074867,0.10000000062908468,2.0999291119462096,6.6471164744696685,0.10041136545041562,0.10001107033489144
capping,5.22312638309841,0.10004360121073487,0.10000285021013185,0.10000935896601414,0.10000043653259919,8.973747496648357,0.10002734807094794,0.10000361647754576,0.10303561838236733,0.10000329036810243
0045182,0.10003653225773564,0.10000000007127129,0.10000856883322004,0.10000525353040872,0.10000064286279775,14.099906923142624,0.1000415144349062,0.10000025604296388,0.100000308680376,0.10000000012292809
GCN4,11.021546587851551,0.10000364932447828,0.10000000003530385,0.10000108014222116,0.10000000003193424,0.1000080829773786,0.10000117592361912,0.1000000000302264,3.1784341125234365,0.10000531114596921
V,0.10002138773698205,0.10004027952442786,0.10000000032596018,2.925330960201973,0.10003695412008069,0.10011673843066644,3.2452826768744125,8.129151960780725,0.10001397142508381,0.10000507052232313
borate,0.10000000002168538,0.10000032249080626,0.10000000001699307,0.10000000001822604,0.10000348566517837,0.10000032405905156,0.10000000001445675,14.099995867664543,0.10000000001492694,0.10000000002690784
S288C,2.1316024389200328,0.1000000002738322,3.6094592458599313,3.8596244043661705,0.10005611051839015,0.10000000044316665,0.10000053438592076,4.799211866711058,0.10000155468890258,0.10004384379086045
adenosine,0.10000230829764649,0.10001111034498385,0.10000326905656977,0.10000000008890994,0.10000055622253978,0.10000924654872465,1.1477834103440445,0.10005187002335432,13.052138228910952,0.10000000013127362
UMP,0.10000207533944754,0.10029967651955622,0.1000000000322752,0.10000114565937691,0.10000426853762892,0.10000000004794349,0.1000013220216738,0.10000005128380149,14.099691460496658,0.10000000005107433
Cytosolic,0.10000346441867204,0.10001538421593173,1.693224724571136,0.10001101738190206,0.100000195991132,0.10000023778683266,0.10013615256938563,3.565105415370066,9.041503407428854,0.10000000021134696
0019171,0.10000000001398959,0.10000000001005332,0.10000000001097828,0.10000000001175378,0.10000000000991356,0.10000080220357034,14.099998993454065,0.1000000000093887,0.10000020425236847,0.10000000001735442
annealing,0.10014332069888877,10.65432753729717,0.10000420624346365,0.10003872683679398,0.10000055228160225,0.10010171034609312,0.10001156407407114,0.10000000008335937,3.545372381929718,0.10000000015383233
0070898,0.10000059983475983,0.10000536585427078,0.10000000001611153,0.10003663992092197,0.10000258104793817,14.099954670051728,0.10000000001369776,0.10000000001380285,0.10000000001414934,0.10000014322115552
choline,0.10000000008990521,0.10001340564979815,0.10000314728434347,0.10000020541318677,11.82289625533468,0.10000000010477367,0.10000076354464545,1.3339114975040538,1.1431747249355477,0.10000000011157915
chorismate,0.10000000002865735,0.10000000002061492,0.10000239683926297,0.10000000002408903,0.10000023127300392,0.10000000003337346,0.10000186664189106,0.10000000001924297,14.099995505077107,0.10000000003556936
Lmethionine,0.10000000003716215,0.10000172654709853,0.10000252109257476,0.10000010989158191,0.10000191535414277,0.1000000000433196,0.10000086597492644,0.10003124495911239,14.099961364152078,0.10000025193732522
3hydroxyacylacylcarrierprotein,0.10000000001398959,0.10000000001005332,0.10000000001097828,0.10000000001175378,0.10000000000991356,0.10000080220357034,14.099998993454065,0.1000000000093887,0.10000020425236847,0.10000000001735442
dehydrogenases,0.10000000016616512,0.10000000011927615,0.10000384191296634,0.10000395489574194,0.10002089682803421,0.1000298512315692,0.10010498677387122,1.1062789486399485,13.093553889063228,0.10000363032148729
degraded,0.10000042912825721,0.9681819433061452,6.473506384720233,2.8020218800771928,0.10025148369326461,0.10001027347526961,0.10000007042260438,4.156014565200341,0.10001296978169275,0.10000000015599375
cisterna,0.10000095416424487,0.10000032692003073,0.10000176057648189,0.10000013528984439,0.7662911357425041,0.10000239266760841,0.10000064594313256,13.433702416571505,0.10000000002701956,0.10000023208506918
Highaffinity,0.10000000001739504,0.10000000001250506,0.10000030472136386,0.10000029842510912,0.10000023445022108,0.10000000002029635,0.10000029593605775,14.099998866376867,0.10000000001198427,0.10000000002159393
TIM23,0.10000029148056916,0.10000000001717597,0.10000376215639412,0.10000000002010047,0.10000000001693721,0.10000000002785217,14.099991637794538,0.1000043084322493,0.10000000001644277,0.10000000002964822
0032979,0.10000092376997789,0.10000000001583012,0.10000172096626632,0.10000000001852198,0.10000000001561568,0.10000094918096608,14.099992253229814,0.10000394183390256,0.10000000001516214,0.10000021094605539
riboside,0.10000361764667579,0.10000000006785768,13.099909461868977,0.10000000007932185,0.10000000006686735,0.10000000010985889,0.10000000006283388,0.10000000006332126,0.10008691989341297,0.10000000011695755
clamp,0.10000000004876877,10.521992598833748,2.6703493278679957,0.10000878892394421,0.10000000003448593,0.10002301064495502,0.10000000003246565,0.10000000003270061,0.10000195109025711,0.10762432247216343
budsite,0.10000453765759035,12.09996966654054,0.1000049707017613,0.10000306532653438,0.10000098151973355,0.10001295235747493,0.10000000003176075,0.10000234041867449,0.10000407007592708,1.0999974153536474
0006665,0.10000000003927578,0.1000010235568466,0.10000164565646272,0.10000000003301485,13.099975405262315,0.10000000004575342,0.10000564793131805,0.10000812627876035,0.10000815113625963,0.10000000004873191
cable,0.10000295416281746,13.099987638920013,0.10000000001470952,0.10000000001577447,0.10000000001330044,0.10000125364864126,0.10000000001250894,0.10000815316776604,0.10000000001291283,0.100000000023285
shares,0.10001096383547094,2.9290071641919657,4.93833026180148,0.1000508175104958,0.10014694762072218,2.0840370950766935,1.2304530528027222,1.0999978795171255,0.7000095410150824,0.7179562765426525
inosine,0.10000045877817297,0.10000905114927022,0.10000616216676708,0.10000008384521358,0.10002668607376751,0.10000000007446339,0.10000145620533409,0.10000038115793283,13.099955720454567,0.1000000000793235
0032880,0.1000074013715977,10.00148696059219,3.198416878205954,0.10000202935926186,0.10002500923298366,0.10001509411330324,0.10000000010302995,0.10003629565096504,0.10000000010635846,0.10001033123424163
0042407,0.10000000003348891,0.10000000002406716,1.4858814439688264,0.10000034557778863,0.10000209343033856,0.10000000003901603,11.714110912374391,0.10000520447254888,0.10000000002308004,0.10000000004154146
carboxylic,0.1000397926430353,0.10000098108164412,0.10001651069719336,0.10000111263596935,0.10003075996478927,0.10000706215330248,0.10002978354708077,2.0999789219514633,11.099888442277267,0.1000066330103842
0004029,0.10000000010270452,0.10000000007381776,13.099847753208977,0.10000000008626346,0.10000000007276422,0.1000000001195567,0.10014673221109588,0.10000485604120771,0.10000065791881739,0.10000000012736494
0004032,0.10000000006357436,0.10000000004575016,0.10002980842742171,0.10000098912805591,13.099945481695338,0.10000000007404601,0.10002012152748353,0.10000114972235317,0.100002449220218,0.1000000000788673
0034087,0.10000000001435747,0.10000871946283482,0.10000171696382643,0.10000865712338354,0.10000054634099396,13.099976022631289,0.10000008143792365,0.10000038650394616,0.10000061300408856,0.10000325650949261
0006979,0.10000000015424038,0.10000890051600182,3.0284470168597117,0.10000157282000958,0.10004789310493134,0.10000070144919918,0.1000751783696061,10.171418322790572,0.10000041370278492,0.10000000019127057
ions,0.10000259107494146,0.10000000007420742,0.10001181280369283,0.1000040204841388,0.1000092056416525,0.10000000012009265,0.10000366004586153,13.09995009766495,0.10001737825892308,0.10000123381496336
Cdc42p,0.10000056889516801,12.025299356296829,0.10000007067218815,0.10000127734382415,0.10000587459157372,0.10000729410557523,0.10000037810305104,1.1746850336401204,0.10000000003138106,0.1000001463024884
0006913,0.10000830887180681,0.10001542791812117,13.099902387680272,0.10000454834916951,0.10000244871124347,0.10000481917878766,0.10000049620136896,0.10002246466217583,0.10000036912588754,0.10003872928002924
maintain,0.11387156978090865,7.058140757267452,0.10001713580368583,0.10001444478303115,1.6102425883003906,0.10001817444833191,4.617665080981825,0.10001389579036048,0.10000614517196793,0.10001020763648694
minor,0.10000000025278724,0.10019428135826379,0.10010868218352922,1.1072844007762919,3.5658407414967823,0.10000574947438155,3.327876688088909,1.705179438112516,3.7935096779593374,0.1000003402034327
0004312,0.10000000001556847,0.10000000001118525,0.1000000000122134,0.10000000001308282,0.10000025763643441,0.10000172936396426,13.099992636239453,0.10000000001044716,0.10000537667052811,0.10000000001930914
lifespan,0.10008275976984979,0.10003496357723902,0.10010395272066434,0.1000042744793823,3.998117358394034,2.099874017727177,0.10023620376293063,5.151532897139136,1.1500169446946675,1.0999966276118904
nearly,8.099176626494692,0.1001262754564206,0.10000158515566006,0.1001394300506862,2.100005361594636,0.10032189554678822,0.10001369286203146,3.100018080545435,0.10007508872540585,0.10012196343000292
0006606,0.10000169575108056,0.10000126924883947,12.07828098116289,0.10004340258761282,0.10002400607673381,0.10001623068726323,1.1215819177383917,0.10001027803198133,0.10003386012137866,0.10000635855419443
3isopropylmalate,0.10000013484675796,0.1000003503259167,0.10000000002642287,0.10000031844568545,0.10000024944449708,0.10000299693140466,0.1000105917316885,0.10000000002263042,13.099985358174001,0.10000000004183078
ammonia,0.10000089491608954,0.10000000005621461,0.10000224505957617,0.10000000006572686,0.10000343107812157,0.10000027875452307,0.10002163295511649,5.0867252557993305,8.113246261199164,0.10000000009698333
phenylalanyltRNA,0.10000932532379837,0.10000000002180963,0.10000248349757772,0.10000000002550008,0.10000000002150163,0.10000000003537503,0.10000461017369706,0.10000000002036717,13.099983382544744,0.10000019832650486
0005946,0.10000168043143745,0.10000000001215412,13.099994289828953,0.1000000000141962,0.10000112516192605,0.1000000000196688,0.10000016817942202,0.10000000001133735,0.1000027363133754,0.10000000002094324
diphthamide,4.2628979094705715,0.10000000007425498,0.10001720223892319,0.10000000008681292,0.1000103549978814,0.10000000012042944,0.10000000006888789,8.937044565544904,0.10002996724600657,0.10000000012827072
phosphorelay,0.10000000001948589,13.099997802163841,0.10000000001530442,0.10000123414583355,0.1000003253664434,0.10000000002271921,0.10000000001300424,0.10000000001310752,0.10000063820963669,0.10000000002418984
1oxidoreductase,0.10000000006357436,0.10000000004575016,0.1000298084274299,0.10000098912805591,13.099945481695325,0.10000000007404601,0.1000201215274855,0.10000114972235584,0.10000244922021802,0.1000000000788673
perinuclear,0.10001470355832177,0.10001510093330969,3.551311903633634,5.028626140769906,2.1269552953809874,0.10002027760515703,0.10004650714079104,2.692996989538887,0.10001308123394334,0.10000000015881644
0006097,0.10000000003972151,0.10000000002859329,0.10000039325605238,0.100000053355669,0.1000000000281546,0.10000207182955577,11.823469088141547,0.1000000000266811,1.3765283932331058,0.1000000000492822
0006098,13.099927608036781,0.10000000006780867,0.10001098679937344,0.10000090430788648,0.10001788182537194,0.10000274204448957,0.10000834559225301,0.10000043443130624,0.10003109675881099,0.10000000011696407
alditolNADP,0.10000000006357436,0.10000000004575016,0.10002980842741968,0.10000098912805591,13.099945481695341,0.10000000007404601,0.10002012152748305,0.10000114972235252,0.10000244922021799,0.1000000000788673
appears,0.10006997252696095,0.1000245495803171,0.10000935579432815,0.10003454643966406,4.851947377124465,5.55872189810225,2.8891559346397666,0.1000160934735783,0.10001789638644637,0.10000237588423422
0051603,0.10000000002215698,0.10000000001592886,13.099993755400474,0.10000013798006074,0.10000129432813558,0.10000000002581502,0.10000349627785236,0.10000131589997727,0.10000000001525114,0.10000000002751563
pantothenate,0.10000187689004142,0.10000746003959834,10.223138946203525,0.1000000000967761,0.10000119057198845,0.10000000013419892,0.10002571406425544,0.10001239858970774,2.976812413244605,0.10000000014295196
affecting,0.10000232910002374,1.6662187018270143,3.415993746833289,0.10005387137763146,0.10002099847248326,3.419328546571961,2.6109713344832137,1.1178007894369657,0.10001039961366524,1.3695992822289744
ribonucleotide,0.1000035603585794,0.10001986518905683,1.9504856282390468,0.10013559899931991,0.10000091686664551,0.10002784569896553,0.10001202585592142,0.10000032924182935,11.249309418364819,0.10000481113901954
0005744,0.10000000002171099,0.10000000001560899,0.10000052937946338,0.10000000001826909,0.10000000001539792,0.10000000002531541,13.099995909009486,0.10000356146554172,0.10000000001494112,0.10000000002695157
overexpressed,3.172591030053151,2.9407675617219855,0.10006399550315244,0.10000409632406787,0.100080911996582,0.10004384447508498,1.9795630315659933,5.306767716113339,0.10000285053484789,0.10011496163654421
addition,0.176039725842024,0.10007397650903975,0.6108196447785382,0.10000127047859296,1.5252948899399679,1.5339251117007098,2.161476336641976,3.692934619915394,3.9994270297191075,0.10000739441263032
5kinase,0.10000000004359852,13.09997043955358,0.10000000003417724,0.10000039021203364,0.10000000003089463,0.10000057792997757,0.10000000002911315,0.10001180535922595,0.10001678674117973,0.10000000005408997
5phosphate,0.10000272046362116,0.10001172057006329,0.10000066442914186,0.10000032411925681,0.10000540744802569,0.10000000007958582,0.10000580512819128,0.10000277299786604,13.099970584667203,0.10000000008473034
0050662,0.10004318942131381,0.10006887559060615,5.311021340277576,0.10000197162673644,1.4778734495937886,0.10003278308896381,0.10018114090202251,0.10000400214312444,6.510773246930942,0.100000000339103
acidification,1.0999872917484241,0.10001312244163528,3.1692156708990127,0.10000000004389907,0.10000000003697906,0.10003245443420054,0.1000000000347907,9.030750515462834,0.10000094480787221,0.10000000006474745
nonstop,0.10000292025701954,0.10000285292594609,13.099929179194412,0.1000295543628895,0.10000107997687567,0.10001965009359336,0.10000010136683939,0.10000063748076556,0.10000265519062382,0.10001136913503413
Alpha,0.1002676736366402,0.1000514018677541,4.866687687998161,0.1000000001525219,1.1150018058393674,0.10000267060593106,0.10003110474930363,1.3183108604894955,6.099643682235176,0.10000311234178672
responses,0.1000112805818121,4.116572693650868,0.10006829598468245,4.673591151862347,0.10000324699092544,0.10001045426940863,0.10002127054942447,4.509637881249563,0.10006255681479508,0.10002116799141358
mutase,0.10000000005305165,0.1000000000381323,0.10000533237079685,0.10000000004455711,0.10000881640841694,0.10000000006178177,0.10000000003535485,0.10000000003560565,13.0999852496655,0.10000060127757596
0005097,0.10000000003029863,0.10001672629806106,0.10000000002372277,0.1000000000254935,0.10000039999878495,0.10001372233879717,0.10000000002016632,13.09996915119487,0.1000000000208326,0.10000000003754772
ribonucleosidediphosphate,0.10000694659720896,0.10000644704326953,13.099963844356042,0.10000000003144453,0.10000000002649678,0.10000000004359534,0.10001802999154123,0.10000000002511103,0.10000473182611824,0.10000000004643012
0007109,0.10000021117337875,13.027158010107371,0.10000115074997513,0.10000080858183086,0.10004296293847387,0.10001661205283495,0.15532731028755822,0.10000041396290849,0.10000000005161673,0.1174525200716707
phosphatidylinositol3phosphate,0.10000000006820564,0.10002618705358457,0.10000512470896887,1.1018946433621364,0.1000061417701688,0.10001360473763633,0.1000006085741172,12.098053689570444,0.10000000004693632,0.100000000084627
Small,0.10005064530689257,0.10018597751883289,0.10021037862417144,0.10000102682469263,1.3510141022329287,0.10002744968493477,0.10000000026880816,3.848570276900232,0.1000246042829831,8.099915538251139
Ehrlich,0.10000000002709221,0.10000000001950315,0.10000117138838413,0.10000360762331947,0.1000012369728518,0.1000000000315922,0.10000879965355988,0.10000000001821174,13.099985184222652,0.10000000003362183
0000077,0.10000096335913304,13.09997020694835,0.10000750582138972,0.10000456054416,0.10000000001608622,0.10000534140579814,0.10000176415591555,0.10000352922791064,0.10000103797003279,0.1000050905404158
Elongator,0.10000000003750004,0.10000000002696292,0.10000243538377554,0.10002404201810293,0.1000000000265745,13.09994045863841,0.10000000002500546,0.10000401076469916,0.1000107735696798,0.10001827949586915
Pma1p,0.10000146888065074,0.1000024461740272,0.10000586884419446,0.10000000003979476,0.1000062602459203,0.10000000005511216,0.10000197144129253,13.09998198421772,0.10000000003260376,0.10000000005869474
glycosylphosphatidylinositol,0.10000026135230418,0.10000089110149385,0.10000242949806669,0.10000022760869792,13.09998856409232,0.10000000003733617,0.10000114383367706,0.1000058988027871,0.10000000002205603,0.10000058364285762
0003333,0.10000000002010762,0.10000000001445193,0.10000000001575084,0.10000031942082102,0.10000030173193528,0.10000000002342126,0.1000004142985666,13.099997714478162,0.10000124996496157,0.10000000002493994
encoding,0.10010877563226957,0.1544569765030836,4.600875805522192,2.281325546769814,0.10002306346104829,6.363066284707296,0.10013162005816573,0.10000100991123817,0.10000825162183151,0.10000266574128806
glycoprotein,0.10000186084344363,0.10000271992446003,0.10000089590963226,0.10000022761471418,13.099979352788315,0.10000000004543226,0.10000181731394323,0.1000116615011752,0.100000737955749,0.1000007260928532
Hsp90,0.10000000007216907,0.10010320398299534,10.362126792693168,0.10000539291126392,0.10000178533829136,2.8377288611202065,0.10000008497304538,0.10000000004842764,0.10000035341022959,0.10003352541549876
SAGA,0.1000000000622918,0.10001370373578371,0.1000034437317368,0.1000559305299141,0.10000000004412153,13.099881395559263,0.10000000004153678,0.10000000004181635,0.10000000004289894,0.10004552618895056
decarboxylating,0.10001585833111004,0.10000000005141403,0.1000162613356031,0.10000000006004042,0.10001289200034728,0.1000000000832287,0.10004444890519029,0.10000137292753428,13.099905848169549,0.10000331811395076
enhances,0.10016711439469188,3.7643121475784973,2.9652813791373633,0.10000043393247028,0.10014189330730695,0.10001369927499584,0.10010563500772175,4.357766360962082,2.3121216245894742,0.10008971170175773
0008608,0.10000000000793145,0.10000086229942974,0.10000000000620961,0.10000010162023885,0.10000000000560658,13.099999036030846,0.10000000000527681,0.10000000000531553,0.10000000000545071,0.10000000000982696
global,0.10000166991317186,0.1000247902841524,0.10002016235945589,13.099873332040575,0.10000087536105233,0.100038003464366,0.10000130755683212,0.10000000003705217,0.10000000003797842,0.10003985892187359
constitutively,0.10000082382479004,0.1000061897104468,4.389458524847618,0.10005474408924162,2.576894898860129,0.10000206463074922,0.10006982829851935,0.10000096719926303,6.333511958331397,0.10000000016260308
ubiquinolcytochromec,0.10000000001682768,0.10000000001208517,0.10000000001318626,0.10000007088514036,0.10000000001191565,0.1000056748441116,13.09999172753503,0.10000176095787988,0.10000076569525523,0.10000000002089121
0001133,0.1000000000071104,0.10000064436088625,0.10000023250934748,13.099997320358007,0.10000000000503918,0.10000078513078732,0.1000000000047404,0.10000008581616675,0.1000009317935365,0.10000000000881881
forminnucleated,0.10000295416418938,13.099987638918627,0.10000000001470952,0.10000000001577447,0.10000000001330044,0.10000125364864183,0.10000000001250894,0.10000815316777784,0.10000000001291283,0.100000000023285
H3K14,0.10000065864262808,0.10000873350585093,0.10000070249461102,0.10003682313957271,0.100001799882279,0.10001750836314788,0.10000458876342123,0.10000000001874211,0.1000000000192221,13.099929185155494
Nacetyltransferase,0.10000044954292954,0.10000332700385262,1.2506708165743823,0.10000357055654854,0.10003157617384544,0.10000183439928392,0.10000620763137538,0.10000056669556626,11.94918848518166,0.10009316620563075
Guanine,0.10002461569017854,0.10002204358709368,0.10001381545579134,0.10000098445644695,0.10000165261297803,0.10000000008765271,0.10000000005014913,13.099899415758147,0.10002343983529505,0.1000140324424989
0007121,0.10000303908886649,13.099989539189048,0.10000134519240908,0.10000022435394164,0.10000000001288886,0.10000051965429634,0.10000000001211493,0.10000533245347755,0.10000000001251187,0.10000000002255731
thiamin,0.10000000009400711,0.10000126151997779,0.10001108666826768,0.10002983020405717,13.099924883310537,0.10000000010958111,0.1000025529584033,0.1000026121182442,0.1000277728796651,0.10000000011667504
Gcn4p,0.10001090675807126,7.099734366560464,0.10004588152851832,0.10012723007843569,0.10006343054516496,2.099905911525648,0.10003560478967277,4.099858758652009,0.10020731445185982,0.10001059499585366
Gcn2p,13.099972536002708,0.10001106513282715,0.10000940289120099,0.10000089738737239,0.10000000002950953,0.10000500759672001,0.10000044796420426,0.10000000002797298,0.10000064290644989,0.10000000005168212
0010499,0.10000000001678817,0.1000003899173326,13.099997856313802,0.1000001379754984,0.10000129432388184,0.10000000001955847,0.10000010209068279,0.1000002193041237,0.10000000001154861,0.10000000002084207
RING,0.10000156736386398,0.10001168071704156,13.099946251770369,0.10000426091633983,0.10000278677772748,0.10001448505222062,0.10001462971434912,0.10000414248331434,0.10000000003976518,0.10000019514979917
0009450,0.1000000000503588,0.10000000003620013,8.984027087815294,4.215930346699014,0.10000000003565425,0.10000000005865406,0.10003920611840744,0.100000000033819,0.10000335907016156,0.10000000006244629
0030148,0.10000107003086674,0.10000033337537029,0.10000000002479861,0.10000049635856455,13.099984637033119,0.1000000000368748,0.1000085749812334,0.10000169683188066,0.10000319127875236,0.10000000003924957
exhibit,0.10002370558718607,0.10011402976421188,0.10001806106957124,0.10000020092251218,9.66609434388904,0.10001405488717494,0.10000974075438514,3.5337168488462343,0.10000885219915559,0.10000016203272379
hexokinase,0.10000000004408234,0.10003656154624602,0.10000000003457687,0.100002570732401,13.099956422607496,0.10000000005138342,0.10000412045646506,0.10000000002959901,0.10000000003039236,0.10000032445267645
0000747,8.38710824983254,0.10021578579485023,0.10000237429566156,0.10000515603128145,0.1002795779081372,0.10000722020353128,0.10002748762345094,4.812342082507483,0.10000000032237132,0.10001206536261067
0031298,0.10000226343113414,0.10004387400141819,0.10005151911615842,0.10002917278905304,0.1000005573252211,0.10007447381588555,0.10000000005248295,0.10000000005288415,0.100013471308496,13.099784668068692
0016237,0.10000000003490192,0.10000816797262914,0.10000486133951743,0.10000190171750395,0.10000358986529845,0.10000978700371532,0.10000119402835157,13.099970497959221,0.10000000002403621,0.10000000004334451
composed,0.10000224604647702,0.10001984442195194,0.10064856398467113,0.10002146989817795,0.10001391337461345,9.786700974976632,1.3779680142977135,2.1346032047011407,0.10001149431668321,0.10001027394507167
dynein,0.10000023279435408,1.1729640389444989,0.10000226080906595,0.10001719949893072,0.1000006335604132,12.027013289634997,0.10000097369791679,0.10000137097615035,0.10000000002405185,0.10000000004334784
deprivation,0.1000018890466608,1.9439983358853115,0.10013428589738164,0.10001648729384452,8.19475579140559,1.0999328174065004,0.10000775596208764,2.1611397682908113,0.10001286849864818,0.10000000025486165
dihydrouridine,0.10000000002840091,0.10000000002042772,0.10000257937886055,0.10000129699340538,0.10000000002014639,0.10000000003315793,0.10000372121155794,0.1000000000190823,13.099992402251816,0.10000000003534204
complexmediated,13.099955753958044,0.10003685835642263,0.10000189636571623,0.10000000003029919,0.10000000002559001,0.10000328012569358,0.10000105992303904,0.10000061574465312,0.10000000002480967,0.10000053543300624
SUMO,0.10000000004244948,13.09994363214112,0.10001035262042957,0.1000033752270059,0.10000000003006958,0.10003803567993248,0.10000000002829156,0.10000000002850941,0.10000429409597661,0.10000031009213087
0031428,0.10000010199758769,0.10000000000676292,0.10000000000737494,0.10000018874531875,0.10000000000667106,0.100002142064777,0.10000000000627332,0.10000000000631869,0.10000010513739223,13.099997462017733
homoserine,0.10000000003050202,0.10000546407715392,0.1000000000239162,0.10000000002563811,0.10000000002162585,0.10000000003554471,0.10000000002034615,0.1000000000204852,13.099994535699555,0.10000000003786337
where,0.10000009997339898,7.887418545099939,0.1000643046259563,1.0947589703059732,0.1623898430846894,0.10002249335631393,4.236442834150348,0.10003844140729384,0.10003189544783331,0.11883257248873541
0008186,0.10001156048398348,0.10000065017575284,0.100035956287187,0.10000635954843033,0.10000000003204865,0.10000562810642136,0.10000000003017005,0.10000112456081742,13.099877565594497,0.10006115515729022
zincfinger,0.10000000004530667,0.1000137587736969,0.10003134425766291,13.09994882963541,0.10000000003210244,0.10000298152187548,0.10000020257805042,0.10000005351771547,0.1000010764322621,0.10000175319146741
succinylCoA,0.10000000004396499,0.10000000003158888,0.10000077294966157,0.1000000000368844,0.1000000000310812,0.10000000005117983,12.09909706471409,0.1000000000294745,1.1009021620461603,0.10000000005448756
0003713,0.10000000006145097,0.10000984534120144,0.10000436131757755,0.10011621833806744,0.10000000004355,13.09983987086713,0.10000038906007246,0.10000100430787077,0.1000136492267836,0.10001466140576362
dipeptide,0.10000000011055944,0.10000000007948125,1.7125333221049237,0.10006751058049056,0.10001561578331843,0.10000000012880217,0.10000844493304785,11.487375106036144,0.10000000007621208,0.10000000013707903
0031902,0.10000315091264787,0.10000133766785956,0.10000644993296612,0.10000339153225117,0.1000013409269661,0.1000047566065967,0.10000000001972999,13.099977172285177,0.10000000002038606,0.10000240008537223
includes,0.10000000011586586,0.10000911780016551,0.10005001481372411,0.10001642651938056,0.10002074775112313,5.432960720582804,6.357813269609292,1.509121185629133,0.10000393629243458,0.10000458084799553
hydroxymethylpyrimidine,0.10000000003429962,0.10001597084038603,0.10000000002692074,0.10000000002886911,13.099982462349644,0.10000000003997274,0.10000000002287594,0.10000000002304439,0.10000156658179246,0.1000000000425959
0016409,0.10000000009054781,0.10000000006513553,0.10000000007099367,0.10000000007615743,0.10003126389403322,0.10000271267739672,13.09989078434232,0.10007509161566557,0.1000001470264866,0.10000000011236142
translesion,0.10000000006378616,2.752069395602967,0.10001106385707582,0.10005380037433256,0.10000005314839001,0.10001008508681741,0.10000747668131782,0.10000000004283341,0.10001872992045244,9.447829395190839
Nterminus,0.10001156441391909,0.10027904388395285,0.10004987509711014,5.495788254610534,0.10000565212861069,0.10008298528183583,5.124831180086776,0.10001510560560935,0.10000057628206531,1.6789357625149541
0005801,0.10000045641300849,0.10000000002007386,0.10000065194666659,0.10000108403331984,0.10000859003091715,0.10000335137626565,0.10000424370477776,12.099979454929645,0.10000008805613937,0.10000207947904974
5phosphoribose,12.099878298522139,0.10004072538798538,0.10000000005948935,0.10000000006376263,0.10000000005385457,0.1000000000884136,0.10000000005056765,0.10000000005099763,0.10008097559981362,0.10000000009415365
amidotransferase,0.10000638767608241,0.10000000006589256,0.10000217347022573,0.10000013860132187,0.1000196062838894,0.10000702106971618,0.10001144007148664,0.10000000006152918,12.099953232570947,0.10000000011369709
6phosphofructo2kinase,0.10000102006144015,0.10002535245048474,0.1000138544156354,0.10000000006038362,12.099955281746443,0.1000000000835754,0.10000000004778122,0.10000000004812112,0.10000449098230467,0.1000000000889168
xenobiotictransporting,0.10000000003793541,0.10000000002728483,12.099952900297469,0.1000000000319172,0.10000000002689363,0.1000000000443058,0.1000000000253337,0.1000470994203202,0.10000000002613364,0.10000000004707814
0005637,0.10000067151485698,0.10000000004720831,0.10000937086079872,0.10000040728809828,12.099931305008914,0.10001945807332781,0.10001252276270023,0.10000000004411558,0.10002451847462682,0.10000174590685489
activate,0.10000574895509962,7.025405783919705,0.10000270258858043,3.843559407575826,0.10000320668649691,1.4309957442827337,0.10001947491642241,0.10000390715011746,0.1000000000430014,0.10000402385792694
0005750,0.10000000001542562,0.10000000001108517,0.10000000001209126,0.1000000769899385,0.10000000001092661,0.10000308108255074,12.099994813223043,0.1000016128064898,0.10000041582202174,0.10000000001914766
vitamin,0.10000000040032381,2.099975394747288,0.10006178133250258,0.10001350210502163,0.10014840281376483,0.10000000046637993,0.10001778970983223,10.099714961964763,0.10006816588721697,0.10000000049673026
using,0.10000000010010517,0.1000012149400148,0.10001212623418128,0.10000086997272402,0.10002519690334438,0.10000178311772152,10.810479522547656,1.3894320198582442,0.10004726617019191,0.10000000012419938
alkaline,0.10000151224884049,0.1000130158453159,1.2131635091183992,0.10000092138699379,7.998636475324442,0.10000967111540761,0.10000696104553226,3.088166354483367,0.10000157920611231,0.100000000197596
postGolgi,0.10000000004287446,0.10000564375851516,0.10000012500182716,0.10000142994308829,0.1000127409428186,0.10000028183834643,0.1000148827364012,12.099964895639967,0.10000000002947661,0.10000000005309694
alkyl,0.10000145280358835,0.10000000005617748,0.10000064393091158,0.10000028152164377,3.012419442958277,0.10000000009097372,3.5177748974674126,0.10000267212522525,5.769788049653681,0.10001255936915542
prefoldin,0.10000319500346559,0.10000000001539329,0.10000295756099106,0.10000791862368391,0.10000092652542526,12.099985002194778,0.10000000001427777,0.1000000000143747,0.10000000001473974,0.10000000002656345
present,0.10004512096523893,0.10013360779628276,5.442773647963117,0.10035130850674549,0.10000000024867105,1.0996543774521637,4.7048355830266555,1.1516372059356625,0.10000000024165202,0.10056914768691465
Mutant,0.10000529721350679,0.10001083683605198,8.0567746081243,0.10000603068388947,0.10008602836095956,0.10000000038759922,4.143058336215316,0.10001117111343247,0.10001062641333996,0.10003706460783146
prevent,0.1001809613941957,0.10061463554452134,6.099411676355562,0.10002446975331662,0.10000760204110853,0.10003906835072536,0.10003111174264528,0.1000673607258861,0.10000245750601118,6.099620656405698
twin,0.100005256166305,0.10000000004415388,0.10000687068761269,0.10000886849638235,0.10000885742145614,0.10000879955955742,12.099959560115092,0.10000178737752845,0.10000000004227082,0.10000000007623537
Membrane,0.10000000011589343,0.10001270921837321,0.1000001645869422,0.10000000009743278,9.099927636919832,0.10000000013504412,3.0999948258800294,0.10006466279318159,0.10000000007976897,0.10000000014387901
0000307,0.10000000002089711,12.099989477535479,0.10000060452217117,0.10000636267163857,0.10000000001480439,0.10000355515908811,0.10000000001392578,0.10000000001402963,0.10000000001439852,0.10000000002594554
polymerases,0.10000039809720151,0.10000593990730132,0.10026889845399212,3.2401145164352765,0.10000010386846837,8.959594405414807,0.10000000002953938,0.10000055611343087,0.10000602868724086,0.10000915297622041
allele,0.1000569435910279,0.100127466211383,3.099823254747659,0.1000009696828133,0.10013911897856861,6.099844666233725,0.10002190422801173,2.099987679002339,1.0999765323051336,0.10002146492386987
2amino4hydroxy6hydroxymethyldihydropteridine,0.10000000001636647,0.10000186807822725,0.10000000001281925,0.10000000001375936,0.10000000001159438,0.10000201466201629,0.10000477218249061,0.10000000001099679,12.099991344983515,0.10000000002029238
1diphosphate,12.099878298522137,0.10004072538798539,0.10000000005948935,0.10000000006376263,0.10000000005385457,0.1000000000884136,0.10000000005056765,0.10000000005099763,0.10008097559981537,0.10000000009415365
0000105,0.10000000003918302,0.10000030420950194,0.1000006524966729,2.5191684913304258,0.10000084448182603,0.100000000045691,0.10000061435242744,0.1000000000263339,9.680829092956657,0.10000000004863453
0005099,0.10000000004079586,0.10006764313588765,0.10000000003193704,0.1000000000342701,0.10000272037325347,0.10000067293075142,0.10000000002718915,12.099928963327104,0.10000000002805823,0.10000000005055304
A2,1.1086567355062396,0.10000571733768562,0.10000592110057958,0.10000134559039085,0.10003645244652236,0.100000915106253,4.839934608636475,0.10000073946768247,0.10000297548253063,6.351354589297933
ratelimiting,0.10000189201600237,0.1000018576251566,12.077587669902009,0.10001316487197637,0.10003584751391861,0.10000000024928937,0.12211276919631647,0.10000311115984892,0.10024368712694953,0.10000000026499692
surveillance,0.10000200862569877,0.10000000001982606,12.099935050673539,0.10001400636385169,0.10000307662353874,0.10001297355563936,0.10000205429239006,0.10000026327951879,0.10000770132991946,0.10002286522106364
0004410,0.1000000000276487,0.10000000001984177,0.1000000000216053,0.10000000002316872,0.10000000001955234,0.10000000003211704,0.10000378980955897,0.10000000001851535,0.10003862282736051,12.099957587188461
Conserved,0.10000020204650271,0.5231400414598025,0.43893464195615484,1.1087436057555646,0.10002791441830354,0.10005064160829208,6.622986005499026,2.8753968098434264,0.10000054599287633,1.0307195913636817
TORC1,0.10000077616564618,7.899219037962638,0.10001000764262302,0.10001603463211156,0.10000099538063592,4.300719946881019,0.10000106592669708,0.10002514780555817,0.10000000005152698,0.10000698753010935
0004314,0.10000000001103539,0.1000000000079293,0.10000000000866743,0.10000000000927133,0.10000000000781957,0.10000094043996854,12.099998820043172,0.10000000000740436,0.10000023944443344,0.10000000001368808
0004313,0.10000000001103539,0.1000000000079293,0.10000000000866743,0.10000000000927133,0.10000000000781957,0.10000094043996854,12.099998820043172,0.10000000000740436,0.10000023944443344,0.10000000001368808
0004252,0.10000000031893898,11.099787218023684,0.1003825985448262,1.099596622205157,0.10001280955302626,0.10000178602090755,0.10018707660678784,0.10001710226347339,0.10001478593815837,0.10000000039649336
TOM,0.1000000000205352,0.10000000001475891,0.1000000000161043,0.10000000001725873,0.10000000001455799,0.10000000002395235,12.099995343485766,0.10000462793990726,0.10000002843420987,0.1000000000254904
structures,3.422546788637727,7.450237149927372,0.10004903460486986,1.4270122489507573,0.10001814162856744,0.10002553038158887,0.10000456060042423,0.10003012124077394,0.10001631831076922,0.10006010566636889
0004156,0.10000000001636647,0.10000186807822725,0.10000000001281925,0.10000000001375936,0.10000000001159438,0.10000201466201629,0.10000477218249061,0.10000000001099679,12.099991344983515,0.10000000002029238
0004150,0.10000000001636647,0.10000186807822725,0.10000000001281925,0.10000000001375936,0.10000000001159438,0.10000201466201629,0.10000477218249061,0.10000000001099679,12.099991344983515,0.10000000002029238
TFIID,0.10000047822344828,0.10000141932569619,0.1000023435461429,12.093304584854781,0.10000000001736184,0.10666997791333321,0.100000000016339,0.1000000000164581,0.10000014551266515,0.100021050563805
10,0.10003344517508367,0.10003271988673522,0.10004165661034044,0.1000000001264993,1.0999679769604465,0.10000917139761463,0.10004064764759386,0.10001078607620313,0.10000261369409115,11.099860982381431
strongly,7.554289413646864,0.10032620063697126,0.10007913556076185,0.10010867670953887,0.10001992541803424,0.10059043667046381,0.10003099305301406,3.643981842593895,1.0999989769325333,0.10057439852231326
splice,0.10000000003136204,0.10000000002255661,0.10000000002458645,0.10000064137505217,0.10000258379628864,8.195467131262017,0.10001044733536467,0.10000000002107814,4.004513278260811,0.10000591785763532
Sacetyltransferase,0.10000000001103539,0.1000000000079293,0.10000000000866743,0.10000000000927133,0.10000000000781957,0.10000094043996854,12.099998820043172,0.10000000000740436,0.10000023944443344,0.10000000001368808
Ste12p,0.10000282104206405,12.099860041310702,0.10001379771050244,0.10001145740495972,0.10007082358399222,0.1000019783832844,0.10000543998404438,0.10002531515305241,0.10000000008439809,0.10000832530997358
Snf1p,0.10000009039298711,8.816320722820373,0.10000447088678402,2.361072326804031,0.10000544112318684,0.10000085207747718,1.1225928950546784,0.100000000043506,0.10000320069239765,0.1000000000803632
0003848,0.10000000001636647,0.10000186807822725,0.10000000001281925,0.10000000001375936,0.10000000001159438,0.10000201466201629,0.10000477218249061,0.10000000001099679,12.099991344983515,0.10000000002029238
0003938,0.10000000002354545,0.10000000001692329,0.10000257500473203,0.10000138932049257,0.1000011130412084,0.10000000002746244,0.10000000001571296,0.10000061928825671,12.099994303225074,0.10000000002919286
Smalonyltransferase,0.10000000001103539,0.1000000000079293,0.10000000000866743,0.10000000000927133,0.10000000000781957,0.10000094043996854,12.099998820043172,0.10000000000740436,0.10000023944443344,0.10000000001368808
Ty3,0.1000000004710968,0.10000709756050769,2.151709423497267,0.10000164785764863,6.04824627272041,0.10000000054887792,0.10000000031400347,0.10000000031630914,4.100029263482198,0.10000629320799735
ExtraCellular,0.10000529721350679,0.10001083683605198,8.0567746081243,0.10000603068388947,0.10008602836095956,0.10000000038759922,4.143058336215316,0.10001117111343247,0.10001062641333996,0.10003706460783146
synthetically,2.515772309376016,0.1000696824861449,0.10001087872295071,0.10000037610260734,4.525668506241615,0.10000572605049467,2.4198276473474456,1.7667995283321933,0.10000259884468253,1.2718427464476165
Ran,0.10000335000559611,0.1000200311976214,12.096052086264693,0.10000383250454584,0.10000000003850658,0.10001004385588158,0.10000125811798058,0.10390060144916309,0.10000083361620221,0.1000079629311115
represses,0.10002983844150495,2.8397262196085054,0.1000413055524525,5.163255694959947,0.10000000007908207,4.29691522950599,0.10000040856561837,0.10000085762755313,0.10001551054991908,0.10001493507619554
0005355,0.10000000001560831,0.10000018520738484,0.10000000001223029,0.10000000001312415,0.10000088756225814,0.10000000001818386,0.10000000001041429,12.099998927124064,0.10000000001074594,0.1000000000193659
X,0.10000000025301858,3.9471049917494887,5.939920680756601,0.10000134523763368,0.10002794593883296,1.4129279467506486,0.10001802854786455,1.0999951875773977,0.1000038728380743,0.10000000031404267
0000794,0.10000047047826276,0.10006411977872333,12.099620758776277,0.10001042416337727,0.1000156853345708,0.10028793363068078,0.10000060718623491,0.1000000001532732,0.10000000015727883,0.10000000028337981
0000921,0.10000008426878734,11.462722618011458,0.1000145799261335,0.10000000002635845,0.10000000002219464,0.7372589571802941,0.10000000002088222,0.10000170327001093,0.1000000000215872,0.1000020572372318
responsive,0.10000056761989824,10.36828959172846,0.1324452452217692,0.10009389939465965,0.10001428485356424,0.10000081307614925,0.10004297641722085,1.7991082938943175,0.10000432756320468,0.10000000018054772
Rad51p,0.10000067937043904,12.099958709176905,0.10001251818272619,0.10000073469505334,0.10000000001886869,0.10002423195978832,0.10000000001773837,0.10000000001786612,0.10000312651546886,0.1000000000330335
0005100,0.10000043302835686,12.099997852928647,0.10000000001076195,0.10000038903608054,0.10000000000974457,0.10000000001600573,0.10000000000915785,0.10000132492833659,0.10000000000946951,0.1000000000170378
GDP,0.100025777017251,5.232556330071725,0.10000102966830805,0.10000378176020801,0.10000413632298777,0.1000025020609931,0.10000326857493862,6.967397708639712,0.1000047032416144,0.10000076262176356
CAF1,0.10000000009256416,12.09985058046021,0.1000000000726039,0.10004244401333237,0.10000000006551818,0.10010697496702808,0.10000000006169181,0.10000000006213247,0.10000000006373677,0.10000000011499201
U4,0.10000031521407367,0.10000000005555312,5.914863518493799,0.1000044274969971,0.10000075576184671,6.285096149800611,0.10000000005151802,0.10000000005189756,0.10000432161923715,0.100030511439503
Rpd3L,0.10000000005848361,0.10000631341727635,0.10000039052207713,0.10018419711787598,0.10000376217675039,12.09978232112588,0.10000000003897114,0.10000022208744393,0.10000059436628891,0.10002219905036858
0004806,0.10000000004538098,0.10000177095148118,0.1000039162248616,0.10000000003815965,0.10003464888609645,0.100000000052889,12.0999594860195,0.10000017767942306,0.10000000003129136,0.10000000005634284
0004725,0.10000364343866204,2.8652863187961533,9.334705804062246,0.10000000004213042,0.10000423342356475,0.10000000005844661,0.10000000003340442,0.10000000003367843,0.10000000003451312,0.10000000006227165
S9,12.099985731333582,0.1000000000119721,0.10000000001303003,0.10000000001398833,0.10000000001177786,0.10000019145911913,0.10000042316627582,0.1000000000111662,0.10000000001145473,0.10001365396164187
Factor,0.1000052089161691,2.2022164155050516,7.997696675135975,0.10005006919916903,2.0999276499318245,0.10003332926462102,0.10000519157632186,0.10005962577215716,0.10000486996429783,0.10000096468770844
0004713,0.10000033626145682,12.099992919502073,0.10000000001117093,0.1000027292817511,0.10000193980391688,0.10000205986954583,0.10000001522583424,0.10000000000956988,0.10000000000981397,0.10000000001769029
0004691,0.10000000001212145,12.099999999900055,0.10000000000948378,0.10000000001016485,0.1000000000085649,0.10000000001410002,0.100000000008075,0.10000000000811748,0.10000000000832596,0.10000000001502042
tRNAintron,0.10000000002903522,0.10000000002087958,0.10000000002276253,0.10000000002440318,0.10000000002056927,0.10002502220006336,0.10001265713043972,0.10000000001951315,12.09995604802795,0.10000627249164452
U6,0.10000000001986534,0.10000000001427628,0.10000344645281042,0.10000143472649939,0.10000201275397715,12.09997428738167,0.10000183222159402,0.10000000001333362,0.10000559648300096,0.1000113899250846
dolichyl,0.10000000001641283,0.10000000001182889,0.10000000001286896,0.10000000001380159,12.099999368530703,0.10000056055539418,0.10000007081010878,0.10000000001103002,0.10000000001131146,0.10000000002036655
permeases,0.10000000002435931,0.1000000000174967,0.10000171960550401,0.10000000002045586,0.10000270275132209,0.10000000002836335,0.1000006175388458,12.09999485475476,0.10000010522123073,0.1000000000302074
L11,12.099970532522308,0.10000000001497504,0.10000380925679837,0.1000000000175142,0.10000000001477313,0.10000149340368576,0.10000000001387899,0.10000000001398657,0.10000000001434313,0.10002416471979686
0045041,0.10000030778127346,0.100000000015588,0.10001638755617577,0.10000000001822093,0.10000000001536255,0.10000000002526559,12.099982344285078,0.10000046668616529,0.1000004935802627,0.1000000000269581
correct,0.10003062646605558,0.10004375341495254,1.3450039156723932,0.10002615852406234,0.10001932631817138,4.609855841716347,3.376211476782707,0.1000019338780491,0.10001165674018048,3.0687953104411188
capable,0.10000059789308513,0.3289906156719653,0.10003381317078207,0.10001184095819148,8.503604894999341,0.10000435177052192,0.10334765472239812,0.10000012695210223,2.4640055318691725,1.1000005719458021
calciummediated,0.1000007061778686,9.22492290591184,0.10000000006654333,0.10010673956272984,2.974936410430571,0.10000000009894071,0.10001619301973792,0.10001100468841083,0.10000603990072149,0.10000000010524665
0042908,0.10000000003793541,0.10000000002728483,12.099952900297453,0.1000000000319172,0.10000000002689363,0.1000000000443058,0.1000000000253337,0.10004709942033853,0.10000000002613364,0.10000000004707814
0009306,0.10000671971271821,0.10003153414863947,0.10000271336455638,0.10000320510728895,0.10000890340905505,0.10000243487988289,0.10000029408063782,12.099934365455399,0.10000000003727096,0.10000982978656642
microtubulebased,0.10001901981223496,0.10000499558187022,0.10000154797535665,0.10000318092627275,0.10000461476978391,12.099964699506735,0.10000041772902425,0.10000152363139239,0.10000000002060791,0.10000000003712398
0043169,0.10000594441840983,0.10002109011297473,0.10009613684451549,0.1000045281891076,0.10028741486216804,0.10000000042666829,12.099529406792811,0.10002811076845987,0.10001824678839602,0.10000912069983793
0006541,0.10000003262669738,0.10000011446187686,0.10000274318706535,0.10000024964765744,1.2452539972859655,0.1000000000823678,0.10000010851816961,0.10000000004746082,10.954742233331823,0.10000052079526495
0044237,0.10042329559304343,0.10004363934337339,1.725991213336402,0.1000311885591654,0.10001840024323543,0.10003469451601334,0.10002183811518314,0.10000000012866853,10.473421483997903,0.1000142460693579
critical,0.10000641432259931,0.10001681412273643,0.10001740811621898,0.10000858161533717,0.1000011858680066,8.889362246697507,0.10003025627623247,1.123965046081538,0.10001886940551062,2.2865731774576994
oleic,0.10001033937120762,0.10000764605922431,0.10000334847122565,0.10026775212627687,0.10000164988739517,0.10000171377238835,12.099705985277366,0.10000017772455483,0.1000013871232393,0.1000000001326265
0045047,0.10000131057203353,0.1000000000323161,11.446732497040037,0.10000009214112261,0.7532578560540368,0.10000000005234484,0.10000000002995602,0.1000055017309623,0.10000274227959423,0.10000000005578366
belongs,0.10000379991936885,0.10000162500118788,3.4955556044150224,0.10000089339225389,0.10003773179205289,0.1000000002638816,0.10001931631561253,8.70415563117006,0.10000905340328523,0.10021634427511844
0045332,0.10000000003025158,0.10001949579145261,0.10000548843394819,0.10000000002542941,0.10000516047210035,0.10000000003525619,0.10000000002017562,12.099969855120726,0.1000000000208575,0.10000000003752435
before,0.10003910867074998,0.10007019460833705,3.0746504081740484,0.10000434236126293,2.2151764141748607,4.073960873897095,3.036088792918925,0.10000195179834025,0.10000000011437792,0.10000791323585966
0006465,0.1000002234513619,0.10000041817078666,12.099984310755197,0.10000000001907901,0.1000074737434389,0.10000000002646951,0.10000723497060997,0.10000033881043781,0.10000000001564278,0.1000000000282488
necessary,0.10000094394308039,0.10003395445674051,3.73887707707706,0.10000282338521874,0.10101984927858632,8.459947131769507,0.1000221495676227,0.1000206806601702,0.1000019365228198,0.10007345330165408
cyclic,0.10000295231863016,5.4765955727488,0.10001539761411,0.10001381858967169,0.10001491823767993,0.10001442471538166,0.10000600688869987,0.1000041676278244,6.723328276929661,0.10000446430335497
cytosine,0.10001225114049189,0.1000204125432456,4.912983093851047,0.10000000008553367,0.10000048882382975,0.10000000011855352,0.10000427153580493,7.042887949542733,0.3439496243702295,0.10014190794734941
0015758,0.10000000001560781,0.1000003704091855,0.1000000000122301,0.10000000001312481,0.10000088756226583,0.10000000001818647,0.10000000001041502,12.099998741922215,0.10000000001074541,0.10000000001936545
carboxylyase,0.10000021799089862,0.10000048110761926,0.10000736059399284,0.10000585758743848,0.10001088913008493,0.10000000005877607,0.10000892776966815,0.1000020037846358,12.099964261900926,0.1000000000625962
cardiolipin,0.10000000004851803,0.10000049598303688,0.10000000003803249,0.10000104589743712,0.10002145101574535,0.10000000005648721,12.099974569289415,0.10000052146528388,0.10000100207448911,0.10000091411988865
controlling,0.10002413411400674,0.10002996105600458,1.9786320976620237,0.10033626651803944,0.10005826622775457,6.552142431570204,1.7734722020349718,2.095285253999113,0.10001909860607744,0.10000028810645516
0035091,0.10000086154468973,0.10000121717062975,0.10000740486518428,0.10000000010471569,0.1000225594036682,0.10000070896157817,2.0999784797422194,10.099987892464505,0.10000013588284726,0.10000073983891546
0031119,0.10000015043376281,0.10000000002090209,0.10000000002281173,0.10000000002445673,0.10000061647814808,0.10000317004418596,0.10000336603814881,0.10000000001952626,12.099988778991106,0.10000391791893365
histones,0.10000321896333725,0.1000021067509406,3.0481244140898958,7.6383867353212205,0.10001004651982275,0.10001551947613462,0.10000000009511256,0.10000567238554238,1.6133402825999572,0.10011200375977179
hydrolyzes,0.10001236312250485,0.10000953519235951,8.809657156544684,0.10000121105386112,3.390299408168464,0.10000151517923349,0.10000901721184675,0.10000415293291451,0.10000540264117737,0.1000002379326352
0031105,0.10000000013407837,0.1001686751786171,0.10000000010517003,0.10000000011276018,0.10002357538426526,0.10007260708143616,0.10000000008939458,0.10001979244015867,0.10000000009239636,12.099715349327829
0008028,0.10000000002433666,0.10000000001748129,0.10000000001905744,0.10000000002043927,0.1000031705341679,0.10000000002833268,0.1000003471726809,12.099996482129406,0.10000000001676021,0.10000000003018106
0008379,0.1000015252096158,0.10000485320298262,0.10001318099669526,0.10000000003644416,0.10000032989084864,0.10000000005050547,0.10001849657015896,12.09996161394504,0.10000000002985213,0.10000000005375863
common,0.10000665080963382,0.10000000011714702,0.10000000012766977,0.10003011311324472,0.10002764448953451,9.10001265094241,2.0999064368079003,1.0999506261658025,0.10005900853689609,0.10000686884410984
colocalizes,0.11995967214649035,8.452637803770632,2.6542181846706963,1.1730037683618715,0.1000733519757357,0.10004758390540612,0.1000485126283567,0.10001087939675186,0.10000024261916715,0.10000000046935961
0008559,0.10000000003793541,0.10000000002728483,12.099952900297469,0.1000000000319172,0.10000000002689363,0.1000000000443058,0.1000000000253337,0.10004709942032024,0.10000000002613364,0.10000000004707814
inducible,0.10000119209369461,0.10001716866419706,3.259673933893894,0.10001536373885082,0.10005688966304455,0.10000000021109325,7.659262855459808,1.3809403532080107,0.10002964098265489,0.10000260203998981
0032851,0.10000000002712638,0.10000812839457907,0.10000000002124747,0.10000024931175283,0.1000013566487083,0.10001552083791326,0.10000000001805945,12.09997105297439,0.10000000001865392,0.10000369173689759
0007039,0.10000108040033248,3.1440776180236907,0.10010501472906216,1.81343074507949,0.10000802204854521,0.10000000020207776,0.10000328800982317,7.3423715122813995,0.10000172482734597,0.10000099435661272
0007035,0.10000000003895912,0.10000398756922083,3.169703222740617,0.10000000003276065,0.10000000002759848,0.10003244672643445,0.10000000002597022,9.030260342745986,0.10000000002683682,0.10000000004834894
killer,0.1001186687087156,0.10008489589153582,10.02015276420176,0.10001269440823882,0.10006859449438811,2.1794138565813967,0.10000679375196846,0.10000444657974719,0.10000000022564857,0.1001372850788637
glucosyltransferase,0.10000217186099376,0.10002692616337784,0.10000000006468021,0.100000000069317,12.099947614528553,0.1000000000960825,0.10000000005502974,0.10000041442039372,0.10002287262232992,0.10000000010235115
0034045,0.10000041726930518,12.099830261400673,0.10001753678831334,0.10000129112654915,0.10000446734987352,0.10001008294989379,0.10000790401990645,0.1001280388229437,0.10000000008287144,0.1000000001494358
largescale,0.10000194982950998,0.10000173669686394,0.10000934750661035,0.10000027858643586,12.099972259732827,0.10000081542360945,0.10000334616416666,0.1000102658983588,0.10000000005341911,0.10000000009634086
0034220,0.100004006781231,0.10000242510536543,0.100006788044997,0.10000000003627633,0.1000060270557777,0.10000086568035083,1.2357344223178874,10.964245464875644,0.10000000002971933,0.10000000005355356
contain,0.10000556311519669,0.10000228803525973,6.941740962687866,0.1000000673830225,0.10026108989251308,0.10000123495612608,2.1700611089620776,3.1878425584936934,0.10002201932815621,0.10006310706022631
0015914,0.10000000003512502,0.10000263979416892,0.10000354280203577,0.10000000002953534,0.10001478813704788,0.1000000000409293,0.10004089654830906,12.099937859712607,0.10000000002421125,0.10000027286149571
0030134,0.10000000003244988,0.10000193642361707,0.10000000002543949,0.10000095436028704,0.10001923548374672,0.10000031391842797,0.10000074814793705,12.099974363799621,0.10000000002234252,0.10000244777478327
0016050,0.10000000002740096,0.10000102870443937,0.10000135955706929,0.10000000002302376,0.1000505463482603,0.10000088596655367,0.10000000001826445,12.099946179292214,0.10000000001885695,0.10000000003400486
0071042,0.100000043039648,0.100000000012259,12.099968729263974,0.10000082492425576,0.10000000001207805,0.10000237432084093,0.10000000001138282,0.10000000001145007,0.10000691639658589,0.10002111199778026
0070481,0.10000227856189527,0.10000309884313449,12.099924479265503,0.10003165842284523,0.10000117305126684,0.10002127524756517,0.10000011010062018,0.10000069241565762,0.10000288404748187,0.10001235002736113
autophosphorylation,0.100000072383465,12.099994335661025,0.10000000001243453,0.10000147179279739,0.10000082427436532,0.10000052667923524,0.10000001522691333,0.10000275393208993,0.10000000001092589,0.10000000001967989
0016042,0.10000000004074663,0.10000041674101992,0.1000046665813955,0.10000069476675785,12.096496319487443,0.10000182267519155,0.10349607959173006,0.10000000002738685,0.10000000002808829,0.10000000005056378
peptidylhistidine,0.10001691976439299,0.1000000000726822,0.10001290864277268,0.10000000008496525,0.10001371252011973,0.10000000011785681,0.10000000006742148,12.099918063783385,0.10002814897829497,0.10001024594685705
architecture,0.10000359609706362,2.099952686674612,0.10001244691784067,0.10000000004666769,0.10000029469726839,0.10002572420616407,10.100002732986614,0.10000251824653288,0.10000000003819148,0.10000000006888521
palmitoylated,0.10000319421818729,0.10003767433745123,0.10000457698699673,0.10000101391796112,0.1001111602600839,0.10000000050321946,2.361135998233098,8.04133822818423,1.8973681527669262,0.10000000053595273
p24,0.10000000013480181,0.10000000009667992,0.1000000001053335,0.10000000011292141,0.10002165163348052,0.1001081932005729,0.1000021122275087,12.099868042204553,0.10000000009252613,0.10000000016690008
arseniccontaining,0.10000000007559275,0.10000899824254567,0.10004133684888457,12.09987564690652,0.10001407003434992,0.10000015369784969,0.10000743947807178,0.10005161239705235,0.10000074219549229,0.10000000009379773
0006312,0.10000006083000226,6.829942331747584,0.10001189597761141,0.10001003405209753,5.369948252004245,0.10006392018942414,0.10000986820585366,0.10000035739366585,0.1000064534247282,0.10000682614547976
peptidyllysine,0.27000574843168534,0.10005750974730687,0.10007266746733147,2.9703006843456383,0.10002143431824152,0.10021404204220141,0.10005022415581534,9.059163158415702,0.1000449046440744,0.1000696263296164
electrons,0.10000002906748238,0.10000000001162714,0.10000060177397518,0.10000000001361573,0.10000013355426263,0.10000320642718064,12.099994418304709,0.10000119499717107,0.10000041582257489,0.10000000002006935
aspartate,0.10000000005438449,0.10000000003907124,0.10000000004257435,0.10000000004564036,0.10000000003852724,0.10000000006325865,12.09995394914095,0.10000401121576277,0.10004203927648586,0.10000000006738653
0051015,12.09990264459074,0.10005692796146295,0.10000000003422378,0.10000000003668018,0.10000045717138827,0.1000123177938961,0.10000221092764551,0.10002248994675074,0.10000233124722838,0.10000062026720516
orthologous,0.10000202690894279,0.10014053080389382,0.10006367152121398,1.1052801930724596,4.194151319725831,7.0003330347496995,0.10000506062679669,0.10002221099996934,0.10000000013021715,0.10000195139803668
eIF4G,11.518776528438758,0.10000288824133373,0.10001607305150534,0.6811597380989813,0.10000000002463205,0.10003533799796566,0.10000000002317423,0.10000040043630296,0.10000209775129384,0.10000693591778051
antigen,0.10000280650426382,2.33273197775095,3.3466371628717426,0.10001463415140899,0.10005607884181289,0.10002366804696247,0.10000046168310336,3.080032352479959,0.10000587743843058,3.6404949801867925
0019740,0.10000000005868696,0.10000000004213366,0.10001782741079761,6.0999605080435195,0.10000010467170331,0.10000132592887308,0.10000108531656038,6.099999703903841,0.10001944453154032,0.10000000007268886
0016831,0.10000021799089862,0.10000048110761926,0.10000736059399284,0.10000585758743848,0.10001088913008493,0.10000000005877607,0.10000892776966815,0.1000020037846358,12.099964261900926,0.1000000000625962
downstream,0.10000070620378164,9.191698887334052,0.10000000006417206,1.1495767883945773,0.1000184193207539,0.10000000009544739,1.9586972832894847,0.10000764685136959,0.10000026831809569,0.10000000010161073
0006015,12.099878298522139,0.10004072538798539,0.10000000005948935,0.10000000006376263,0.10000000005385457,0.1000000000884136,0.10000000005056765,0.10000000005099763,0.10008097559981458,0.10000000009415365
dioxygenase,0.10000968067398684,0.10000000030073478,0.10009666684287942,3.9350221040208653,0.10003877329806643,0.10000494352083497,0.10027032513157273,2.264789789386013,6.099766548916928,0.1000011678042131
0008301,0.10000038477620435,0.10001449524502176,0.10000000004075157,0.10007897495215366,0.10000165540922919,11.099897633265995,0.1000065342458535,0.10000000003497934,0.10000000003579075,0.10000032197245116
SCFdependent,0.10000000002715646,0.10000311871365379,11.099990387773902,0.10000000002282403,0.10000091469467,0.10000271889812797,0.10000285979169522,0.10000000001824846,0.10000000001870708,0.1000000000337007
0030554,0.10000000020388489,3.083879099567145,0.10000419535752582,0.10000621082395376,0.10000363679522895,0.10000642241679161,1.1371741756252178,0.10008487162554917,7.078841387287433,0.10000000025318302
computational,0.1000029894242877,0.10003371297797761,4.856429766903096,1.4809113021375973,0.10017226209129483,0.1000008272866039,2.12656637882395,2.935882759192538,0.10000000038928049,0.10000000070226557
S2,0.10032303429169535,0.10000065608405308,0.10000151559506786,0.10000000020027101,0.10000000016875424,1.0995923837382326,0.10005072547333596,0.10000050967160938,0.10000000016428895,10.100031174547638
verified,0.1000061051827813,11.099899661695096,0.1000000000769268,0.10000000008235595,0.1000669304715251,0.1000000001147126,0.10000676392601675,0.10000000006584746,0.10002053823676989,0.10000000012173026
fumarate,0.10002793321844297,0.1000000001735104,0.1000104040565119,0.10000000020284473,0.1000364849323705,5.099903851225287,0.1002094433670615,6.099811882290543,0.10000000016623993,0.10000000029905207
vegetative,0.10000269140668007,11.09996859135165,0.10000827309706586,0.10000766547134932,0.1000030166378771,0.1000080608254072,0.10000005425281633,0.10000000001515393,0.10000044770795823,0.10000119922303584
heterotrimeric,0.10000000006339747,8.841255572962506,0.10000500773491494,0.10000115527360298,0.10001360667881803,0.1000051654097718,0.10000037160407826,2.358719120132435,0.10000000004361183,0.1000000000786182
Required,0.10001682085736656,0.10001068280257286,3.425872888084884,0.16409425640546588,3.051447707389732,4.758220213738586,0.10025025702390966,0.10002221461085106,0.10002456956818362,0.10004038942654059
SH3,11.099843807711677,0.10012771603947684,0.10000277154827562,0.10000000010342246,0.1000135321349426,0.10000840598672749,0.10000017088669498,0.10000359531667304,0.1000000000846528,0.10000000015301395
synthetic,0.10000223424551173,0.10011874868555196,2.3197295668511666,0.10001640379652797,6.172127447283867,0.10014979626635305,0.10000701310997351,2.8076580583113966,0.10000478538512193,0.10018594597696008
donor,0.10000089545045342,0.10000021331979667,0.1000119214285168,3.266886654610941,2.0999967257673733,0.10000074762716209,5.921225933244609,0.11187113973767954,0.10000552868678864,0.10000024010022601
targeted,0.1000010517674519,0.10006498448445834,2.130357841954124,0.10000151051870744,0.10005310240006585,7.0694813011847275,0.10003796990639777,0.10001708528597629,2.0999851522211737,0.1000000002233359
consensus,0.10000186797979707,0.10023536277366954,0.10002216934424166,7.864753690588608,0.10004118918751229,3.3339601211908736,0.10002747295077528,0.1001149834956337,0.10069456184823576,0.10014858051886949
0001522,0.1000002958896968,0.10000000013410058,0.10000000014630984,0.10000000015685347,0.10000038665048333,1.432821136993151,0.10000255521060317,0.10000000012524408,9.766801352681892,0.10037427195853603
0001671,0.10001456231933227,0.10000000006200103,8.948173000215077,0.10000085304030355,0.10000114642907845,0.1000035616850756,0.9210002878673593,1.4307390454292472,0.10000000005930994,0.10006754286469119
0017183,0.10001851760681416,0.10000000006928116,0.10001412709776146,0.10000000008098994,0.10001117631772105,0.10000000011235262,0.10000000006427882,11.099925367625929,0.10003081088462754,0.10000000011967744
deoxyribonucleoside,0.10000943576904124,3.12039202104715,0.1002138025750821,0.10000000019633458,8.079311470420532,0.10001674119170903,0.10001849122438554,0.10000000015699158,0.100038037062524,0.10000000028960072
M,0.1000072157239654,8.0168303679997,0.10000067974733405,0.10000387001496282,0.1000191540555514,0.10000784133875262,3.0711524991068395,0.21166341360590904,0.100017739732756,0.10029721861264045
Meiosisspecific,0.10000240667175186,0.10001960649587285,0.10897561509829037,0.10000059102638907,1.749129033804357,9.441862462705421,0.10000000004474897,0.10001015829750667,0.10000000004621666,0.10000012579161915
Major,3.65352840834223,0.10004257960766262,0.10003181497441731,0.10011425936275146,0.10011039280370969,0.10000276707837245,3.8914437516584446,0.10001042771016642,3.7547155980904083,0.10000000029645938
0031072,0.10000772959343876,0.10000620594659225,9.476345818080546,0.10000361527323817,1.5493695906669758,0.10000487132272388,0.27425471178368105,0.10000372245912773,0.10000000005253448,0.10000373480026813
variety,0.10000037264245465,4.263108882959714,6.936850814697762,0.10000000004623898,0.10001589492880508,0.10000050628897511,0.100014455725936,0.10000085803549809,0.10000821458603734,0.10000000006820696
0000372,0.10000336931819631,0.10000000002036681,0.10000147880454748,0.10000134575065223,0.1000000000200656,11.099970813550229,0.10001455799048689,0.10000050989773784,0.1000079246029269,0.10000000003519334
L14,11.099999130016023,0.10000000001093312,0.1000001812260022,0.10000000001279492,0.10000000001076668,0.10000032820000988,0.1000003604794122,0.10000000001020823,0.10000000001047324,0.10000000001888187
cytoskeletal,0.16788170591706933,11.032108172221191,0.10000066325790231,0.10000038493700786,0.10000000002318436,0.10000282802663009,0.1000000000217945,0.10000506574774393,0.10000000002249074,0.10000117981444741
endomembrane,0.10000134266320608,0.1000054945011821,0.10000463034014374,0.10000000006212023,0.10000347873809759,0.10003140086754403,0.10001638477090087,8.099985748076584,3.099945955067189,0.10000556488864802
HSP70,0.10000922024562439,0.1000000000169855,11.075078973982297,0.10000014867069366,0.12490954823122505,0.10000021710019184,0.10000000001574523,0.10000121631022102,0.1000003254393046,0.10000034997918249
enzymatic,0.1000806520200772,0.10000340252006175,0.10001580827829061,0.1000038462362738,0.10002933712030242,0.10000669897965474,0.1000036846131143,0.10000006572391275,11.099856504384553,0.10000000010350268
0015036,0.10000164136760699,0.10001765926646895,0.1000028454033063,0.10003929760433015,0.10000977291298559,0.1000000001141157,0.10008114903506096,11.099847634070832,0.10000000006740045,0.10000000012136692
cyclophilin,0.10000000004549642,0.10000000003270375,0.10001441287998054,0.1000040499491855,0.10000828662652735,0.10000000005302204,0.10000887239029346,0.10000106258337245,11.099962114809701,0.10000120061608025
0015918,0.10000079028852293,0.1000033425189767,0.10000000003636385,0.10000000003900966,0.1000317435933863,0.10000000005406388,0.10000022509000699,11.099962308560844,0.10000000003194351,0.10000158977297914
0019901,0.100000000020667,11.099989966051854,0.1000006615143042,0.10000555884220867,0.10000000001464639,0.10000381348122792,0.10000000001377655,0.10000000001388037,0.10000000001424056,0.10000000002565039
N,2.6442123013332415,0.10002295155995347,0.10002346555995108,0.10002676714671112,0.1000110523501576,0.10001290420083712,2.6966233300240905,0.10000539711711091,1.5720868214377537,4.486975009228719
HOG,0.10000065737204064,6.387919911207986,0.100025319372624,0.10000096289941748,4.812032903619344,0.10000000008926017,0.10000989260051182,0.10000636552939687,0.10000371294287747,0.10000027434461917
trinucleotide,0.10000000004503115,11.075708477570032,0.10000637164839829,0.10004187868454742,0.10000000003189996,0.10002507188706555,0.10000313088791367,0.10000000003024448,0.10000765042906669,0.1242074187652757
trisnRNP,0.10000020676054726,0.10000000001215573,0.10000000001326019,0.10000033260255926,0.1000000000119773,11.099990473629127,0.10000000001126987,0.1000000000113607,0.10000000001164558,0.10000898693125677
tubular,0.1000000000232013,0.1000019177021506,0.10000190853467097,0.10000000001949529,11.099984782365421,0.10000284439476667,0.1000032547888507,0.10000529211765284,0.10000000001597882,0.10000000002879048
0000413,0.10000000004848882,0.10001407715689001,0.10001217144769436,0.10000942713267345,0.10000666909064711,0.10000834594969149,0.10000732253324113,0.10000081965589845,11.099936414932849,0.10000475203430734
HMP,0.1000000000251203,0.1000075345715862,0.10000000001971973,0.10000000002112767,11.099991534334915,0.10000000002927145,0.100000000016749,0.10000000001686814,0.10000093092561253,0.1000000000312233
sulfide,2.099963363786864,0.10002135849221051,0.10001234017952905,0.10001098286289986,0.10000025671614264,0.10000861576743439,9.099837012727194,0.10001959246993669,0.10012647675042281,0.10000000019618215
NPC,0.10000131314016254,0.10000740948416566,10.089466369683445,0.10002335141354106,0.10000340432921306,0.10001304873969553,0.10000005036027773,0.10001547814265088,0.1000000000323371,1.1104695746527207
0010181,0.10000000040739657,0.10000000029291138,0.1000455818247524,0.10001070259870237,0.10005706940181196,0.10000071530771058,0.10019539894674878,11.099629455291952,0.1000590808400476,0.1000019950048504
Hsp70,0.10001037088391511,0.10000150531342418,11.099976788041834,0.10000000003143336,0.1000054805149951,0.100000000043526,0.1000027811704284,0.1000025068078318,0.10000000002572812,0.10000056715721005
undergoes,0.3204714685737812,5.480026794981523,0.10008854997513682,3.3974990566391536,0.10006594716717919,0.10004001681873076,2.2017991186283985,0.10000682553093886,0.10000110726343898,0.10000111436052558
toxicity,0.10000202804826301,0.10000357284668565,2.272286318701253,0.1000222322304765,2.800320997199682,0.10002231328146109,0.10002362706117449,6.227292416728691,0.10002175781201807,0.10000473605210909
toxic,0.10000000020294392,3.233833316772006,0.1001029867248493,1.2178712080007186,1.619615234967936,0.10000305588303333,0.10006659841901493,5.328493382562788,0.10001141869904778,0.10000279770321378
0000228,0.10000044632954858,0.10010538462203825,9.058682308212179,0.10003690174466111,0.10000000007462283,0.10010683936304765,0.10000448020720726,0.10000000007073852,0.10000000007271434,2.1410636392529887
threoninetype,0.10000000001769421,0.10000000001271178,11.099998176163838,0.10000016398939972,0.1000015384051337,0.10000000002061289,0.10000012133867624,0.10000000001188496,0.10000000001217169,0.10000000002196416
0000209,0.10000000021755769,0.10002566734792583,0.10022729881004451,0.10000000018296097,11.099725849517542,0.10000000025357186,0.10001348881125939,0.10000557209964378,0.1000021224331197,0.10000000026997477
Hsp82p,0.10000025390079455,0.10000106867789929,0.10011894810785096,0.10000095234747948,11.099809075467707,0.10000000021838597,0.10000133989280918,0.10000360947902749,0.10006475163292587,0.10000000023253441
threonine,0.10000126749524703,0.10000664256741283,0.10000000007884656,0.10000000008449703,2.0999829490186976,0.10000000011712233,0.10000412008031344,0.10000589997484371,9.099999120440733,0.10000000012473505
upregulated,0.10001187702933732,0.10001582395195116,2.169023210816905,0.1000002489297849,9.030744699956871,0.10000372081952702,0.10002364866680016,0.10002442579471708,0.10000000008843651,0.10015234390050626
copy,3.6107990419907865,0.10003612402816701,0.10002186220849948,1.5233328747469734,3.9190435987760828,0.10003275716038208,2.346697490949915,0.10001744575007449,0.1000039011442686,0.10001490319760672
thiol,0.10000000004370875,0.10000000003145423,0.10000045695075059,0.10000000003676217,0.10001039577872173,0.10000000005095462,11.099971286058318,0.10000000002937125,0.1000178609532998,0.10000000005430525
cooperates,0.49457488952420636,0.10010802591805305,5.006285814679762,1.0288968720016447,0.10000135461110818,2.757045696126488,1.2097531638540397,1.1032952464906876,0.10000000014941246,0.10003893657318767
0009085,0.10000000005788737,0.10000119139160486,0.1000000000453694,0.10000000004866066,0.1000000000410024,0.10000000006745624,0.10002480235261897,0.10000000003886282,0.10004218803760485,11.099931817901215
0031146,0.10000000002715646,0.10000311871365379,11.099990387773902,0.10000000002282403,0.10000091469467,0.10000271889812797,0.10000285979169522,0.10000000001824846,0.10000000001870708,0.1000000000337007
andor,0.10002075412336166,3.0143482355226627,0.10002217688852334,0.10001050189678742,3.620022112133972,2.123949845952103,2.19257095731197,0.10000119732664313,0.1000018994261803,0.5490523193778293
0031167,0.10000066193877939,0.10000000001112323,0.10000036862073795,0.10000391117993644,0.10000041929546892,0.10000104009702367,0.10000274828091112,0.10000005076813227,0.10000085740137835,11.099989942401173
0006334,0.10001899026593825,0.10000744130386426,0.10000085960427013,0.10001891760141873,0.10000392761977507,11.072547002841398,0.10000000002060397,0.10000000002076831,0.12738164537271496,0.10002121533521767
adhesion,4.697004714364103,5.1213761547003465,0.10001141432640481,0.10000000012629931,0.1000642736046397,0.10000000017526675,0.10000067601127484,1.4815427663674845,0.10000000010346853,0.10000000018640386
adenyl,0.10000000020388398,3.0838789832638476,0.10000419536431497,0.10000621082780585,0.10000363679772338,0.1000064224212652,1.1371744372640598,0.10008487098592608,7.078841242573905,0.1000000002531819
0051276,0.10001090719642812,0.10007310425116041,5.44849672377298,0.10002041577360897,0.10000793215862896,0.1002750594410206,0.1000058721743759,0.1000610600837384,3.1640124315218996,2.6870364935419926
orotate,11.099913115970024,0.10000000005741727,0.10000000006254485,0.10000000006703481,0.1000000000565797,0.10000000009296,0.10000000005323675,0.1000000000536254,0.10008688346552871,0.10000000009897789
pyrophosphatase,0.10000041156068959,0.10000521605032595,8.007250296412025,0.10000127596043093,0.10000020863726204,0.1000011075330742,2.026158142882139,0.10000000005263948,1.2665833407922122,0.10000000009717616
asymmetric,0.10000704449416274,0.10003352453842605,0.10000000004001153,0.1000029143846277,0.1000006397886151,11.099943085496289,0.10000008079775052,0.10000287789032702,0.10000195136787679,0.10000788118794136
0006379,0.10000364253334727,0.10000000002842929,0.10000037558651247,0.10006937872990689,0.1000014114109268,3.576672219819419,0.10000000002635752,0.10000000002657858,7.623212285701661,0.10004068610950256
pyrophosphokinase,0.10000435594983564,0.10001212974389095,0.10000222686252869,0.10000000004681575,0.10001228213256402,0.10000073482926697,0.10000174018998578,0.10000000003741896,11.0999665301257,0.10000000006912625
rapamycin,0.10000238176666816,3.487070782354605,0.10002020972154725,5.068656957656355,1.3650847852715071,0.10000881277964582,0.10002091502956241,1.4791046809436297,0.10002804557362081,0.10000242885845195
barrier,0.10000016678396817,10.095372693719405,0.10000458525087921,0.10000002961768362,0.10003837328112883,0.10011937850418445,0.10000475600858039,0.10000208145610046,0.1000000000855385,1.1044579352568167
oleate,0.10002879420535263,0.10001047147114916,0.10001342065626066,0.1002522018940037,5.289923759596964,0.10000316983134036,5.182502537071188,0.10000554042464647,0.8272568043500929,0.10000330042700503
nucleophagy,0.10000000008747109,11.099876404069125,0.10002526564770549,0.10000000007347735,0.10000447679930528,0.10001107284292671,0.10000124907692104,0.10007868260734225,0.10000042130035133,0.10000242746526965
noncatalytic,0.10000919270066323,0.10003518696183977,11.099900555554067,0.10000157052743806,0.10000655624821526,0.10001910609830929,0.10000000003931897,0.1000000000395942,0.10001708380105025,0.10001074800695774
accumulates,0.10003385041809515,0.10003419376528043,0.10002973951196371,2.2746504288150025,1.839496084494452,4.971476490571828,0.10009499642874255,0.10000343025559943,2.3141742265594876,0.10000655911553495
Zinc,0.10000000004937429,0.10000003951867967,0.10001874249418721,8.060337991528899,0.1000042701790358,0.10000090269845047,0.10000086964909488,3.1396334045460983,0.10000055589310192,0.1000032234256956
YLR465C,0.10000000017038059,11.099940074796837,0.10000000013350542,0.10000000014319108,0.10003529004697288,0.10000000019854378,0.10000409595708318,0.10000000011440267,0.10002053820875947,0.10000000021148797
nitric,0.10000000008058935,0.10000000005796407,0.10004707776734377,0.1000065886685476,0.10000000005706697,0.10000443923879365,0.10005881515344721,11.099883078791528,0.10000000005556288,0.10000000009997183
prohibitin,0.10000000009003622,0.10000435310254814,0.10000000007052441,0.10000000007561664,1.4514260231049838,0.10000133275846795,9.748564745914994,0.10000062491245967,0.1000000000619343,0.1000029198919357
48S,11.099996078827091,0.10000052839051375,0.10000015521113018,0.10000003157322779,0.10000000000723808,0.10000094462296653,0.10000000000681578,0.1000002117284306,0.10000002233638276,0.10000202729134731
0003714,0.10000039750106579,0.10000028118724964,0.10000088240033587,11.09998554644758,0.10000000001008685,0.10001020568046055,0.1000000359827361,0.10000000000956212,0.10000000000980658,0.10000265076415539
agents,0.10000000011925705,4.425230220861107,0.10002839634304689,2.967101190653502,3.9075584890894004,0.10000116587595441,0.10003030634948443,0.1000432435089208,0.10000698701015051,0.10000000014801257
0005881,0.10000141015911695,0.10000513238876457,0.10000137711391588,0.10000348088106294,0.10000062849169893,11.099985128387305,0.10000016055522673,0.10000123407159062,0.10000000000980136,0.10000144793515693
alphasubunit,0.10000863532647639,2.4670750706806817,8.732834421960842,0.10000042102940652,0.10002172490177877,0.10004979865691456,0.10000031152548042,0.10000000003843006,0.10000018532169051,0.1000094305328594
antioxidant,0.1000025037605659,0.10000748001191423,0.10005426819627375,0.10000323298521406,0.10001596558309905,0.10000000012978556,0.10002417022964921,11.099892378861218,0.1000000000767032,0.10000000013816353
plasmid,0.10000000016373185,0.10000737070998623,0.10001907249234224,0.10001786012429366,3.099954509734153,8.099967772142568,0.10000369808877474,0.10000629124909961,0.10000933285308757,0.1000140924172748
alpha16mannosyltransferase,0.10000000003106482,0.10000061652099965,0.10000000002434561,0.10000040720122039,11.099984804642386,0.10000641336952408,0.10000032962368711,0.1000071445199315,0.10000000002137822,0.1000002840366284
polyadenylation,0.10000000004344901,0.10001380825304454,3.143753149983178,0.10001027697895279,0.10000000003084791,8.056190685038466,0.10000000002895817,0.10000000002916865,0.10000995308011076,0.10002212651526292
0071038,0.10000009417195502,0.1000000000105516,11.099969024769095,0.10000147069276298,0.10000000001039708,0.1000046489970959,0.10000000000978622,0.10000000000985755,0.10000252755217309,0.10002223376695828
polynucleotide,0.10000000006559537,2.273381831722301,8.92658424743319,0.10000517724895273,0.10000335231660361,0.10000000007651937,0.10000000004367302,0.10000000004400442,0.100000000045165,0.10002539098790854
polypeptide,0.10010887994555176,0.10000644161679259,3.8672354329946224,0.1004252482630781,0.10003622328166072,7.332133362346635,0.10004175055962419,0.10000202347934868,0.1000050283912629,0.10000560900825065
0070651,0.10000990134043235,0.10000616461473541,11.099961558132248,0.10000018806061171,0.10000024382473686,0.10000469208201422,0.10000000001694685,0.10000000001707934,0.10000254433306423,0.10001470756711427
polysaccharide,0.10000000049786462,0.10002637815057056,0.10002268933033555,0.10000662152449939,0.10050744813236959,0.10007716383340402,11.099306334677875,0.10004739411501154,0.10000000034286753,0.1000059692597765
peptidyldiphthamide,0.10001851760681416,0.10000000006928116,0.10001412709776146,0.10000000008098994,0.10001117631772105,0.10000000011235262,0.10000000006427882,11.099925367625929,0.10003081088462754,0.10000000011967744
peptidylarginine,0.10000000036163557,0.10008797222602529,0.10002015080149648,0.10004500850248735,0.10002015043623247,0.1001310888798407,0.10000000024072145,11.099474888988228,0.10005341134639172,0.10016732813089589
0005779,0.10000000004050016,0.10000290122280586,0.10000340744662792,0.10000014508582082,0.10001293889677638,0.10000000004721733,11.099974276435766,0.10000623578711333,0.10000009497537389,0.10000000005024866
posttranscriptional,0.10347317576777712,0.10001218884406318,5.708120081712455,0.10000510371160934,0.10000024979406189,0.10001600990092621,0.1000002516393249,0.10000586290258233,0.10000220042681238,5.488364875280583
0070478,0.10000068462520315,0.10000168423336014,11.099970074024188,0.10001075253287493,0.10000000001015395,0.10000273799585539,0.10000000000954808,0.10000000000962106,0.10000135467005433,0.10001271187935476
arabinose,0.10000000014191368,0.10000000010204656,0.10002715474225667,0.10000120465868409,11.090834199534706,0.10000000016532899,0.10003901963364283,0.1000014002385618,0.1090970205846661,0.10000000017648594
reducing,0.1000000002102348,0.10007522749860781,0.1000109283530652,0.10003704846432607,0.10009494006602511,0.10000896354986791,4.7162789394978875,6.483448102354567,0.10003404191897255,0.10001180802119426
YLR464W,0.10000000001609367,11.09994442198021,0.1000000000126196,0.10000000001352627,0.10002847575578393,0.10000000001878205,0.10000450560370651,0.10000000001080492,0.10002259655138349,0.10000000001997078
reorganization,0.10000401583901257,11.099972648711194,0.10001239588885089,0.10000055216644317,0.10000201717096256,0.10000516755365631,0.10000000002138723,0.10000206057622338,0.10000000002210795,0.10000114203953211
0046654,0.10000000002317763,0.10000136272830237,0.10000040522707769,0.10000000001947819,0.1000000000164189,0.10000146966007452,0.1000064879141597,0.10000000001556236,11.099990274358758,0.10000000002875206
segments,0.10000000008562297,0.1000068232129391,0.10000000006709177,0.10000105362233457,4.462610797288124,0.10000000009977135,2.1454028283386104,4.691978497097855,0.10000000005888872,0.10000000010627018
kinetochores,0.10000000001193898,0.10000269590575263,0.10000045112012358,0.10000233045667802,0.10000000000845657,11.099993349651381,0.1000000000079554,0.10000000000801433,0.10000000000821804,0.10000117281662801
DEAD,0.10000825780389139,0.10000000003050487,0.10002180065494017,0.10000276479559576,0.10000000003003592,0.10001856446281804,0.10000166462821178,0.10000025036597103,11.099892283276153,0.10005441393119792
0006906,0.10000000002152558,0.10000038638361393,0.10000014069572442,0.1000000000180796,0.10000034280278647,0.10000000002508183,0.10000023668956334,11.099998856684707,0.10000003664552268,0.10000000002670245
junctions,0.10000646028147553,0.10004856516134364,0.10000715696765144,0.10001246304247291,1.1963252596829972,0.10002421387483969,10.003496340474024,0.10007954016954976,0.10000000010585419,0.10000000019091448
anion,0.10000000002679775,0.10000000001927893,0.10000278631727323,0.10000000002255602,0.10000098832624182,0.10000013858980239,0.1000194603360315,11.099976626299043,0.10000000001845433,0.10000000003323682
intermediates,0.10001026729443845,4.312928270818511,0.10000713933347677,0.10000707778044125,0.10001496778839684,0.10003006110984401,0.10038613081064834,5.538859216306613,1.4477490557966362,0.10000781285179285
cis,0.10000163357276401,0.1000000000726218,0.10000039958410029,2.110748307217908,1.0486982446848259,0.10018406270432606,0.10000021535249731,8.140366785885604,0.10000000006956306,0.10000035081497324
signals,0.10000000009074665,0.10003279265362569,0.10001244661617056,2.092912662442294,5.352457651837006,0.10003053523150167,0.10000253916204585,3.854537028294729,0.10000000006244295,0.1000143435752985
Similar,0.10000200510342788,0.10000593809524602,4.317022375852799,1.0999992030592587,4.417011346586737,0.10000197790252367,0.100023341181407,0.1000087180327335,1.5659230063405392,0.10000208780819356
0007266,0.10000000002249487,11.099988360502088,0.1000002361331569,0.1000000000188899,0.10000426419761467,0.10000000002619286,0.10000000001498725,0.10000713903276408,0.10000000001547385,0.10000000002789239
stabilizing,0.10000010758505284,0.10002151027335718,0.10004046795547615,0.10001817050447115,0.10003422552459523,2.96676643956929,7.0445180615072625,0.11827306619575743,1.2703131933286442,0.10001475750901713
ERAD,0.10000032535317893,0.12466013578989638,9.2266950835346,0.10000252877087035,1.9485746351073832,0.10000841989167701,0.1000009070335517,0.10005758416181791,0.10000038023420879,0.10000000009611265
0008177,0.10000012717779048,0.10000000001149345,0.10000004058851211,0.10000068082875709,0.10000095110011027,0.10000151758624462,11.099996682658514,0.10000000001074073,0.10000000001100166,0.10000000001982659
0031201,0.10000060749709909,0.10000038638774758,0.10000000002114698,0.10000000002266796,0.1000053323873298,0.10000000003147376,0.10000023669333111,11.099993400268641,0.10000003664930064,0.10000000003348956
0003724,0.10001546773337078,0.10000239825356057,6.096933908635311,0.10001121641611534,0.1000000000353439,0.10001024794952575,0.10000386317527177,0.1000013284297264,5.102979535635763,0.10004203371207226
SRP,0.10000341847212253,0.10000000001469701,11.099986946192306,0.10000035827295044,0.10000599934880482,0.10000000002383376,0.10000000001362189,0.10000327761419947,0.10000000001406842,0.10000000002538315
lacks,0.10000410838265072,0.10001288809881752,0.1000225762688245,0.10000735001476288,3.6036603015660345,0.10001813440481702,3.700168542088035,0.10054516143615648,3.9955479117724226,0.10001302592071636
0004298,0.10000000001769421,0.10000000001271178,11.099998176163838,0.10000016398939972,0.1000015384051337,0.10000000002061289,0.10000012133867624,0.10000000001188496,0.10000000001217169,0.10000000002196416
centromere,0.10000171982339609,0.10001504771313165,0.10000416610672544,0.10000000004244056,0.10000484690515007,11.099972027021295,0.10000000003368685,0.10000012125977753,0.10000000003475591,0.10000207105045922
0006537,0.10000008292924624,0.10000547618426729,0.10000021114774603,0.1000006869129008,0.10000000003350165,0.10000000005511533,9.875139170424804,0.10000000003172498,1.3248543722072021,0.10000000005863932
needed,5.0995799277037035,3.9495282243889873,2.248443913227135,0.10000110620435355,0.10001557037854565,0.10231397633868347,0.10007188722505614,0.10000000050347502,0.10004539283049686,0.10000000093122473
neddylation,0.10000000004319597,0.10000482442061903,11.099984437118884,0.10000235095108266,0.10000000003063701,0.10000543924704923,0.10000000002880338,0.10000000002900854,0.10000294806877656,0.10000000005360295
nascent,0.10003622210297602,0.10000284163966003,6.976217449348334,0.10013979131635817,0.10002755854662096,0.8316231719976553,1.1034633201653932,0.10000082127185066,0.1000067055394162,2.488482118010638
0005089,0.10000937881047209,11.099986125514114,0.1000000000174758,0.1000000000187713,0.100000000015808,0.100000710416446,0.10000000001486666,0.10000378514073831,0.10000000001534867,0.10000000002769323
CHCH,0.10000003181758364,0.10000106217988991,0.10000000002153311,0.10000000002312726,0.10001184156099968,0.10000085074648649,11.099985797453567,0.10000041613449372,0.10000000001893182,0.10000000003409974
VATPase,0.10000000010984751,0.10000051036203647,11.099847800820365,0.10000000009237857,0.10000871727966301,0.10005405423480365,0.10000000007322325,0.10008891678309954,0.10000000007562167,0.10000000013631734
0044805,0.10000000008747109,11.099876404069125,0.10002526564770549,0.10000000007347735,0.10000447679930528,0.10001107284292671,0.10000124907692104,0.10007868260734225,0.10000042130035133,0.10000242746526965
broad,0.10000189665918754,0.10000000015685473,0.10004201632695935,0.10012506203471179,0.100036042884433,0.10012127081854838,0.48007568871086637,3.091580294524919,7.728017727541204,0.10000000027051525
cellcycle,0.1000002716320398,11.099866256788282,0.10000850903668265,0.10000882132973575,0.10006828389500853,0.10003296327343528,0.10000087487674572,0.10000090273750882,0.1000000001556905,0.10001311624552114
rich,0.10001709446161478,0.10018539604572554,4.9732998195860265,0.10000373235824994,0.10040196492576527,0.10020666491608239,1.416205829578394,4.909610640298793,0.10002205860605604,0.10004679905133033
Ca2,0.10000000004844004,0.10001234417761168,0.10000237363679038,0.10000000004075081,1.0811309786735173,0.10000000005644943,0.10000000003229617,10.118854261461347,0.10000004179687398,0.10000000006013463
0006797,0.1000000000232341,0.10000024493023993,0.10000287734065592,0.10000024731275937,0.10000208560178409,0.10000045386362291,0.10000000001549537,11.099994090859784,0.10000000001600659,0.10000000002884522
mediumchain,0.10000000007893052,0.10000079255140167,0.10000024342041537,0.10000152170519644,0.10001778317575294,0.1000000000919442,9.435382692638353,1.7645882352931261,0.10000873092835572,0.10000000009791574
catalase,0.10000000005517136,0.10000369748886494,0.1000121345334279,0.10000000004640867,0.10000000003910367,0.10000000006426181,0.10002884739055735,11.09995532026005,0.10000000003801209,0.10000000006847339
0006825,0.10000000003159193,0.10000000002270347,0.10000039091749213,0.10000000002655007,0.10000072196078273,0.10000000003679252,0.10002253896505656,11.099976347966672,0.10000000002174496,0.10000000003917178
0035267,0.10000236873301954,0.10002045546878854,0.10000000002100932,0.10001576949825532,0.10000000001898156,0.10000476943573454,0.10000000001787183,0.10000292453893497,0.10000000001844617,11.099953712237225
0033290,11.099996078827091,0.10000052839051375,0.10000015521113018,0.10000003157322779,0.10000000000723808,0.10000094462296653,0.10000000000681578,0.1000002117284306,0.10000002233638276,0.10000202729134731
